{"type":"FeatureCollection", "features": [
{"type":"Feature","geometry":{"type":"Polygon","coordinates":[[[-79.3862324335568,43.6975123126509],[-79.3864819981191,43.6981831470605],[-79.3870343694924,43.7005149638083],[-79.3902004143376,43.7084163448496],[-79.3974398976865,43.7069385089684],[-79.3983697420404,43.7067405816954],[-79.3961113953825,43.6956752021976],[-79.3958885287503,43.695693955837],[-79.3957195349842,43.6957087170007],[-79.387648818045,43.6974063642844],[-79.3862324335568,43.6975123126509]]]},"properties":{"id":"174","type":"social_vulnerability","riskLevel":"medium","label":"South Eglinton-Davisville","sourceName":"City of Toronto Neighbourhood Profiles 2021","sourceUrl":"https://open.toronto.ca/dataset/neighbourhood-profiles/","lastUpdated":"2026-02-20","communityNeedIndex":0.3856,"socialVulnerabilityIndex":0.3856,"population":22735,"children":2190,"childrenShare":9.63,"olderAdults":3055,"olderAdultsShare":13.44,"lowIncomeRate":15.3,"unemploymentRate":10.6,"tenantShelterCostBurdenRate":45.7,"visibleMinorityPopulation":10445,"visibleMinorityShare":45.94,"immigrantPopulation":9360,"immigrantShare":41.17,"tsnsDesignation":"Not an NIA or Emerging Neighbourhood","isMock":false,"scoreName":"Community Need Index","scoreMethod":"Demo composite created by this project, not an official City of Toronto index. It averages normalized children share, older-adult share, low-income rate, unemployment rate, and tenant shelter cost burden rate."},"id":1},
{"type":"Feature","geometry":{"type":"Polygon","coordinates":[[[-79.3974398976865,43.7069385089684],[-79.3902004143376,43.7084163448496],[-79.3922037212016,43.7137944115962],[-79.3995664399327,43.7122969436951],[-79.3983697420404,43.7067405816954],[-79.3974398976865,43.7069385089684]]]},"properties":{"id":"173","type":"social_vulnerability","riskLevel":"medium","label":"North Toronto","sourceName":"City of Toronto Neighbourhood Profiles 2021","sourceUrl":"https://open.toronto.ca/dataset/neighbourhood-profiles/","lastUpdated":"2026-02-20","communityNeedIndex":0.4219,"socialVulnerabilityIndex":0.4219,"population":15885,"children":1315,"childrenShare":8.28,"olderAdults":1790,"olderAdultsShare":11.27,"lowIncomeRate":18.5,"unemploymentRate":13,"tenantShelterCostBurdenRate":46.7,"visibleMinorityPopulation":8160,"visibleMinorityShare":51.37,"immigrantPopulation":7135,"immigrantShare":44.92,"tsnsDesignation":"Not an NIA or Emerging Neighbourhood","isMock":false,"scoreName":"Community Need Index","scoreMethod":"Demo composite created by this project, not an official City of Toronto index. It averages normalized children share, older-adult share, low-income rate, unemployment rate, and tenant shelter cost burden rate."},"id":2},
{"type":"Feature","geometry":{"type":"Polygon","coordinates":[[[-79.4353691001102,43.6598923457481],[-79.4294412531958,43.661159345041],[-79.4220632190875,43.6627868831465],[-79.4209181842055,43.6630340655344],[-79.4184197906356,43.6635933372263],[-79.4194711366233,43.6661820489225],[-79.4196273617361,43.666581457322],[-79.4218563334843,43.6724270647154],[-79.433012283724,43.6702821709383],[-79.4392928262868,43.669015078274],[-79.4387032547793,43.6676693880374],[-79.4381883045259,43.6664368455202],[-79.4353691001102,43.6598923457481]]]},"properties":{"id":"172","type":"social_vulnerability","riskLevel":"medium","label":"Dovercourt Village","sourceName":"City of Toronto Neighbourhood Profiles 2021","sourceUrl":"https://open.toronto.ca/dataset/neighbourhood-profiles/","lastUpdated":"2026-02-20","communityNeedIndex":0.4052,"socialVulnerabilityIndex":0.4052,"population":12380,"children":1365,"childrenShare":11.03,"olderAdults":1975,"olderAdultsShare":15.95,"lowIncomeRate":10,"unemploymentRate":13.8,"tenantShelterCostBurdenRate":42.3,"visibleMinorityPopulation":3900,"visibleMinorityShare":31.5,"immigrantPopulation":4445,"immigrantShare":35.9,"tsnsDesignation":"Not an NIA or Emerging Neighbourhood","isMock":false,"scoreName":"Community Need Index","scoreMethod":"Demo composite created by this project, not an official City of Toronto index. It averages normalized children share, older-adult share, low-income rate, unemployment rate, and tenant shelter cost burden rate."},"id":3},
{"type":"Feature","geometry":{"type":"Polygon","coordinates":[[[-79.4387032547793,43.6676693880374],[-79.4392928262868,43.669015078274],[-79.433012283724,43.6702821709383],[-79.4346540483305,43.6742992255408],[-79.437655938634,43.6739143946232],[-79.4395288253901,43.6733310610674],[-79.44475438289,43.6721739120825],[-79.4513825276537,43.6710495793163],[-79.4499322524247,43.6690962490828],[-79.4490186370347,43.6672694832765],[-79.4513434329725,43.6671301027903],[-79.4600491411382,43.667234543151],[-79.4560227950167,43.6631390757932],[-79.4498738286936,43.6568839661766],[-79.4353691001102,43.6598923457481],[-79.4381883045259,43.6664368455202],[-79.4387032547793,43.6676693880374]]]},"properties":{"id":"171","type":"social_vulnerability","riskLevel":"medium","label":"Junction-Wallace Emerson","sourceName":"City of Toronto Neighbourhood Profiles 2021","sourceUrl":"https://open.toronto.ca/dataset/neighbourhood-profiles/","lastUpdated":"2026-02-20","communityNeedIndex":0.4072,"socialVulnerabilityIndex":0.4072,"population":23180,"children":3075,"childrenShare":13.27,"olderAdults":2905,"olderAdultsShare":12.53,"lowIncomeRate":11.2,"unemploymentRate":14,"tenantShelterCostBurdenRate":41.2,"visibleMinorityPopulation":8805,"visibleMinorityShare":37.99,"immigrantPopulation":9020,"immigrantShare":38.91,"tsnsDesignation":"Not an NIA or Emerging Neighbourhood","isMock":false,"scoreName":"Community Need Index","scoreMethod":"Demo composite created by this project, not an official City of Toronto index. It averages normalized children share, older-adult share, low-income rate, unemployment rate, and tenant shelter cost burden rate."},"id":4},
{"type":"Feature","geometry":{"type":"Polygon","coordinates":[[[-79.3850247330989,43.6447841891432],[-79.382474301023,43.6453008390479],[-79.3781869655653,43.646191474214],[-79.3769775493253,43.6468933753133],[-79.3831136167393,43.661380402838],[-79.39049784024,43.6598674232368],[-79.3866318703462,43.6508614282261],[-79.3875195693403,43.6506815031557],[-79.3850247330989,43.6447841891432]]]},"properties":{"id":"170","type":"social_vulnerability","riskLevel":"medium","label":"Yonge-Bay Corridor","sourceName":"City of Toronto Neighbourhood Profiles 2021","sourceUrl":"https://open.toronto.ca/dataset/neighbourhood-profiles/","lastUpdated":"2026-02-20","communityNeedIndex":0.4807,"socialVulnerabilityIndex":0.4807,"population":12645,"children":970,"childrenShare":7.67,"olderAdults":855,"olderAdultsShare":6.76,"lowIncomeRate":24.3,"unemploymentRate":13.3,"tenantShelterCostBurdenRate":55.9,"visibleMinorityPopulation":9050,"visibleMinorityShare":71.57,"immigrantPopulation":5630,"immigrantShare":44.52,"tsnsDesignation":"Not an NIA or Emerging Neighbourhood","isMock":false,"scoreName":"Community Need Index","scoreMethod":"Demo composite created by this project, not an official City of Toronto index. It averages normalized children share, older-adult share, low-income rate, unemployment rate, and tenant shelter cost burden rate."},"id":5},
{"type":"Feature","geometry":{"type":"Polygon","coordinates":[[[-79.39049784024,43.6598674232368],[-79.3831136167393,43.661380402838],[-79.3867913042411,43.6702349758664],[-79.3941446526455,43.6687288440405],[-79.3931539743805,43.6663810938908],[-79.3939006217053,43.6650211737345],[-79.3931092149231,43.662773675484],[-79.3921372225144,43.6612228655451],[-79.3908156318482,43.6604184572921],[-79.39049784024,43.6598674232368]]]},"properties":{"id":"169","type":"social_vulnerability","riskLevel":"high","label":"Bay-Cloverhill","sourceName":"City of Toronto Neighbourhood Profiles 2021","sourceUrl":"https://open.toronto.ca/dataset/neighbourhood-profiles/","lastUpdated":"2026-02-20","communityNeedIndex":0.5894,"socialVulnerabilityIndex":0.5894,"population":16670,"children":745,"childrenShare":4.47,"olderAdults":2115,"olderAdultsShare":12.69,"lowIncomeRate":29,"unemploymentRate":15,"tenantShelterCostBurdenRate":61.7,"visibleMinorityPopulation":10780,"visibleMinorityShare":64.67,"immigrantPopulation":6985,"immigrantShare":41.9,"tsnsDesignation":"Not an NIA or Emerging Neighbourhood","isMock":false,"scoreName":"Community Need Index","scoreMethod":"Demo composite created by this project, not an official City of Toronto index. It averages normalized children share, older-adult share, low-income rate, unemployment rate, and tenant shelter cost burden rate."},"id":6},
{"type":"Feature","geometry":{"type":"Polygon","coordinates":[[[-79.2650557024752,43.7515303051816],[-79.2454259747031,43.7555571344643],[-79.2456400342521,43.756880769317],[-79.2507658041953,43.7700607604275],[-79.2518753151994,43.7736580788019],[-79.254983057586,43.781231148157],[-79.2647958207618,43.7794067959208],[-79.27477966988,43.777291047901],[-79.2716536072515,43.769665953506],[-79.2708561179765,43.7666728715106],[-79.2650557024752,43.7515303051816]]]},"properties":{"id":"156","type":"social_vulnerability","riskLevel":"high","label":"Bendale-Glen Andrew","sourceName":"City of Toronto Neighbourhood Profiles 2021","sourceUrl":"https://open.toronto.ca/dataset/neighbourhood-profiles/","lastUpdated":"2026-02-20","communityNeedIndex":0.5115,"socialVulnerabilityIndex":0.5115,"population":18685,"children":2610,"childrenShare":13.97,"olderAdults":3410,"olderAdultsShare":18.25,"lowIncomeRate":17,"unemploymentRate":15,"tenantShelterCostBurdenRate":39.5,"visibleMinorityPopulation":14670,"visibleMinorityShare":78.51,"immigrantPopulation":10340,"immigrantShare":55.34,"tsnsDesignation":"Not an NIA or Emerging Neighbourhood","isMock":false,"scoreName":"Community Need Index","scoreMethod":"Demo composite created by this project, not an official City of Toronto index. It averages normalized children share, older-adult share, low-income rate, unemployment rate, and tenant shelter cost burden rate."},"id":7},
{"type":"Feature","geometry":{"type":"Polygon","coordinates":[[[-79.4627748030851,43.7503859054378],[-79.4643003221006,43.7501229627941],[-79.4655031069772,43.7504035212973],[-79.4688634960459,43.7534874159893],[-79.4699033238351,43.7541873314939],[-79.4729694490713,43.7553852200235],[-79.47429937251,43.7555431556311],[-79.475189202308,43.7554810826683],[-79.4815793833529,43.7539091694791],[-79.4822559099833,43.7534514301432],[-79.4828006735244,43.7527336501284],[-79.4828720042496,43.7508045589181],[-79.4827893161243,43.7482957933295],[-79.4827436026561,43.7471976486212],[-79.4829759096835,43.746387762865],[-79.4836316735527,43.7456791847159],[-79.4846019564675,43.745166529512],[-79.4970269234714,43.7425274081803],[-79.4968638648743,43.7421588849541],[-79.4970109846634,43.7414701779008],[-79.4964176447233,43.7408323167721],[-79.4961494625766,43.7400840814768],[-79.4946560331797,43.7390893329286],[-79.4946649768067,43.7384783028804],[-79.4942336893506,43.7378343166665],[-79.494554273821,43.7372412057367],[-79.4943955460018,43.7366731126059],[-79.4950492329661,43.7361175156522],[-79.4952131835903,43.7355422532976],[-79.4950180811887,43.7352749810595],[-79.4957025408413,43.7352918854418],[-79.4962064283421,43.7348888829943],[-79.4967779733567,43.7347757368873],[-79.4974599967783,43.7347348347237],[-79.4977845877349,43.7349857059932],[-79.498168378567,43.734557388747],[-79.4951207846768,43.7334085979572],[-79.4940886132288,43.7336631758807],[-79.492726923565,43.730615982839],[-79.491948914257,43.7288058168217],[-79.4917305562693,43.728312416208],[-79.4914408118609,43.7279427863261],[-79.4903826090326,43.7283074690686],[-79.4900185721536,43.7276330736153],[-79.4883206358924,43.7280020991033],[-79.4880595010292,43.727309651066],[-79.4862837032907,43.7277090348592],[-79.4854791954784,43.7258821602386],[-79.4820730076016,43.7266509768621],[-79.4813170995445,43.7227394912646],[-79.4725699520947,43.7248785020347],[-79.4578928574696,43.7280770491554],[-79.4589220132731,43.7321012103811],[-79.4528666531992,43.7333916936924],[-79.4532722111089,43.7340244855556],[-79.4527325257441,43.7343683172221],[-79.4555053995491,43.7369133390845],[-79.456505884722,43.7403141793637],[-79.458775793596,43.7398679931113],[-79.4596730695293,43.7420214859391],[-79.4528081270601,43.7435347346128],[-79.45490113879,43.7487102680794],[-79.4582343053124,43.7480057135477],[-79.4586793154328,43.7490037493373],[-79.459101442768,43.7500406602789],[-79.4595166063631,43.7510924999923],[-79.4627748030851,43.7503859054378]]]},"properties":{"id":"155","type":"social_vulnerability","riskLevel":"medium","label":"Downsview","sourceName":"City of Toronto Neighbourhood Profiles 2021","sourceUrl":"https://open.toronto.ca/dataset/neighbourhood-profiles/","lastUpdated":"2026-02-20","communityNeedIndex":0.4052,"socialVulnerabilityIndex":0.4052,"population":17970,"children":2555,"childrenShare":14.22,"olderAdults":2715,"olderAdultsShare":15.11,"lowIncomeRate":9.6,"unemploymentRate":14.5,"tenantShelterCostBurdenRate":36.3,"visibleMinorityPopulation":9960,"visibleMinorityShare":55.43,"immigrantPopulation":9530,"immigrantShare":53.03,"tsnsDesignation":"Neighbourhood Improvement Area (formerly Downsview-Roding-CFB)","isMock":false,"scoreName":"Community Need Index","scoreMethod":"Demo composite created by this project, not an official City of Toronto index. It averages normalized children share, older-adult share, low-income rate, unemployment rate, and tenant shelter cost burden rate."},"id":8},
{"type":"Feature","geometry":{"type":"Polygon","coordinates":[[[-79.498168378567,43.734557388747],[-79.4987306089505,43.7349066708756],[-79.5007110896231,43.7342069290941],[-79.5013600182113,43.7345711491988],[-79.5016833946456,43.7343499839535],[-79.5019801171671,43.7345730120522],[-79.5021248420476,43.734319102655],[-79.502569268263,43.7342500358985],[-79.5030627712391,43.7345623042144],[-79.5045487275512,43.7344031844936],[-79.5063130385321,43.734529396603],[-79.5115439302281,43.7329010706907],[-79.5132243053239,43.7393979206974],[-79.52628340207,43.7364101726844],[-79.5322544184236,43.7350563361662],[-79.5285126478044,43.7200550614028],[-79.5285854697329,43.7186095679782],[-79.5296630087976,43.7149132054065],[-79.5247153442326,43.7159186803787],[-79.5078334425404,43.7177637582895],[-79.501975825915,43.7184374305616],[-79.4924934172866,43.7201053939867],[-79.4813170995445,43.7227394912646],[-79.4820730076016,43.7266509768621],[-79.4854791954784,43.7258821602386],[-79.4862837032907,43.7277090348592],[-79.4880595010292,43.727309651066],[-79.4883206358924,43.7280020991033],[-79.4900185721536,43.7276330736153],[-79.4903826090326,43.7283074690686],[-79.4914408118609,43.7279427863261],[-79.4917305562693,43.728312416208],[-79.491948914257,43.7288058168217],[-79.492726923565,43.730615982839],[-79.4940886132288,43.7336631758807],[-79.4951207846768,43.7334085979572],[-79.498168378567,43.734557388747]]]},"properties":{"id":"154","type":"social_vulnerability","riskLevel":"high","label":"Oakdale-Beverley Heights","sourceName":"City of Toronto Neighbourhood Profiles 2021","sourceUrl":"https://open.toronto.ca/dataset/neighbourhood-profiles/","lastUpdated":"2026-02-20","communityNeedIndex":0.5011,"socialVulnerabilityIndex":0.5011,"population":21420,"children":3795,"childrenShare":17.72,"olderAdults":3150,"olderAdultsShare":14.71,"lowIncomeRate":14.4,"unemploymentRate":16.9,"tenantShelterCostBurdenRate":34.5,"visibleMinorityPopulation":14840,"visibleMinorityShare":69.28,"immigrantPopulation":11410,"immigrantShare":53.27,"tsnsDesignation":"Neighbourhood Improvement Area (formerly Downsview-Roding-CFB)","isMock":false,"scoreName":"Community Need Index","scoreMethod":"Demo composite created by this project, not an official City of Toronto index. It averages normalized children share, older-adult share, low-income rate, unemployment rate, and tenant shelter cost burden rate."},"id":9},
{"type":"Feature","geometry":{"type":"Polygon","coordinates":[[[-79.4083919546112,43.7536249528515],[-79.3992795575568,43.7593688245014],[-79.3969547822802,43.7606031559747],[-79.3932096663348,43.7619750451807],[-79.3871553420184,43.7633203327168],[-79.3880594559277,43.7665978770019],[-79.3970567859807,43.7645918256059],[-79.3987607831752,43.7642122192824],[-79.4028740880128,43.7633053552996],[-79.4039335933982,43.7630763247817],[-79.408267554114,43.7621103943146],[-79.4109412305554,43.7615174317739],[-79.410751972593,43.7607225420349],[-79.4105887010952,43.7600597832844],[-79.4095925206491,43.7563411293483],[-79.4083919546112,43.7536249528515]]]},"properties":{"id":"153","type":"social_vulnerability","riskLevel":"medium","label":"Avondale","sourceName":"City of Toronto Neighbourhood Profiles 2021","sourceUrl":"https://open.toronto.ca/dataset/neighbourhood-profiles/","lastUpdated":"2026-02-20","communityNeedIndex":0.4349,"socialVulnerabilityIndex":0.4349,"population":13790,"children":1545,"childrenShare":11.2,"olderAdults":1380,"olderAdultsShare":10.01,"lowIncomeRate":18.6,"unemploymentRate":11.4,"tenantShelterCostBurdenRate":49.9,"visibleMinorityPopulation":10170,"visibleMinorityShare":73.75,"immigrantPopulation":7930,"immigrantShare":57.51,"tsnsDesignation":"Not an NIA or Emerging Neighbourhood","isMock":false,"scoreName":"Community Need Index","scoreMethod":"Demo composite created by this project, not an official City of Toronto index. It averages normalized children share, older-adult share, low-income rate, unemployment rate, and tenant shelter cost burden rate."},"id":10},
{"type":"Feature","geometry":{"type":"Polygon","coordinates":[[[-79.408267554114,43.7621103943146],[-79.4039335933982,43.7630763247817],[-79.4028740880128,43.7633053552996],[-79.3987607831752,43.7642122192824],[-79.3970567859807,43.7645918256059],[-79.3880594559277,43.7665978770019],[-79.3891901141719,43.771661536361],[-79.389389338044,43.7725542131805],[-79.3895865119606,43.7734845661909],[-79.38978720368,43.774342121433],[-79.3921506738874,43.7850142046952],[-79.3963417934899,43.7839902046322],[-79.3976919820232,43.7837007830049],[-79.3992997983968,43.7833493126862],[-79.41231922554,43.7804843434495],[-79.411059304218,43.7774013006109],[-79.4105324108629,43.7761644987581],[-79.4099020908758,43.7746847712682],[-79.4124789127598,43.7741069995462],[-79.4120423917189,43.7724687390485],[-79.4115777111887,43.7713780871171],[-79.4112048384806,43.7705579978013],[-79.4108125118566,43.7697373886623],[-79.4093101037985,43.7661728654731],[-79.4086268164473,43.7649742645503],[-79.4083798758639,43.7643168726936],[-79.4086806569738,43.763782920009],[-79.408267554114,43.7621103943146]]]},"properties":{"id":"152","type":"social_vulnerability","riskLevel":"high","label":"East Willowdale","sourceName":"City of Toronto Neighbourhood Profiles 2021","sourceUrl":"https://open.toronto.ca/dataset/neighbourhood-profiles/","lastUpdated":"2026-02-20","communityNeedIndex":0.5039,"socialVulnerabilityIndex":0.5039,"population":15485,"children":2205,"childrenShare":14.24,"olderAdults":2750,"olderAdultsShare":17.76,"lowIncomeRate":16.9,"unemploymentRate":13.5,"tenantShelterCostBurdenRate":42.6,"visibleMinorityPopulation":12005,"visibleMinorityShare":77.53,"immigrantPopulation":9285,"immigrantShare":59.96,"tsnsDesignation":"Not an NIA or Emerging Neighbourhood","isMock":false,"scoreName":"Community Need Index","scoreMethod":"Demo composite created by this project, not an official City of Toronto index. It averages normalized children share, older-adult share, low-income rate, unemployment rate, and tenant shelter cost burden rate."},"id":11},
{"type":"Feature","geometry":{"type":"Polygon","coordinates":[[[-79.4109412305554,43.7615174317739],[-79.408267554114,43.7621103943146],[-79.4086806569738,43.763782920009],[-79.4083798758639,43.7643168726936],[-79.4086268164473,43.7649742645503],[-79.4093101037985,43.7661728654731],[-79.4108125118566,43.7697373886623],[-79.4112048384806,43.7705579978013],[-79.4115777111887,43.7713780871171],[-79.4120423917189,43.7724687390485],[-79.4124789127598,43.7741069995462],[-79.4099020908758,43.7746847712682],[-79.4105324108629,43.7761644987581],[-79.411059304218,43.7774013006109],[-79.41231922554,43.7804843434495],[-79.4155809526411,43.7797776873802],[-79.4122506966602,43.7666963834199],[-79.4109412305554,43.7615174317739]]]},"properties":{"id":"151","type":"social_vulnerability","riskLevel":"high","label":"Yonge-Doris","sourceName":"City of Toronto Neighbourhood Profiles 2021","sourceUrl":"https://open.toronto.ca/dataset/neighbourhood-profiles/","lastUpdated":"2026-02-20","communityNeedIndex":0.5596,"socialVulnerabilityIndex":0.5596,"population":20160,"children":2170,"childrenShare":10.76,"olderAdults":3290,"olderAdultsShare":16.32,"lowIncomeRate":22.5,"unemploymentRate":12.8,"tenantShelterCostBurdenRate":55.1,"visibleMinorityPopulation":16410,"visibleMinorityShare":81.4,"immigrantPopulation":12900,"immigrantShare":63.99,"tsnsDesignation":"Not an NIA or Emerging Neighbourhood","isMock":false,"scoreName":"Community Need Index","scoreMethod":"Demo composite created by this project, not an official City of Toronto index. It averages normalized children share, older-adult share, low-income rate, unemployment rate, and tenant shelter cost burden rate."},"id":12},
{"type":"Feature","geometry":{"type":"Polygon","coordinates":[[[-79.3175349463018,43.7630295426941],[-79.3197973695145,43.7683719102839],[-79.3288751922103,43.7682319058814],[-79.359667209633,43.7664940754735],[-79.3596670883605,43.766040748454],[-79.3593939591916,43.7657140755733],[-79.3577678486272,43.7648028364811],[-79.3564626558082,43.7648534208005],[-79.3548861115863,43.7645973899546],[-79.3542248500275,43.7636623787711],[-79.3536892088781,43.7636194520911],[-79.3528062961079,43.7638451115167],[-79.3515892783239,43.763518217095],[-79.3512784019468,43.7636261512166],[-79.3509028926833,43.7641134810597],[-79.3500935734943,43.7638274360354],[-79.3494289378634,43.7632953487271],[-79.3498530432888,43.7614313021659],[-79.3465071368591,43.761962716399],[-79.3451075607481,43.7631094424734],[-79.3430519377986,43.7632075511026],[-79.3417765133515,43.7634419022875],[-79.3417106389934,43.7634039248796],[-79.3408199773555,43.763322703957],[-79.3404878576185,43.7634072381236],[-79.3392984441649,43.7636575247303],[-79.3390697348902,43.7635866428444],[-79.3383230219884,43.7620249363989],[-79.3378276532115,43.7619793913627],[-79.3366021238902,43.7622954051163],[-79.3354617701292,43.7576165272789],[-79.334347902296,43.7545196507701],[-79.3337081580832,43.7519922653102],[-79.3301632092411,43.7525408692346],[-79.3284238579503,43.7530117261153],[-79.327847216793,43.7534101345429],[-79.3265733069054,43.7530164129604],[-79.3264448532097,43.7527728074853],[-79.3197283088321,43.7543252541192],[-79.3189831068966,43.7543539241545],[-79.3165942538925,43.7538630245502],[-79.3140220331793,43.7543497032981],[-79.3152486674284,43.7578780271022],[-79.3172432812954,43.7623884345139],[-79.3175349463018,43.7630295426941]]]},"properties":{"id":"150","type":"social_vulnerability","riskLevel":"medium","label":"Fenside-Parkwoods","sourceName":"City of Toronto Neighbourhood Profiles 2021","sourceUrl":"https://open.toronto.ca/dataset/neighbourhood-profiles/","lastUpdated":"2026-02-20","communityNeedIndex":0.4623,"socialVulnerabilityIndex":0.4623,"population":20510,"children":3020,"childrenShare":14.72,"olderAdults":3185,"olderAdultsShare":15.53,"lowIncomeRate":13.2,"unemploymentRate":15.7,"tenantShelterCostBurdenRate":36.7,"visibleMinorityPopulation":13735,"visibleMinorityShare":66.97,"immigrantPopulation":11035,"immigrantShare":53.8,"tsnsDesignation":"Not an NIA or Emerging Neighbourhood","isMock":false,"scoreName":"Community Need Index","scoreMethod":"Demo composite created by this project, not an official City of Toronto index. It averages normalized children share, older-adult share, low-income rate, unemployment rate, and tenant shelter cost burden rate."},"id":13},
{"type":"Feature","geometry":{"type":"Polygon","coordinates":[[[-79.3140220331793,43.7543497032981],[-79.3165942538925,43.7538630245502],[-79.3189831068966,43.7543539241545],[-79.3197283088321,43.7543252541192],[-79.3264448532097,43.7527728074853],[-79.3265733069054,43.7530164129604],[-79.327847216793,43.7534101345429],[-79.3284238579503,43.7530117261153],[-79.3301632092411,43.7525408692346],[-79.3337081580832,43.7519922653102],[-79.334347902296,43.7545196507701],[-79.3354617701292,43.7576165272789],[-79.3366021238902,43.7622954051163],[-79.3378276532115,43.7619793913627],[-79.3383230219884,43.7620249363989],[-79.3390697348902,43.7635866428444],[-79.3392984441649,43.7636575247303],[-79.3404878576185,43.7634072381236],[-79.3408199773555,43.763322703957],[-79.3417106389934,43.7634039248796],[-79.3417765133515,43.7634419022875],[-79.3430519377986,43.7632075511026],[-79.3451075607481,43.7631094424734],[-79.3465071368591,43.761962716399],[-79.3498530432888,43.7614313021659],[-79.3497594163783,43.7610125517458],[-79.3489199775763,43.7606480130382],[-79.3484229783571,43.7599704309225],[-79.3464844660762,43.7595118607632],[-79.3459843218553,43.7585012541699],[-79.3444994830474,43.7575487636438],[-79.3439052169443,43.756505659839],[-79.3436313700215,43.7552351091768],[-79.3451553394431,43.7546868952585],[-79.3455669340316,43.7543691075557],[-79.3456109856165,43.7536716378245],[-79.3453005646852,43.7528277150813],[-79.3464021157175,43.7515152501901],[-79.3453002987839,43.751050734259],[-79.3435114880502,43.7509786648753],[-79.3425292081348,43.7507455626782],[-79.3425912314153,43.7497745442317],[-79.3421881492625,43.7490323693595],[-79.3424522889903,43.7482339763149],[-79.3422196989935,43.7475251520092],[-79.3405487822594,43.7469562609129],[-79.3394269948787,43.7467836955324],[-79.339202582246,43.7465416611004],[-79.3402613564028,43.7448215923589],[-79.34006332729,43.7443856473712],[-79.3389787571115,43.7434871357549],[-79.3382859422284,43.7434698657138],[-79.3373801331982,43.7438395386457],[-79.3365523464436,43.7435653956972],[-79.3362426648259,43.7430076872951],[-79.3366649421797,43.7422921372303],[-79.3356354486096,43.7408447050732],[-79.3351140367743,43.7406808610168],[-79.3340117545133,43.7407448042031],[-79.3332177704646,43.7409712988519],[-79.3327617613719,43.7414253285275],[-79.3312634891572,43.7415506282661],[-79.3309092987121,43.7414645393619],[-79.3305375956104,43.7410197791158],[-79.3308134691325,43.740254769096],[-79.3305579496382,43.7397984693536],[-79.3247091257228,43.7407989745244],[-79.3137275447679,43.7415469523176],[-79.3097969788187,43.7421526435632],[-79.3124371876258,43.7497451873989],[-79.312756287181,43.7506908549809],[-79.3140220331793,43.7543497032981]]]},"properties":{"id":"149","type":"social_vulnerability","riskLevel":"high","label":"Parkwoods-O'Connor Hills","sourceName":"City of Toronto Neighbourhood Profiles 2021","sourceUrl":"https://open.toronto.ca/dataset/neighbourhood-profiles/","lastUpdated":"2026-02-20","communityNeedIndex":0.5081,"socialVulnerabilityIndex":0.5081,"population":13965,"children":2285,"childrenShare":16.36,"olderAdults":2420,"olderAdultsShare":17.33,"lowIncomeRate":10.7,"unemploymentRate":16.3,"tenantShelterCostBurdenRate":41.8,"visibleMinorityPopulation":7085,"visibleMinorityShare":50.73,"immigrantPopulation":6090,"immigrantShare":43.61,"tsnsDesignation":"Not an NIA or Emerging Neighbourhood","isMock":false,"scoreName":"Community Need Index","scoreMethod":"Demo composite created by this project, not an official City of Toronto index. It averages normalized children share, older-adult share, low-income rate, unemployment rate, and tenant shelter cost burden rate."},"id":14},
{"type":"Feature","geometry":{"type":"Polygon","coordinates":[[[-79.2916089159235,43.8024740637707],[-79.2966019804448,43.8012768453006],[-79.2968909990144,43.8014933861968],[-79.297842544869,43.8030882635929],[-79.3010155579459,43.8100938259575],[-79.3090337593735,43.8082848248867],[-79.3093990116731,43.8083601709884],[-79.3093500193541,43.808210779138],[-79.3206802831831,43.8056992112808],[-79.318331592957,43.8006560719249],[-79.3166180673324,43.7986281636073],[-79.3109559762151,43.7854864779072],[-79.3092261156253,43.7859066484632],[-79.3084375493161,43.7862743763417],[-79.3080647790159,43.7867778057818],[-79.3076475510923,43.7885502852274],[-79.3069012568053,43.7892781098478],[-79.2981108384067,43.7915222601616],[-79.2963850876093,43.7939224933617],[-79.2955681983175,43.7945871191508],[-79.2934545729467,43.7951594096343],[-79.291353886011,43.7953266423046],[-79.288577003025,43.79607766949],[-79.2908850768238,43.8013295908518],[-79.2916089159235,43.8024740637707]]]},"properties":{"id":"148","type":"social_vulnerability","riskLevel":"high","label":"East L'Amoreaux","sourceName":"City of Toronto Neighbourhood Profiles 2021","sourceUrl":"https://open.toronto.ca/dataset/neighbourhood-profiles/","lastUpdated":"2026-02-20","communityNeedIndex":0.5014,"socialVulnerabilityIndex":0.5014,"population":21495,"children":2915,"childrenShare":13.56,"olderAdults":4365,"olderAdultsShare":20.31,"lowIncomeRate":13.5,"unemploymentRate":17.9,"tenantShelterCostBurdenRate":32.6,"visibleMinorityPopulation":18540,"visibleMinorityShare":86.25,"immigrantPopulation":13740,"immigrantShare":63.92,"tsnsDesignation":"Emerging Neighbourhood","isMock":false,"scoreName":"Community Need Index","scoreMethod":"Demo composite created by this project, not an official City of Toronto index. It averages normalized children share, older-adult share, low-income rate, unemployment rate, and tenant shelter cost burden rate."},"id":15},
{"type":"Feature","geometry":{"type":"Polygon","coordinates":[[[-79.3230203352094,43.7752532275258],[-79.317767366517,43.7765233906989],[-79.3201682129285,43.7816847563158],[-79.3190932313673,43.7820521171359],[-79.3170491490743,43.7836960648392],[-79.3160351074253,43.7842436062988],[-79.3109559762151,43.7854864779072],[-79.3166180673324,43.7986281636073],[-79.318331592957,43.8006560719249],[-79.3206802831831,43.8056992112808],[-79.3355388150378,43.8023378665384],[-79.3230203352094,43.7752532275258]]]},"properties":{"id":"147","type":"social_vulnerability","riskLevel":"high","label":"L'Amoreaux West","sourceName":"City of Toronto Neighbourhood Profiles 2021","sourceUrl":"https://open.toronto.ca/dataset/neighbourhood-profiles/","lastUpdated":"2026-02-20","communityNeedIndex":0.5245,"socialVulnerabilityIndex":0.5245,"population":21545,"children":2725,"childrenShare":12.65,"olderAdults":5335,"olderAdultsShare":24.76,"lowIncomeRate":15.8,"unemploymentRate":15.8,"tenantShelterCostBurdenRate":34.4,"visibleMinorityPopulation":15400,"visibleMinorityShare":71.48,"immigrantPopulation":13440,"immigrantShare":62.38,"tsnsDesignation":"Emerging Neighbourhood","isMock":false,"scoreName":"Community Need Index","scoreMethod":"Demo composite created by this project, not an official City of Toronto index. It averages normalized children share, older-adult share, low-income rate, unemployment rate, and tenant shelter cost burden rate."},"id":16},
{"type":"Feature","geometry":{"type":"Polygon","coordinates":[[[-79.2352947111484,43.7856066917567],[-79.2294825115471,43.7874722702419],[-79.2255242226899,43.7892576780405],[-79.2205622551489,43.7920251597096],[-79.2159713502107,43.7936258916931],[-79.2134046011359,43.7941531169669],[-79.1970132460641,43.7965305217723],[-79.198645766108,43.7992708109271],[-79.2000248902749,43.8025779305653],[-79.2003466515384,43.804032455174],[-79.2041860923852,43.8119003523622],[-79.2047499891436,43.8123968716222],[-79.215079583645,43.8187767839737],[-79.217670457875,43.8198483126935],[-79.2227553392014,43.8126688406932],[-79.224544705094,43.8106223106886],[-79.2201460674744,43.8083167558274],[-79.2174858442027,43.8049803045323],[-79.2172133519393,43.8042974539772],[-79.2172108474363,43.8034504339454],[-79.2183759929026,43.8004489895613],[-79.2176690565032,43.7981310131249],[-79.227545987238,43.7961567353547],[-79.2294450562914,43.7957921826074],[-79.2321845513953,43.7952225171526],[-79.2349347642989,43.7946708135079],[-79.2387561822461,43.7938784309451],[-79.2352947111484,43.7856066917567]]]},"properties":{"id":"146","type":"social_vulnerability","riskLevel":"medium","label":"Malvern East","sourceName":"City of Toronto Neighbourhood Profiles 2021","sourceUrl":"https://open.toronto.ca/dataset/neighbourhood-profiles/","lastUpdated":"2026-02-20","communityNeedIndex":0.4596,"socialVulnerabilityIndex":0.4596,"population":26095,"children":3915,"childrenShare":15,"olderAdults":4525,"olderAdultsShare":17.34,"lowIncomeRate":11.7,"unemploymentRate":16.2,"tenantShelterCostBurdenRate":33.9,"visibleMinorityPopulation":23285,"visibleMinorityShare":89.23,"immigrantPopulation":15745,"immigrantShare":60.34,"tsnsDesignation":"Emerging Neighbourhood","isMock":false,"scoreName":"Community Need Index","scoreMethod":"Demo composite created by this project, not an official City of Toronto index. It averages normalized children share, older-adult share, low-income rate, unemployment rate, and tenant shelter cost burden rate."},"id":17},
{"type":"Feature","geometry":{"type":"Polygon","coordinates":[[[-79.217670457875,43.8198483126935],[-79.2175635062539,43.8199991953486],[-79.2183660530439,43.8200387733908],[-79.2210754096701,43.8197069134523],[-79.22097288854,43.8192236916877],[-79.2209365678564,43.8184911573116],[-79.2211988561564,43.8178017914955],[-79.2222338761622,43.8171950181539],[-79.2276037659788,43.8162744751914],[-79.2280905666245,43.8161766137346],[-79.2430795868591,43.8129797080149],[-79.2428293817979,43.8118990131002],[-79.2429144630351,43.8108910809479],[-79.2438449317182,43.8082108498004],[-79.2439815142689,43.8069599924843],[-79.2421306586952,43.8024806204468],[-79.2407557593051,43.7977714715282],[-79.2394869707129,43.7947982051037],[-79.2387561822461,43.7938784309451],[-79.2349347642989,43.7946708135079],[-79.2321845513953,43.7952225171526],[-79.2294450562914,43.7957921826074],[-79.227545987238,43.7961567353547],[-79.2176690565032,43.7981310131249],[-79.2183759929026,43.8004489895613],[-79.2172108474363,43.8034504339454],[-79.2172133519393,43.8042974539772],[-79.2174858442027,43.8049803045323],[-79.2201460674744,43.8083167558274],[-79.224544705094,43.8106223106886],[-79.2227553392014,43.8126688406932],[-79.217670457875,43.8198483126935]]]},"properties":{"id":"145","type":"social_vulnerability","riskLevel":"medium","label":"Malvern West","sourceName":"City of Toronto Neighbourhood Profiles 2021","sourceUrl":"https://open.toronto.ca/dataset/neighbourhood-profiles/","lastUpdated":"2026-02-20","communityNeedIndex":0.4475,"socialVulnerabilityIndex":0.4475,"population":17320,"children":2830,"childrenShare":16.34,"olderAdults":2520,"olderAdultsShare":14.55,"lowIncomeRate":9.7,"unemploymentRate":17.5,"tenantShelterCostBurdenRate":32.7,"visibleMinorityPopulation":15920,"visibleMinorityShare":91.92,"immigrantPopulation":10465,"immigrantShare":60.42,"tsnsDesignation":"Emerging Neighbourhood","isMock":false,"scoreName":"Community Need Index","scoreMethod":"Demo composite created by this project, not an official City of Toronto index. It averages normalized children share, older-adult share, low-income rate, unemployment rate, and tenant shelter cost burden rate."},"id":18},
{"type":"Feature","geometry":{"type":"Polygon","coordinates":[[[-79.151746026783,43.8139932884794],[-79.152799168503,43.8167298734348],[-79.1702947003826,43.8554658136817],[-79.2045009590788,43.8472623115731],[-79.229739100935,43.8416626257478],[-79.2511923557333,43.8366076077952],[-79.2507200260484,43.8305577785148],[-79.2430795868591,43.8129797080149],[-79.2280905666245,43.8161766137346],[-79.2276037659788,43.8162744751914],[-79.2222338761622,43.8171950181539],[-79.2211988561564,43.8178017914955],[-79.2209365678564,43.8184911573116],[-79.22097288854,43.8192236916877],[-79.2210754096701,43.8197069134523],[-79.2183660530439,43.8200387733908],[-79.2175635062539,43.8199991953486],[-79.217670457875,43.8198483126935],[-79.215079583645,43.8187767839737],[-79.2047499891436,43.8123968716222],[-79.2041860923852,43.8119003523622],[-79.2003466515384,43.804032455174],[-79.2000248902749,43.8025779305653],[-79.198645766108,43.7992708109271],[-79.1970132460641,43.7965305217723],[-79.1874141346023,43.7979405039529],[-79.1883188018738,43.8000408298088],[-79.1885920298573,43.8006751544865],[-79.1901571699667,43.8041719588802],[-79.1674350690842,43.809140251193],[-79.1662002044704,43.8090553077911],[-79.1657416738067,43.8095301448566],[-79.1643932342933,43.8098514564485],[-79.1629290926696,43.8099551703919],[-79.162262879597,43.8103132656615],[-79.156441027598,43.8116731707069],[-79.1557478408124,43.8117703316652],[-79.1511962910668,43.8128001811737],[-79.151746026783,43.8139932884794]]]},"properties":{"id":"144","type":"social_vulnerability","riskLevel":"medium","label":"Morningside Heights","sourceName":"City of Toronto Neighbourhood Profiles 2021","sourceUrl":"https://open.toronto.ca/dataset/neighbourhood-profiles/","lastUpdated":"2026-02-20","communityNeedIndex":0.3709,"socialVulnerabilityIndex":0.3709,"population":24940,"children":4080,"childrenShare":16.36,"olderAdults":3705,"olderAdultsShare":14.86,"lowIncomeRate":5.7,"unemploymentRate":15,"tenantShelterCostBurdenRate":30.8,"visibleMinorityPopulation":24050,"visibleMinorityShare":96.43,"immigrantPopulation":15130,"immigrantShare":60.67,"tsnsDesignation":"Not an NIA or Emerging Neighbourhood","isMock":false,"scoreName":"Community Need Index","scoreMethod":"Demo composite created by this project, not an official City of Toronto index. It averages normalized children share, older-adult share, low-income rate, unemployment rate, and tenant shelter cost burden rate."},"id":19},
{"type":"Feature","geometry":{"type":"Polygon","coordinates":[[[-79.1341437400133,43.7739834868881],[-79.1340902255752,43.7747760028222],[-79.1337332350813,43.7751323753539],[-79.1340579392256,43.775493344578],[-79.1338773742602,43.7757670052843],[-79.1330202485285,43.7765172929942],[-79.1327194521472,43.7764923566769],[-79.1327496103879,43.7767162039389],[-79.1321342590284,43.7774917723868],[-79.1308976965988,43.7784875158737],[-79.1291552631883,43.7804670620332],[-79.1286465921586,43.7807875609589],[-79.1282143264372,43.7807602772767],[-79.1272417249706,43.7820791083753],[-79.1266930438766,43.7822068614683],[-79.1268835765483,43.7824461489785],[-79.1267750079597,43.7827371623981],[-79.1261095036579,43.7835359089952],[-79.1255077752496,43.7839711511151],[-79.1251344057732,43.7839711686258],[-79.1251149832984,43.7837769422554],[-79.1245936244637,43.7842704104181],[-79.1248695420032,43.7841550034554],[-79.1249415419732,43.784381213189],[-79.1246350628494,43.7849687290465],[-79.1242049917122,43.7851697066248],[-79.1241101853138,43.7849668152305],[-79.1237594866201,43.7854141250914],[-79.1239896170296,43.7854231811148],[-79.1240003447107,43.7855808175725],[-79.1237542449504,43.7860358531949],[-79.1234958867798,43.7862044570703],[-79.1232867841345,43.7860813799134],[-79.1228424522421,43.7864773501991],[-79.1231015820656,43.7866056165952],[-79.1227935686193,43.787234986632],[-79.1224813501591,43.787411889933],[-79.1221970630161,43.7872670585248],[-79.1216913070196,43.7877249386085],[-79.1220156177018,43.7878221346277],[-79.1219481317661,43.7881404981812],[-79.1215007159573,43.7886118109199],[-79.1211782872457,43.7884994252375],[-79.1207498402625,43.7889819682527],[-79.1209617052273,43.7889478188755],[-79.1210433908327,43.7891578703091],[-79.120836050682,43.7896317397671],[-79.1204066676543,43.7899363984884],[-79.1202082594524,43.7897933325208],[-79.1197923619337,43.7903632066599],[-79.1200888931141,43.7902300938491],[-79.1204329838005,43.7905786983261],[-79.1199430228816,43.7914431952981],[-79.1170208167371,43.7942629183978],[-79.1152767726473,43.7946149638958],[-79.1159424620021,43.7948188554813],[-79.1174411348653,43.7943523848805],[-79.1193244016545,43.7948058305775],[-79.1210065060071,43.7947492230825],[-79.1212342729491,43.7952108721751],[-79.1202757085572,43.7956270534037],[-79.120309345973,43.7961630826394],[-79.1211771832162,43.797030709711],[-79.1219354394694,43.7974116184829],[-79.1234773491456,43.7971871711321],[-79.1242283856389,43.7974359138885],[-79.124229836418,43.7990188462341],[-79.1251817433954,43.8001349785747],[-79.1276862751536,43.8002949868528],[-79.1298664638903,43.8014553000409],[-79.1310302322392,43.8017906010538],[-79.1321659318287,43.8016433044505],[-79.1352592957809,43.8006804678039],[-79.1354084448642,43.801088145348],[-79.1341837527727,43.8022302084589],[-79.1336746262972,43.8029713233432],[-79.1343939208199,43.8044372974326],[-79.133912042942,43.8062149504056],[-79.1341023950524,43.8068653585292],[-79.1358956470568,43.8080452531486],[-79.1362636464045,43.8080824203794],[-79.1370534712535,43.8077203948002],[-79.1376146038957,43.8078706851006],[-79.1378859130778,43.8075115100514],[-79.1381663724994,43.8075033973908],[-79.1384133813548,43.8079677174021],[-79.1389491850992,43.8080009159026],[-79.1393311954704,43.8083621573106],[-79.1406431013996,43.8084562916664],[-79.1407013481626,43.8087895061397],[-79.1412463012482,43.80892172578],[-79.1419758123107,43.8096500335349],[-79.1424676929294,43.8094544482226],[-79.1431542258937,43.8096388665465],[-79.1428799738307,43.8100868772721],[-79.1431413449508,43.8107314342512],[-79.1434318304693,43.8106282973044],[-79.1436413032205,43.8100708827813],[-79.1460989662771,43.8100753330787],[-79.146407594171,43.8104899061709],[-79.1461358537976,43.8105936313224],[-79.1461315077483,43.8108455854459],[-79.1466753864488,43.8113507539339],[-79.1482296623332,43.8123282437291],[-79.1494758538043,43.8124880527532],[-79.1512352653737,43.8138905227602],[-79.151746026783,43.8139932884794],[-79.1511962910668,43.8128001811737],[-79.1557478408124,43.8117703316652],[-79.156441027598,43.8116731707069],[-79.162262879597,43.8103132656615],[-79.1629290926696,43.8099551703919],[-79.1643932342933,43.8098514564485],[-79.1657416738067,43.8095301448566],[-79.1662002044704,43.8090553077911],[-79.1674350690842,43.809140251193],[-79.1901571699667,43.8041719588802],[-79.1885920298573,43.8006751544865],[-79.1883188018738,43.8000408298088],[-79.1874141346023,43.7979405039529],[-79.173408795655,43.7999460266904],[-79.169523558695,43.8000838541839],[-79.1658744681619,43.7995183520023],[-79.1554436434094,43.7959916694059],[-79.153501790294,43.7956577532854],[-79.1514563353752,43.7955975900356],[-79.1462265881329,43.7989333509323],[-79.1449979120131,43.7979715696349],[-79.1447911818185,43.798073261131],[-79.1449581777315,43.7979366752063],[-79.1435350567769,43.7960352491431],[-79.1351475830888,43.7759460401885],[-79.1341437400133,43.7739834868881]]]},"properties":{"id":"143","type":"social_vulnerability","riskLevel":"medium","label":"West Rouge","sourceName":"City of Toronto Neighbourhood Profiles 2021","sourceUrl":"https://open.toronto.ca/dataset/neighbourhood-profiles/","lastUpdated":"2026-02-20","communityNeedIndex":0.4042,"socialVulnerabilityIndex":0.4042,"population":20670,"children":3010,"childrenShare":14.56,"olderAdults":4295,"olderAdultsShare":20.78,"lowIncomeRate":6.2,"unemploymentRate":14.5,"tenantShelterCostBurdenRate":32.3,"visibleMinorityPopulation":13870,"visibleMinorityShare":67.1,"immigrantPopulation":9470,"immigrantShare":45.82,"tsnsDesignation":"Not an NIA or Emerging Neighbourhood","isMock":false,"scoreName":"Community Need Index","scoreMethod":"Demo composite created by this project, not an official City of Toronto index. It averages normalized children share, older-adult share, low-income rate, unemployment rate, and tenant shelter cost burden rate."},"id":20},
{"type":"Feature","geometry":{"type":"Polygon","coordinates":[[[-79.2222204077211,43.7785655056308],[-79.2111734707361,43.7811895117732],[-79.2122642572564,43.7822104369866],[-79.2132681452476,43.7826264097617],[-79.213620783404,43.7837221849892],[-79.2138413970613,43.7837977884101],[-79.2146153450859,43.7836796845322],[-79.2146804289266,43.7830644835958],[-79.2148671689112,43.7829999072385],[-79.215452894731,43.7832565500155],[-79.2160631517445,43.783843717633],[-79.2174556805721,43.7842288805658],[-79.2177412136784,43.7833390844205],[-79.2188178867672,43.782681935922],[-79.2192623471187,43.782634773549],[-79.2195777069874,43.783284656865],[-79.2202122265984,43.7837636684984],[-79.2201595987975,43.784551851],[-79.2204301794459,43.7852038179518],[-79.2214346603253,43.7856893532704],[-79.222671482368,43.7856779684389],[-79.2229731357421,43.7870256398553],[-79.2221356705387,43.787487246147],[-79.2219236798097,43.7877548565662],[-79.2220201480915,43.7880120385837],[-79.2232976260873,43.7885625248733],[-79.2245577064111,43.7884315415967],[-79.2255242226899,43.7892576780405],[-79.2294825115471,43.7874722702419],[-79.2352947111484,43.7856066917567],[-79.2437339206103,43.7834494848722],[-79.254983057586,43.781231148157],[-79.2518753151994,43.7736580788019],[-79.2507658041953,43.7700607604275],[-79.2456400342521,43.756880769317],[-79.2454259747031,43.7555571344643],[-79.24323407463,43.7560117159845],[-79.2253275365584,43.7598312639264],[-79.2317600291516,43.7764448644608],[-79.2222204077211,43.7785655056308]]]},"properties":{"id":"142","type":"social_vulnerability","riskLevel":"medium","label":"Woburn North","sourceName":"City of Toronto Neighbourhood Profiles 2021","sourceUrl":"https://open.toronto.ca/dataset/neighbourhood-profiles/","lastUpdated":"2026-02-20","communityNeedIndex":0.465,"socialVulnerabilityIndex":0.465,"population":26580,"children":4010,"childrenShare":15.09,"olderAdults":4140,"olderAdultsShare":15.58,"lowIncomeRate":15.5,"unemploymentRate":16,"tenantShelterCostBurdenRate":32.1,"visibleMinorityPopulation":21790,"visibleMinorityShare":81.98,"immigrantPopulation":15385,"immigrantShare":57.88,"tsnsDesignation":"Neighbourhood Improvement Area (formerly Woburn)","isMock":false,"scoreName":"Community Need Index","scoreMethod":"Demo composite created by this project, not an official City of Toronto index. It averages normalized children share, older-adult share, low-income rate, unemployment rate, and tenant shelter cost burden rate."},"id":21},
{"type":"Feature","geometry":{"type":"Polygon","coordinates":[[[-79.2020623241366,43.7648773122946],[-79.205631745782,43.764058380758],[-79.2087513225743,43.7714594488929],[-79.2101342502081,43.7711762335137],[-79.2127799468233,43.7711454672169],[-79.2186874100655,43.769819859345],[-79.2222204077211,43.7785655056308],[-79.2317600291516,43.7764448644608],[-79.2253275365584,43.7598312639264],[-79.24323407463,43.7560117159845],[-79.2430077126532,43.7556491880882],[-79.2425056936482,43.7557471610136],[-79.2401139732217,43.7551212151074],[-79.2382403714066,43.7541413094151],[-79.2380185162775,43.7535085750779],[-79.2375868308678,43.753401649222],[-79.2358021892153,43.7533300200107],[-79.2345213892495,43.7530275924764],[-79.2338390621974,43.7531506085428],[-79.2288954921534,43.7414843923641],[-79.2258157969665,43.7436605140752],[-79.2218152423751,43.7471684748238],[-79.2202737423308,43.7482171424263],[-79.2180645182475,43.7491705322847],[-79.2133213722248,43.7504052830777],[-79.2112835341213,43.7511404840884],[-79.2069869558978,43.7529597282595],[-79.2034145707102,43.7538775825667],[-79.2039810177856,43.7554758899123],[-79.2027675025329,43.7558688465441],[-79.2034169027366,43.7571667145442],[-79.2038431632204,43.7574098790957],[-79.2028111965883,43.7584745526911],[-79.2024115442033,43.7603793061454],[-79.2017390069911,43.760993981393],[-79.2018109027565,43.7615465447277],[-79.2026868886176,43.762406207088],[-79.2026457601507,43.7626809332772],[-79.201611800157,43.763124643116],[-79.2013379756921,43.7636698135882],[-79.2020623241366,43.7648773122946]]]},"properties":{"id":"141","type":"social_vulnerability","riskLevel":"high","label":"Golfdale-Cedarbrae-Woburn","sourceName":"City of Toronto Neighbourhood Profiles 2021","sourceUrl":"https://open.toronto.ca/dataset/neighbourhood-profiles/","lastUpdated":"2026-02-20","communityNeedIndex":0.5013,"socialVulnerabilityIndex":0.5013,"population":27085,"children":4940,"childrenShare":18.24,"olderAdults":4200,"olderAdultsShare":15.51,"lowIncomeRate":16,"unemploymentRate":16.7,"tenantShelterCostBurdenRate":30.5,"visibleMinorityPopulation":21655,"visibleMinorityShare":79.95,"immigrantPopulation":14295,"immigrantShare":52.78,"tsnsDesignation":"Neighbourhood Improvement Area (formerly Woburn)","isMock":false,"scoreName":"Community Need Index","scoreMethod":"Demo composite created by this project, not an official City of Toronto index. It averages normalized children share, older-adult share, low-income rate, unemployment rate, and tenant shelter cost burden rate."},"id":22},
{"type":"Feature","geometry":{"type":"Polygon","coordinates":[[[-79.1707678780771,43.7556357640428],[-79.172253147178,43.7569560790132],[-79.1730522300642,43.7569673324093],[-79.1742947555107,43.7577179604213],[-79.174800573491,43.7577193923823],[-79.1772127988622,43.7590136063571],[-79.2034145707102,43.7538775825667],[-79.2069869558978,43.7529597282595],[-79.2112835341213,43.7511404840884],[-79.2111004583647,43.7499851498836],[-79.2078946846277,43.7425330764726],[-79.208333411931,43.7421471452716],[-79.208862008492,43.7406542904753],[-79.2083458329365,43.7394017973267],[-79.2082778250796,43.7375833138921],[-79.2076092718957,43.7360693741234],[-79.2058866867613,43.7377032216263],[-79.2047118574564,43.7350133915615],[-79.202379637841,43.7357408695144],[-79.197547452604,43.7391532570458],[-79.1958460012351,43.7412397430797],[-79.1952209624435,43.7414020442227],[-79.1940775059015,43.7425736111724],[-79.189495993748,43.7459917886415],[-79.1895228282221,43.746183595787],[-79.1885172954156,43.7469614985364],[-79.1876944700564,43.7473769903279],[-79.188230214512,43.7469591409245],[-79.1880392515473,43.7468464018012],[-79.186138287947,43.7477602116065],[-79.1855879638342,43.7483071151939],[-79.1806125143774,43.7509251539637],[-79.1805890324159,43.7512801501832],[-79.1800330893411,43.7513348339817],[-79.178673729907,43.7523942422523],[-79.1782831316417,43.7522999988235],[-79.1778817769492,43.7526415803397],[-79.1773088745801,43.7526882472623],[-79.1756385884633,43.753833465978],[-79.1707678780771,43.7556357640428]]]},"properties":{"id":"140","type":"social_vulnerability","riskLevel":"medium","label":"Guildwood","sourceName":"City of Toronto Neighbourhood Profiles 2021","sourceUrl":"https://open.toronto.ca/dataset/neighbourhood-profiles/","lastUpdated":"2026-02-20","communityNeedIndex":0.4885,"socialVulnerabilityIndex":0.4885,"population":9680,"children":1325,"childrenShare":13.69,"olderAdults":2570,"olderAdultsShare":26.55,"lowIncomeRate":5.8,"unemploymentRate":13.5,"tenantShelterCostBurdenRate":44.7,"visibleMinorityPopulation":3660,"visibleMinorityShare":37.81,"immigrantPopulation":3335,"immigrantShare":34.45,"tsnsDesignation":"Not an NIA or Emerging Neighbourhood","isMock":false,"scoreName":"Community Need Index","scoreMethod":"Demo composite created by this project, not an official City of Toronto index. It averages normalized children share, older-adult share, low-income rate, unemployment rate, and tenant shelter cost burden rate."},"id":23},
{"type":"Feature","geometry":{"type":"Polygon","coordinates":[[[-79.2047118574564,43.7350133915615],[-79.2058866867613,43.7377032216263],[-79.2076092718957,43.7360693741234],[-79.2082778250796,43.7375833138921],[-79.2083458329365,43.7394017973267],[-79.208862008492,43.7406542904753],[-79.208333411931,43.7421471452716],[-79.2078946846277,43.7425330764726],[-79.2111004583647,43.7499851498836],[-79.2112835341213,43.7511404840884],[-79.2133213722248,43.7504052830777],[-79.2180645182475,43.7491705322847],[-79.2202737423308,43.7482171424263],[-79.2218152423751,43.7471684748238],[-79.2258157969665,43.7436605140752],[-79.2288954921534,43.7414843923641],[-79.2286760220513,43.7410264736324],[-79.228248979135,43.7407374204054],[-79.2245723031361,43.7320695256292],[-79.2253903808991,43.7313063447009],[-79.2247622042922,43.7309144685699],[-79.2246611114834,43.7304161143439],[-79.2239773570083,43.7299661588508],[-79.222797515104,43.7297273364846],[-79.2209504153865,43.7290344546446],[-79.220073687517,43.7285074400245],[-79.2182048135353,43.7279251216624],[-79.2144084693642,43.7273866241045],[-79.2139725618726,43.7267727215446],[-79.2130994533154,43.7273609337619],[-79.2132880599991,43.7274105441894],[-79.2125272049198,43.7286170043222],[-79.2119617262282,43.7291884461735],[-79.2114226660908,43.7293534291001],[-79.21120678925,43.7298789692458],[-79.2098158639152,43.7304537043888],[-79.2101623665781,43.7309417574623],[-79.209952227277,43.7313063953317],[-79.2093436590962,43.7316626392958],[-79.2089008794926,43.7316391259534],[-79.2089892880897,43.7319283081355],[-79.2087224273648,43.732291809911],[-79.2077974923039,43.732633520534],[-79.2079756587675,43.732920754522],[-79.2078033142852,43.7331928444488],[-79.2073785252419,43.7334441161757],[-79.2068478769288,43.7333858869274],[-79.2068655315191,43.7336807220164],[-79.2064302708145,43.734193773503],[-79.2060822221509,43.7343440091696],[-79.2057629105933,43.7342456234435],[-79.2056177114024,43.7346244170465],[-79.2047118574564,43.7350133915615]]]},"properties":{"id":"139","type":"social_vulnerability","riskLevel":"high","label":"Scarborough Village","sourceName":"City of Toronto Neighbourhood Profiles 2021","sourceUrl":"https://open.toronto.ca/dataset/neighbourhood-profiles/","lastUpdated":"2026-02-20","communityNeedIndex":0.5067,"socialVulnerabilityIndex":0.5067,"population":16520,"children":3110,"childrenShare":18.83,"olderAdults":2270,"olderAdultsShare":13.74,"lowIncomeRate":17.1,"unemploymentRate":17.8,"tenantShelterCostBurdenRate":28.3,"visibleMinorityPopulation":12825,"visibleMinorityShare":77.63,"immigrantPopulation":9110,"immigrantShare":55.15,"tsnsDesignation":"Neighbourhood Improvement Area","isMock":false,"scoreName":"Community Need Index","scoreMethod":"Demo composite created by this project, not an official City of Toronto index. It averages normalized children share, older-adult share, low-income rate, unemployment rate, and tenant shelter cost burden rate."},"id":24},
{"type":"Feature","geometry":{"type":"Polygon","coordinates":[[[-79.2288954921534,43.7414843923641],[-79.2338390621974,43.7531506085428],[-79.2345213892495,43.7530275924764],[-79.2358021892153,43.7533300200107],[-79.2375868308678,43.753401649222],[-79.2382400462165,43.752654806499],[-79.2375906271482,43.7522060744985],[-79.2379967851325,43.7520653632588],[-79.2382652385703,43.7515842619908],[-79.2380327446933,43.7511917080921],[-79.2385598437627,43.7497466292844],[-79.2385265575882,43.7489784173877],[-79.2391987390675,43.7488769791652],[-79.2395644189652,43.748512301631],[-79.2400752809858,43.747216066861],[-79.2402281993999,43.7459561286063],[-79.2416653376662,43.7451346316746],[-79.2424645795543,43.7453446877585],[-79.2440720617546,43.7453497567931],[-79.2442776897164,43.7456750437184],[-79.2446050402975,43.7457838971508],[-79.2460541270554,43.7456305414429],[-79.2468724734146,43.7452779972382],[-79.2475749335089,43.7445968177675],[-79.2480493365054,43.7447388412562],[-79.2485848168563,43.7445332804076],[-79.2496170691527,43.7435051332987],[-79.2497356449736,43.7433874949931],[-79.2510011080025,43.7430035396229],[-79.2506421106723,43.7421746094663],[-79.2544220803523,43.7417056928601],[-79.2555242413407,43.7418160702217],[-79.2559961982247,43.742348168763],[-79.2577135219264,43.7421177996249],[-79.2602718403122,43.7426992440354],[-79.2614697347605,43.7425487113257],[-79.2617358633583,43.7431433376283],[-79.2659514557641,43.7422157499211],[-79.2665391399112,43.7420822579952],[-79.2666585412838,43.7420530583409],[-79.2629738550076,43.7334214071067],[-79.2480877897894,43.7367050616836],[-79.2454946140756,43.7306124983589],[-79.2426252908536,43.7328797303596],[-79.2288954921534,43.7414843923641]]]},"properties":{"id":"138","type":"social_vulnerability","riskLevel":"medium","label":"Eglinton East","sourceName":"City of Toronto Neighbourhood Profiles 2021","sourceUrl":"https://open.toronto.ca/dataset/neighbourhood-profiles/","lastUpdated":"2026-02-20","communityNeedIndex":0.4858,"socialVulnerabilityIndex":0.4858,"population":22535,"children":3780,"childrenShare":16.77,"olderAdults":3555,"olderAdultsShare":15.78,"lowIncomeRate":13.9,"unemploymentRate":17.1,"tenantShelterCostBurdenRate":32,"visibleMinorityPopulation":18350,"visibleMinorityShare":81.43,"immigrantPopulation":13275,"immigrantShare":58.91,"tsnsDesignation":"Neighbourhood Improvement Area","isMock":false,"scoreName":"Community Need Index","scoreMethod":"Demo composite created by this project, not an official City of Toronto index. It averages normalized children share, older-adult share, low-income rate, unemployment rate, and tenant shelter cost burden rate."},"id":25},
{"type":"Feature","geometry":{"type":"Polygon","coordinates":[[[-79.1752681843256,43.7802189724674],[-79.1764032407214,43.7808181847969],[-79.1775762203952,43.7806343838096],[-79.1799596179306,43.7808813048641],[-79.1811672689811,43.7812220713928],[-79.1815576273963,43.7811475225367],[-79.1825854932191,43.780319926251],[-79.1832594937869,43.7802218469866],[-79.1843450233661,43.780488017655],[-79.1852829804054,43.7810937889053],[-79.185687948122,43.781122707488],[-79.1861787606438,43.7807954787826],[-79.1864690467363,43.7797661840285],[-79.186899988341,43.7792869548682],[-79.1872774855762,43.7791735664394],[-79.1894676402226,43.7792605752888],[-79.1906159979728,43.7788583857944],[-79.1915325265993,43.7784997809296],[-79.1928079133172,43.7783141923985],[-79.1930106657718,43.7779430077707],[-79.1926879199548,43.7772518955635],[-79.1931785941361,43.7768142266863],[-79.1938640868513,43.7768190089599],[-79.194620013773,43.7772200433671],[-79.195020047942,43.7771519646563],[-79.1951020785005,43.7758188600798],[-79.1955318585836,43.775404863034],[-79.195892907666,43.7754699217464],[-79.1963442634855,43.7760094806327],[-79.1968644787649,43.7762456756502],[-79.1980031481847,43.7761773649189],[-79.1987545044783,43.7756685306694],[-79.1985577878041,43.7745252522537],[-79.1995836611636,43.7733736530617],[-79.199468838504,43.7725562435051],[-79.1987467663904,43.7714294942383],[-79.1994716915533,43.770733821089],[-79.2011304468951,43.7676597974129],[-79.2032948962497,43.7669209952215],[-79.2034668131338,43.7666088126528],[-79.2030133256121,43.765961296975],[-79.2024450944825,43.7656051727556],[-79.2020623241366,43.7648773122946],[-79.2013379756921,43.7636698135882],[-79.201611800157,43.763124643116],[-79.2026457601507,43.7626809332772],[-79.2026868886176,43.762406207088],[-79.2018109027565,43.7615465447277],[-79.2017390069911,43.760993981393],[-79.2024115442033,43.7603793061454],[-79.2028111965883,43.7584745526911],[-79.2038431632204,43.7574098790957],[-79.2034169027366,43.7571667145442],[-79.2027675025329,43.7558688465441],[-79.2039810177856,43.7554758899123],[-79.2034145707102,43.7538775825667],[-79.1772127988622,43.7590136063571],[-79.174800573491,43.7577193923823],[-79.1742947555107,43.7577179604213],[-79.1730522300642,43.7569673324093],[-79.172253147178,43.7569560790132],[-79.1707678780771,43.7556357640428],[-79.16728364367,43.7568430855601],[-79.1633523339157,43.7575427223991],[-79.1589786308334,43.7587025925651],[-79.1557256515266,43.7591275611431],[-79.1529664473853,43.759197464715],[-79.1515188886617,43.7601627402099],[-79.1470031107291,43.7652470411444],[-79.146411862067,43.7657480377615],[-79.1451153873978,43.7663808794637],[-79.1450551535613,43.7672159648695],[-79.1455739036885,43.7686376614411],[-79.1452314191898,43.7693251976647],[-79.1459486395025,43.770137581204],[-79.1464204131301,43.7702425453509],[-79.1471004737328,43.7699115413789],[-79.1483875062101,43.7707390696052],[-79.1495800116649,43.7709361581574],[-79.1503957511132,43.7705650801727],[-79.1509594161062,43.7706252841881],[-79.1521230784539,43.7723346600917],[-79.1530610857988,43.771963782791],[-79.154266430874,43.7722959598745],[-79.1560811059013,43.7736156133532],[-79.1589693709995,43.7761606686165],[-79.1606723737589,43.7769532036947],[-79.1626147505921,43.7771332345652],[-79.1629493451877,43.7772898959614],[-79.1633325161822,43.7790494013815],[-79.1639656038787,43.7789728281415],[-79.164866748856,43.7781522190144],[-79.165609769682,43.7778589695766],[-79.1658850314513,43.7780892945396],[-79.1656887154258,43.7795758277529],[-79.1674711175782,43.7801216188028],[-79.167851143571,43.7800324326099],[-79.1680184862337,43.7797829571547],[-79.1681020457248,43.7789047053759],[-79.1696284693437,43.7784215621302],[-79.1699223352227,43.7785252677207],[-79.169800811131,43.77942419439],[-79.1699573641288,43.7796913330606],[-79.1706266521346,43.7800696834228],[-79.171231079082,43.7800363189304],[-79.1721619852446,43.7794330353399],[-79.1732954740802,43.7796614720345],[-79.1744394255939,43.7794447119296],[-79.1752681843256,43.7802189724674]]]},"properties":{"id":"136","type":"social_vulnerability","riskLevel":"medium","label":"West Hill","sourceName":"City of Toronto Neighbourhood Profiles 2021","sourceUrl":"https://open.toronto.ca/dataset/neighbourhood-profiles/","lastUpdated":"2026-02-20","communityNeedIndex":0.4716,"socialVulnerabilityIndex":0.4716,"population":28140,"children":4470,"childrenShare":15.88,"olderAdults":4545,"olderAdultsShare":16.15,"lowIncomeRate":15.2,"unemploymentRate":16.9,"tenantShelterCostBurdenRate":29,"visibleMinorityPopulation":19885,"visibleMinorityShare":70.66,"immigrantPopulation":13870,"immigrantShare":49.29,"tsnsDesignation":"Neighbourhood Improvement Area","isMock":false,"scoreName":"Community Need Index","scoreMethod":"Demo composite created by this project, not an official City of Toronto index. It averages normalized children share, older-adult share, low-income rate, unemployment rate, and tenant shelter cost burden rate."},"id":26},
{"type":"Feature","geometry":{"type":"Polygon","coordinates":[[[-79.1906159979728,43.7788583857944],[-79.1935183279934,43.7856571573115],[-79.1937702901592,43.7879971036656],[-79.1958788643031,43.7928198448367],[-79.1970132460641,43.7965305217723],[-79.2134046011359,43.7941531169669],[-79.2159713502107,43.7936258916931],[-79.2205622551489,43.7920251597096],[-79.2255242226899,43.7892576780405],[-79.2245577064111,43.7884315415967],[-79.2232976260873,43.7885625248733],[-79.2220201480915,43.7880120385837],[-79.2219236798097,43.7877548565662],[-79.2221356705387,43.787487246147],[-79.2229731357421,43.7870256398553],[-79.222671482368,43.7856779684389],[-79.2214346603253,43.7856893532704],[-79.2204301794459,43.7852038179518],[-79.2201595987975,43.784551851],[-79.2202122265984,43.7837636684984],[-79.2195777069874,43.783284656865],[-79.2192623471187,43.782634773549],[-79.2188178867672,43.782681935922],[-79.2177412136784,43.7833390844205],[-79.2174556805721,43.7842288805658],[-79.2160631517445,43.783843717633],[-79.215452894731,43.7832565500155],[-79.2148671689112,43.7829999072385],[-79.2146804289266,43.7830644835958],[-79.2146153450859,43.7836796845322],[-79.2138413970613,43.7837977884101],[-79.213620783404,43.7837221849892],[-79.2132681452476,43.7826264097617],[-79.2122642572564,43.7822104369866],[-79.2111734707361,43.7811895117732],[-79.2222204077211,43.7785655056308],[-79.2186874100655,43.769819859345],[-79.2127799468233,43.7711454672169],[-79.2101342502081,43.7711762335137],[-79.2087513225743,43.7714594488929],[-79.205631745782,43.764058380758],[-79.2020623241366,43.7648773122946],[-79.2024450944825,43.7656051727556],[-79.2030133256121,43.765961296975],[-79.2034668131338,43.7666088126528],[-79.2032948962497,43.7669209952215],[-79.2011304468951,43.7676597974129],[-79.1994716915533,43.770733821089],[-79.1987467663904,43.7714294942383],[-79.199468838504,43.7725562435051],[-79.1995836611636,43.7733736530617],[-79.1985577878041,43.7745252522537],[-79.1987545044783,43.7756685306694],[-79.1980031481847,43.7761773649189],[-79.1968644787649,43.7762456756502],[-79.1963442634855,43.7760094806327],[-79.195892907666,43.7754699217464],[-79.1955318585836,43.775404863034],[-79.1951020785005,43.7758188600798],[-79.195020047942,43.7771519646563],[-79.194620013773,43.7772200433671],[-79.1938640868513,43.7768190089599],[-79.1931785941361,43.7768142266863],[-79.1926879199548,43.7772518955635],[-79.1930106657718,43.7779430077707],[-79.1928079133172,43.7783141923985],[-79.1915325265993,43.7784997809296],[-79.1906159979728,43.7788583857944]]]},"properties":{"id":"135","type":"social_vulnerability","riskLevel":"medium","label":"Morningside","sourceName":"City of Toronto Neighbourhood Profiles 2021","sourceUrl":"https://open.toronto.ca/dataset/neighbourhood-profiles/","lastUpdated":"2026-02-20","communityNeedIndex":0.4566,"socialVulnerabilityIndex":0.4566,"population":17660,"children":2920,"childrenShare":16.53,"olderAdults":2885,"olderAdultsShare":16.34,"lowIncomeRate":12.4,"unemploymentRate":15.7,"tenantShelterCostBurdenRate":32.3,"visibleMinorityPopulation":14245,"visibleMinorityShare":80.66,"immigrantPopulation":9870,"immigrantShare":55.89,"tsnsDesignation":"Neighbourhood Improvement Area","isMock":false,"scoreName":"Community Need Index","scoreMethod":"Demo composite created by this project, not an official City of Toronto index. It averages normalized children share, older-adult share, low-income rate, unemployment rate, and tenant shelter cost burden rate."},"id":27},
{"type":"Feature","geometry":{"type":"Polygon","coordinates":[[[-79.1514563353752,43.7955975900356],[-79.153501790294,43.7956577532854],[-79.1554436434094,43.7959916694059],[-79.1658744681619,43.7995183520023],[-79.169523558695,43.8000838541839],[-79.173408795655,43.7999460266904],[-79.1874141346023,43.7979405039529],[-79.1970132460641,43.7965305217723],[-79.1958788643031,43.7928198448367],[-79.1937702901592,43.7879971036656],[-79.1935183279934,43.7856571573115],[-79.1906159979728,43.7788583857944],[-79.1894676402226,43.7792605752888],[-79.1872774855762,43.7791735664394],[-79.186899988341,43.7792869548682],[-79.1864690467363,43.7797661840285],[-79.1861787606438,43.7807954787826],[-79.185687948122,43.781122707488],[-79.1852829804054,43.7810937889053],[-79.1843450233661,43.780488017655],[-79.1832594937869,43.7802218469866],[-79.1825854932191,43.780319926251],[-79.1815576273963,43.7811475225367],[-79.1811672689811,43.7812220713928],[-79.1799596179306,43.7808813048641],[-79.1775762203952,43.7806343838096],[-79.1764032407214,43.7808181847969],[-79.1752681843256,43.7802189724674],[-79.1752499152877,43.7802317657631],[-79.1740389764032,43.781105066298],[-79.168750025692,43.7845515922342],[-79.1681067124727,43.7849713581925],[-79.1514563353752,43.7955975900356]]]},"properties":{"id":"134","type":"social_vulnerability","riskLevel":"medium","label":"Highland Creek","sourceName":"City of Toronto Neighbourhood Profiles 2021","sourceUrl":"https://open.toronto.ca/dataset/neighbourhood-profiles/","lastUpdated":"2026-02-20","communityNeedIndex":0.3949,"socialVulnerabilityIndex":0.3949,"population":12625,"children":1485,"childrenShare":11.76,"olderAdults":2875,"olderAdultsShare":22.77,"lowIncomeRate":6.4,"unemploymentRate":15,"tenantShelterCostBurdenRate":31.1,"visibleMinorityPopulation":9920,"visibleMinorityShare":78.57,"immigrantPopulation":7230,"immigrantShare":57.27,"tsnsDesignation":"Not an NIA or Emerging Neighbourhood","isMock":false,"scoreName":"Community Need Index","scoreMethod":"Demo composite created by this project, not an official City of Toronto index. It averages normalized children share, older-adult share, low-income rate, unemployment rate, and tenant shelter cost burden rate."},"id":28},
{"type":"Feature","geometry":{"type":"Polygon","coordinates":[[[-79.1341437400133,43.7739834868881],[-79.1351475830888,43.7759460401885],[-79.1435350567769,43.7960352491431],[-79.1449581777315,43.7979366752063],[-79.1447911818185,43.798073261131],[-79.1449979120131,43.7979715696349],[-79.1462265881329,43.7989333509323],[-79.1514563353752,43.7955975900356],[-79.1681067124727,43.7849713581925],[-79.168750025692,43.7845515922342],[-79.1740389764032,43.781105066298],[-79.1752499152877,43.7802317657631],[-79.1752681843256,43.7802189724674],[-79.1744394255939,43.7794447119296],[-79.1732954740802,43.7796614720345],[-79.1721619852446,43.7794330353399],[-79.171231079082,43.7800363189304],[-79.1706266521346,43.7800696834228],[-79.1699573641288,43.7796913330606],[-79.169800811131,43.77942419439],[-79.1699223352227,43.7785252677207],[-79.1696284693437,43.7784215621302],[-79.1681020457248,43.7789047053759],[-79.1680184862337,43.7797829571547],[-79.167851143571,43.7800324326099],[-79.1674711175782,43.7801216188028],[-79.1656887154258,43.7795758277529],[-79.1658850314513,43.7780892945396],[-79.165609769682,43.7778589695766],[-79.164866748856,43.7781522190144],[-79.1639656038787,43.7789728281415],[-79.1633325161822,43.7790494013815],[-79.1629493451877,43.7772898959614],[-79.1626147505921,43.7771332345652],[-79.1606723737589,43.7769532036947],[-79.1589693709995,43.7761606686165],[-79.1560811059013,43.7736156133532],[-79.154266430874,43.7722959598745],[-79.1530610857988,43.771963782791],[-79.1521230784539,43.7723346600917],[-79.1509594161062,43.7706252841881],[-79.1503957511132,43.7705650801727],[-79.1495800116649,43.7709361581574],[-79.1483875062101,43.7707390696052],[-79.1471004737328,43.7699115413789],[-79.1464204131301,43.7702425453509],[-79.1459486395025,43.770137581204],[-79.1452314191898,43.7693251976647],[-79.1455739036885,43.7686376614411],[-79.1450551535613,43.7672159648695],[-79.1451153873978,43.7663808794637],[-79.1420038963414,43.768913546793],[-79.1410012821612,43.7690969874511],[-79.1407408677469,43.7689507461492],[-79.1408976704764,43.768689179252],[-79.1402968826042,43.7691677278776],[-79.1406035701372,43.7692010419973],[-79.1400525291689,43.7699891329953],[-79.1387925278968,43.7705121680007],[-79.1386760011331,43.7704012740091],[-79.1389394374801,43.7701153563558],[-79.1387947503289,43.7701099209615],[-79.1382038547047,43.7706751169458],[-79.1384288512423,43.7706264038217],[-79.1386015945765,43.7708203492187],[-79.138320001481,43.7713090131678],[-79.1376408463801,43.7716152332238],[-79.1373425931293,43.771530602976],[-79.1373950870813,43.7713270652672],[-79.136941711849,43.7717813901019],[-79.1371376353108,43.7717550000759],[-79.1372437506003,43.7719732637862],[-79.1367887494173,43.7726583019293],[-79.1362016815145,43.7729067115202],[-79.1359802135593,43.7726955417684],[-79.1355931160287,43.7731002875702],[-79.1359131507301,43.7732399705181],[-79.1354096575898,43.7739856326239],[-79.1348658633309,43.7741765749124],[-79.1345814558136,43.77389378624],[-79.1341437400133,43.7739834868881]]]},"properties":{"id":"133","type":"social_vulnerability","riskLevel":"medium","label":"Centennial Scarborough","sourceName":"City of Toronto Neighbourhood Profiles 2021","sourceUrl":"https://open.toronto.ca/dataset/neighbourhood-profiles/","lastUpdated":"2026-02-20","communityNeedIndex":0.4027,"socialVulnerabilityIndex":0.4027,"population":13380,"children":2145,"childrenShare":16.03,"olderAdults":2735,"olderAdultsShare":20.44,"lowIncomeRate":4.4,"unemploymentRate":11.6,"tenantShelterCostBurdenRate":40.6,"visibleMinorityPopulation":6500,"visibleMinorityShare":48.58,"immigrantPopulation":4920,"immigrantShare":36.77,"tsnsDesignation":"Not an NIA or Emerging Neighbourhood","isMock":false,"scoreName":"Community Need Index","scoreMethod":"Demo composite created by this project, not an official City of Toronto index. It averages normalized children share, older-adult share, low-income rate, unemployment rate, and tenant shelter cost burden rate."},"id":29},
{"type":"Feature","geometry":{"type":"Polygon","coordinates":[[[-79.2430795868591,43.8129797080149],[-79.2507200260484,43.8305577785148],[-79.2511923557333,43.8366076077952],[-79.3070698633977,43.8236985461745],[-79.3010155579459,43.8100938259575],[-79.297842544869,43.8030882635929],[-79.2968909990144,43.8014933861968],[-79.2966019804448,43.8012768453006],[-79.2916089159235,43.8024740637707],[-79.2862968605433,43.8037604435345],[-79.2868246028064,43.8047695443466],[-79.2886337513981,43.8067531322947],[-79.2912724564255,43.8125029841436],[-79.2757553319067,43.8160555253868],[-79.2616549853384,43.8190153981084],[-79.2577023765287,43.8098967400782],[-79.2430795868591,43.8129797080149]]]},"properties":{"id":"130","type":"social_vulnerability","riskLevel":"high","label":"Milliken","sourceName":"City of Toronto Neighbourhood Profiles 2021","sourceUrl":"https://open.toronto.ca/dataset/neighbourhood-profiles/","lastUpdated":"2026-02-20","communityNeedIndex":0.5515,"socialVulnerabilityIndex":0.5515,"population":23980,"children":3225,"childrenShare":13.45,"olderAdults":5555,"olderAdultsShare":23.17,"lowIncomeRate":14.6,"unemploymentRate":19,"tenantShelterCostBurdenRate":33.3,"visibleMinorityPopulation":22790,"visibleMinorityShare":95.04,"immigrantPopulation":16300,"immigrantShare":67.97,"tsnsDesignation":"Not an NIA or Emerging Neighbourhood","isMock":false,"scoreName":"Community Need Index","scoreMethod":"Demo composite created by this project, not an official City of Toronto index. It averages normalized children share, older-adult share, low-income rate, unemployment rate, and tenant shelter cost burden rate."},"id":30},
{"type":"Feature","geometry":{"type":"Polygon","coordinates":[[[-79.2430795868591,43.8129797080149],[-79.2577023765287,43.8098967400782],[-79.2616549853384,43.8190153981084],[-79.2757553319067,43.8160555253868],[-79.2912724564255,43.8125029841436],[-79.2886337513981,43.8067531322947],[-79.2868246028064,43.8047695443466],[-79.2862968605433,43.8037604435345],[-79.2834396879337,43.7970680407077],[-79.2785202646046,43.7980840399513],[-79.2743272288956,43.7981839138246],[-79.2733694559195,43.7984160660862],[-79.2693128841836,43.7890775734353],[-79.2446362738216,43.8014499835506],[-79.2421306586952,43.8024806204468],[-79.2439815142689,43.8069599924843],[-79.2438449317182,43.8082108498004],[-79.2429144630351,43.8108910809479],[-79.2428293817979,43.8118990131002],[-79.2430795868591,43.8129797080149]]]},"properties":{"id":"129","type":"social_vulnerability","riskLevel":"high","label":"Agincourt North","sourceName":"City of Toronto Neighbourhood Profiles 2021","sourceUrl":"https://open.toronto.ca/dataset/neighbourhood-profiles/","lastUpdated":"2026-02-20","communityNeedIndex":0.5083,"socialVulnerabilityIndex":0.5083,"population":27540,"children":3400,"childrenShare":12.35,"olderAdults":6430,"olderAdultsShare":23.35,"lowIncomeRate":12.4,"unemploymentRate":17.3,"tenantShelterCostBurdenRate":35,"visibleMinorityPopulation":25390,"visibleMinorityShare":92.19,"immigrantPopulation":18665,"immigrantShare":67.77,"tsnsDesignation":"Not an NIA or Emerging Neighbourhood","isMock":false,"scoreName":"Community Need Index","scoreMethod":"Demo composite created by this project, not an official City of Toronto index. It averages normalized children share, older-adult share, low-income rate, unemployment rate, and tenant shelter cost burden rate."},"id":31},
{"type":"Feature","geometry":{"type":"Polygon","coordinates":[[[-79.2421306586952,43.8024806204468],[-79.2446362738216,43.8014499835506],[-79.2693128841836,43.7890775734353],[-79.2733694559195,43.7984160660862],[-79.2743272288956,43.7981839138246],[-79.2785202646046,43.7980840399513],[-79.2834396879337,43.7970680407077],[-79.2862968605433,43.8037604435345],[-79.2916089159235,43.8024740637707],[-79.2908850768238,43.8013295908518],[-79.288577003025,43.79607766949],[-79.2869037021621,43.7921591141055],[-79.2917107579273,43.7911058143048],[-79.2899241732189,43.7868900105244],[-79.2896737741217,43.7863134767264],[-79.2874313123729,43.7817428652933],[-79.2846177942929,43.7750167671866],[-79.27477966988,43.777291047901],[-79.2647958207618,43.7794067959208],[-79.254983057586,43.781231148157],[-79.2437339206103,43.7834494848722],[-79.2352947111484,43.7856066917567],[-79.2387561822461,43.7938784309451],[-79.2394869707129,43.7947982051037],[-79.2407557593051,43.7977714715282],[-79.2421306586952,43.8024806204468]]]},"properties":{"id":"128","type":"social_vulnerability","riskLevel":"medium","label":"Agincourt South-Malvern West","sourceName":"City of Toronto Neighbourhood Profiles 2021","sourceUrl":"https://open.toronto.ca/dataset/neighbourhood-profiles/","lastUpdated":"2026-02-20","communityNeedIndex":0.4633,"socialVulnerabilityIndex":0.4633,"population":24170,"children":3005,"childrenShare":12.43,"olderAdults":4480,"olderAdultsShare":18.54,"lowIncomeRate":13,"unemploymentRate":14.4,"tenantShelterCostBurdenRate":40.6,"visibleMinorityPopulation":21045,"visibleMinorityShare":87.07,"immigrantPopulation":14890,"immigrantShare":61.61,"tsnsDesignation":"Not an NIA or Emerging Neighbourhood","isMock":false,"scoreName":"Community Need Index","scoreMethod":"Demo composite created by this project, not an official City of Toronto index. It averages normalized children share, older-adult share, low-income rate, unemployment rate, and tenant shelter cost burden rate."},"id":32},
{"type":"Feature","geometry":{"type":"Polygon","coordinates":[[[-79.2815788826199,43.7394603458867],[-79.270968074112,43.7441387151702],[-79.2684188691347,43.7457625004089],[-79.2682842826406,43.7458481087461],[-79.2640067154634,43.748591655582],[-79.2650557024752,43.7515303051816],[-79.2708561179765,43.7666728715106],[-79.2716536072515,43.769665953506],[-79.27477966988,43.777291047901],[-79.2846177942929,43.7750167671866],[-79.2944282559849,43.7727354586208],[-79.2913704401651,43.7655861185696],[-79.2915235831581,43.7640875125868],[-79.2913660393185,43.7634357208558],[-79.2815788826199,43.7394603458867]]]},"properties":{"id":"126","type":"social_vulnerability","riskLevel":"medium","label":"Dorset Park","sourceName":"City of Toronto Neighbourhood Profiles 2021","sourceUrl":"https://open.toronto.ca/dataset/neighbourhood-profiles/","lastUpdated":"2026-02-20","communityNeedIndex":0.4354,"socialVulnerabilityIndex":0.4354,"population":24305,"children":3780,"childrenShare":15.55,"olderAdults":3810,"olderAdultsShare":15.68,"lowIncomeRate":13,"unemploymentRate":14.5,"tenantShelterCostBurdenRate":33.5,"visibleMinorityPopulation":19715,"visibleMinorityShare":81.11,"immigrantPopulation":14510,"immigrantShare":59.7,"tsnsDesignation":"Emerging Neighbourhood","isMock":false,"scoreName":"Community Need Index","scoreMethod":"Demo composite created by this project, not an official City of Toronto index. It averages normalized children share, older-adult share, low-income rate, unemployment rate, and tenant shelter cost burden rate."},"id":33},
{"type":"Feature","geometry":{"type":"Polygon","coordinates":[[[-79.2748483344054,43.72260451338],[-79.2740054299029,43.7240065132292],[-79.2674601619107,43.7309747624654],[-79.267934923335,43.7322101560003],[-79.2629738550076,43.7334214071067],[-79.2666585412838,43.7420530583409],[-79.2682842826406,43.7458481087461],[-79.2684188691347,43.7457625004089],[-79.270968074112,43.7441387151702],[-79.2815788826199,43.7394603458867],[-79.278905714625,43.7328710629777],[-79.2787472500122,43.7325017059394],[-79.2778627355458,43.7299707066397],[-79.2748483344054,43.72260451338]]]},"properties":{"id":"125","type":"social_vulnerability","riskLevel":"medium","label":"Ionview","sourceName":"City of Toronto Neighbourhood Profiles 2021","sourceUrl":"https://open.toronto.ca/dataset/neighbourhood-profiles/","lastUpdated":"2026-02-20","communityNeedIndex":0.4494,"socialVulnerabilityIndex":0.4494,"population":13365,"children":2215,"childrenShare":16.57,"olderAdults":2090,"olderAdultsShare":15.64,"lowIncomeRate":13.8,"unemploymentRate":16.4,"tenantShelterCostBurdenRate":27.8,"visibleMinorityPopulation":10130,"visibleMinorityShare":75.79,"immigrantPopulation":7415,"immigrantShare":55.48,"tsnsDesignation":"Neighbourhood Improvement Area","isMock":false,"scoreName":"Community Need Index","scoreMethod":"Demo composite created by this project, not an official City of Toronto index. It averages normalized children share, older-adult share, low-income rate, unemployment rate, and tenant shelter cost burden rate."},"id":34},
{"type":"Feature","geometry":{"type":"Polygon","coordinates":[[[-79.2748483344054,43.72260451338],[-79.2711204373674,43.7141667980445],[-79.2647182781865,43.7157942691155],[-79.2542785664009,43.7180968777304],[-79.2475869817135,43.7281667055465],[-79.2454946140756,43.7306124983589],[-79.2480877897894,43.7367050616836],[-79.2629738550076,43.7334214071067],[-79.267934923335,43.7322101560003],[-79.2674601619107,43.7309747624654],[-79.2740054299029,43.7240065132292],[-79.2748483344054,43.72260451338]]]},"properties":{"id":"124","type":"social_vulnerability","riskLevel":"medium","label":"Kennedy Park","sourceName":"City of Toronto Neighbourhood Profiles 2021","sourceUrl":"https://open.toronto.ca/dataset/neighbourhood-profiles/","lastUpdated":"2026-02-20","communityNeedIndex":0.4805,"socialVulnerabilityIndex":0.4805,"population":17110,"children":2585,"childrenShare":15.11,"olderAdults":2910,"olderAdultsShare":17.01,"lowIncomeRate":17,"unemploymentRate":18.4,"tenantShelterCostBurdenRate":23.9,"visibleMinorityPopulation":13120,"visibleMinorityShare":76.68,"immigrantPopulation":9570,"immigrantShare":55.93,"tsnsDesignation":"Neighbourhood Improvement Area","isMock":false,"scoreName":"Community Need Index","scoreMethod":"Demo composite created by this project, not an official City of Toronto index. It averages normalized children share, older-adult share, low-income rate, unemployment rate, and tenant shelter cost burden rate."},"id":35},
{"type":"Feature","geometry":{"type":"Polygon","coordinates":[[[-79.2139725618726,43.7267727215446],[-79.2144084693642,43.7273866241045],[-79.2182048135353,43.7279251216624],[-79.220073687517,43.7285074400245],[-79.2209504153865,43.7290344546446],[-79.222797515104,43.7297273364846],[-79.2239773570083,43.7299661588508],[-79.2246611114834,43.7304161143439],[-79.2247622042922,43.7309144685699],[-79.2253903808991,43.7313063447009],[-79.2245723031361,43.7320695256292],[-79.228248979135,43.7407374204054],[-79.2286760220513,43.7410264736324],[-79.2288954921534,43.7414843923641],[-79.2426252908536,43.7328797303596],[-79.2454946140756,43.7306124983589],[-79.2475869817135,43.7281667055465],[-79.2542785664009,43.7180968777304],[-79.2513026508838,43.7187723946694],[-79.2467761335919,43.7076930669747],[-79.2474465121525,43.7071689757668],[-79.2474983925551,43.7066777191372],[-79.246736896977,43.7048995803074],[-79.2453369786079,43.7042487019763],[-79.2443962556558,43.7019680562693],[-79.2440384917124,43.7003501664414],[-79.2438139209763,43.7005032341474],[-79.2438269483445,43.7010422149224],[-79.2431526252815,43.7019150139592],[-79.2413823818265,43.7029141160294],[-79.24036846684,43.7031696314251],[-79.2396328508269,43.7031505132026],[-79.2390443770607,43.7030052595816],[-79.2384383618919,43.7025889514165],[-79.237989096452,43.7029728171531],[-79.2380513029888,43.7032816500984],[-79.2392353211608,43.7035789868319],[-79.2395381818706,43.703824223115],[-79.2386465680186,43.7042772297439],[-79.2375797961608,43.7042487454866],[-79.238357546754,43.7043507392228],[-79.2385794539854,43.7046514845605],[-79.237314625167,43.7050685836556],[-79.2366660936342,43.7046435371777],[-79.2367508380031,43.7041954330928],[-79.2374835497629,43.7036115847916],[-79.2376414987427,43.70316748315],[-79.2379286389351,43.7032142282485],[-79.237849456036,43.7029975561624],[-79.238262998172,43.7025715195645],[-79.2391253592852,43.7024388224928],[-79.2391522422684,43.7020563301291],[-79.2386178578621,43.7019066064159],[-79.2381193503716,43.7022514835753],[-79.2375277522648,43.7023303461691],[-79.2369324450142,43.7019942653552],[-79.2363911426819,43.7013210817048],[-79.2361245146207,43.7012079774023],[-79.2356014435971,43.7012990592539],[-79.2354210888375,43.7017350061605],[-79.2364029438498,43.7024192195652],[-79.2365418054264,43.7032836535495],[-79.2357815432351,43.7044972143592],[-79.2341246438127,43.7054353200487],[-79.2339172326951,43.705396365514],[-79.2335767164052,43.705829217509],[-79.2343384527318,43.7063661522496],[-79.2339307155092,43.7064296443865],[-79.2341186772026,43.7066870676124],[-79.2338933941024,43.7066421759564],[-79.2337561791377,43.7069266026349],[-79.2334191635824,43.7067776560537],[-79.233146773727,43.7069384674083],[-79.2326408829832,43.7066862844601],[-79.2332730849408,43.705304914537],[-79.2325671663327,43.7052964061634],[-79.2323111410868,43.7048809925466],[-79.2320960871027,43.7048539443992],[-79.2315568284377,43.7053081517708],[-79.2310530559213,43.7053665654663],[-79.2299498798366,43.7051272664348],[-79.2291793552916,43.7046916994183],[-79.2289452174976,43.7047611295023],[-79.2292414693019,43.7055404145631],[-79.2291498097019,43.7058550618985],[-79.2284073395431,43.7069629313934],[-79.2276694031816,43.7071402831354],[-79.2275730202399,43.7073722323251],[-79.2286205915067,43.7074296589119],[-79.2286637196235,43.707089188983],[-79.2295119358643,43.7059793087199],[-79.2298199870398,43.7058831830336],[-79.2310805533521,43.7064237752646],[-79.2310910564544,43.7066333943834],[-79.2318189155151,43.7067088874257],[-79.2334399155638,43.7075968466312],[-79.2329879965006,43.7090493167891],[-79.2330975182017,43.7092443150027],[-79.2324834397549,43.7098967403768],[-79.2315934482602,43.7104544876684],[-79.2311673629479,43.7106100360184],[-79.2306386945218,43.710526358434],[-79.2300781511744,43.7102678335309],[-79.2301611465235,43.7100455636243],[-79.2313013403844,43.7095631798971],[-79.2318733713876,43.7085276225393],[-79.2313788200776,43.708446295981],[-79.2309885362227,43.7087985609176],[-79.2299007186344,43.7084935168406],[-79.2297989880217,43.707776586822],[-79.2295255812734,43.7077242282416],[-79.229314512216,43.7083866625389],[-79.2284469175179,43.7087835042722],[-79.2284498038049,43.7090126665658],[-79.2291579259805,43.7088089636179],[-79.2296243914631,43.7092804748237],[-79.2290381221626,43.7096572659247],[-79.2282099356578,43.7092838891159],[-79.2279342885112,43.7093278437275],[-79.2278145700332,43.7096350595238],[-79.2283035814329,43.7099768578359],[-79.2280307073855,43.7105374283542],[-79.2280432065444,43.7109237392333],[-79.2282307334532,43.7109398745341],[-79.2273087754091,43.7112117487328],[-79.2271898133127,43.7114873897487],[-79.2280989353297,43.7117748329256],[-79.2291738414324,43.7117449620258],[-79.229154365957,43.7105146235893],[-79.2295738172109,43.7103229086786],[-79.2300117764547,43.7103452771597],[-79.2303786124841,43.7107318288824],[-79.2305219530607,43.7115422988465],[-79.2293641378472,43.7125831148749],[-79.2283741638614,43.7126776740577],[-79.2266717692614,43.7124102751155],[-79.2263933499138,43.7119501945402],[-79.2264161752069,43.7106997568613],[-79.2271075096664,43.7088878078448],[-79.228074150811,43.7082486730431],[-79.2278690223125,43.70810410127],[-79.2265183936047,43.7080537832811],[-79.2262905000003,43.7073204896465],[-79.2260434417376,43.707322291657],[-79.2258758448517,43.7081661551728],[-79.226392923214,43.7085196581376],[-79.2265082974393,43.7088333852807],[-79.2256851504832,43.7106314764894],[-79.2251653430389,43.7108207489127],[-79.2250223923312,43.7110567876425],[-79.2257867921626,43.7117066602679],[-79.2255946685745,43.7121888916848],[-79.2252112451533,43.7124122912478],[-79.2260116871906,43.712700272816],[-79.2259698203085,43.7128957786015],[-79.2253470955771,43.7145792482075],[-79.2235506554517,43.7180348282662],[-79.2216531557552,43.7201203309256],[-79.2191961799098,43.7220706520656],[-79.2187688414477,43.7222548478836],[-79.2181886735046,43.7219952270639],[-79.2182437465197,43.7218245646548],[-79.2180508917029,43.7219403846747],[-79.2176507569225,43.7216934650814],[-79.2171194968568,43.722149027643],[-79.2171942088407,43.7222583166196],[-79.2173603540491,43.7221168766852],[-79.2174548316641,43.7222880355572],[-79.2170846323423,43.7231672697952],[-79.2166668690228,43.7234972105845],[-79.2164309381915,43.7234601173549],[-79.216495862132,43.7232313855439],[-79.215974006529,43.7237066602746],[-79.2160813785616,43.7237910887508],[-79.2162379225763,43.7236422905497],[-79.216370208485,43.7238363713606],[-79.2160911585201,43.7245086919119],[-79.2155515081896,43.7249750815447],[-79.2151315565741,43.7249423335577],[-79.2152502940917,43.7246713233962],[-79.214742389325,43.7251420190726],[-79.215032169666,43.7252208898507],[-79.2148931553757,43.7256894811306],[-79.2143854105092,43.7262988759376],[-79.2140154591224,43.7263785748275],[-79.2140166619665,43.7261230681378],[-79.2138610432166,43.7262498754565],[-79.2139725618726,43.7267727215446]]]},"properties":{"id":"123","type":"social_vulnerability","riskLevel":"medium","label":"Cliffcrest","sourceName":"City of Toronto Neighbourhood Profiles 2021","sourceUrl":"https://open.toronto.ca/dataset/neighbourhood-profiles/","lastUpdated":"2026-02-20","communityNeedIndex":0.4719,"socialVulnerabilityIndex":0.4719,"population":16130,"children":2510,"childrenShare":15.56,"olderAdults":2950,"olderAdultsShare":18.29,"lowIncomeRate":11.1,"unemploymentRate":15.3,"tenantShelterCostBurdenRate":37.2,"visibleMinorityPopulation":7950,"visibleMinorityShare":49.29,"immigrantPopulation":6140,"immigrantShare":38.07,"tsnsDesignation":"Not an NIA or Emerging Neighbourhood","isMock":false,"scoreName":"Community Need Index","scoreMethod":"Demo composite created by this project, not an official City of Toronto index. It averages normalized children share, older-adult share, low-income rate, unemployment rate, and tenant shelter cost burden rate."},"id":36},
{"type":"Feature","geometry":{"type":"Polygon","coordinates":[[[-79.2800484228704,43.6711649425501],[-79.2797157425847,43.6710843430839],[-79.278370550481,43.672193532694],[-79.277554065431,43.6719452197602],[-79.2776617967898,43.6721422346284],[-79.277353428509,43.6728749000455],[-79.2768915013152,43.6732653864858],[-79.2764782026226,43.6740646703276],[-79.2761579289693,43.6742129795676],[-79.2756924920577,43.6741027732753],[-79.2759306004052,43.6743757553295],[-79.2755952206821,43.6750663454053],[-79.2753119046179,43.6752427811778],[-79.2748508056707,43.6750982487187],[-79.2750940676531,43.6753361375015],[-79.2747886422531,43.6759620461011],[-79.2744893146173,43.6762231696392],[-79.2740374746057,43.6760815690905],[-79.2742456825291,43.6763020170854],[-79.2736849415523,43.6771306678653],[-79.2731665633277,43.677070564728],[-79.2732881817424,43.6774055020757],[-79.2726840162048,43.6785512943975],[-79.2723144798397,43.6787306038652],[-79.2718023745507,43.6785140642028],[-79.2719216196165,43.6786493486342],[-79.2714075012029,43.6797445194857],[-79.2711770878242,43.6799005555079],[-79.2706579181838,43.6797465646525],[-79.2702794184287,43.6807568237048],[-79.2700603525686,43.6808758115689],[-79.2697025239465,43.6807579489173],[-79.2690368130322,43.6821130942731],[-79.2683904671004,43.6825636066001],[-79.2682002191946,43.6825077549644],[-79.2678807333638,43.6832747744373],[-79.2675314764662,43.6831762840594],[-79.2672815400013,43.6838913073155],[-79.2668318307937,43.6838362838917],[-79.2665619373564,43.6845929853665],[-79.2636534404015,43.6867611480501],[-79.2608121311416,43.6898368599447],[-79.260400675792,43.6897318983453],[-79.2605225250738,43.6898415556319],[-79.2601817554589,43.6904425408035],[-79.2596617162494,43.6904128879172],[-79.2599717374303,43.6906025489562],[-79.2599323525933,43.6908200543912],[-79.2596074454298,43.6912205050276],[-79.2590701370072,43.6911026808874],[-79.2594225649578,43.6912754567234],[-79.2593200339462,43.6916702617424],[-79.2589955974999,43.6919479340906],[-79.2585767597953,43.6918282783749],[-79.2588038952216,43.6921754433659],[-79.258446142058,43.6927012816847],[-79.2578927960127,43.6926541315257],[-79.258124330489,43.6928972703473],[-79.2578188233423,43.6934033957857],[-79.2574415659573,43.6935871945261],[-79.2570457718364,43.6934114589746],[-79.2571546404623,43.6936455618343],[-79.2568524256411,43.6941380274847],[-79.2565538337255,43.694258477495],[-79.2562392149669,43.6941087817237],[-79.2563257065591,43.6942341927877],[-79.2557991509705,43.6949376087407],[-79.2536690118699,43.6959803647616],[-79.2533386716955,43.6957827942551],[-79.2534456502661,43.696021163487],[-79.2531526225153,43.6963327308814],[-79.2516672617863,43.6967509543114],[-79.2501917376096,43.6975082839301],[-79.2499432627037,43.6973476895351],[-79.2500773218868,43.6976051407188],[-79.2499069069859,43.6977549271321],[-79.2493674857257,43.6979829989042],[-79.2490995838535,43.6977270450885],[-79.2492361708958,43.6979665178424],[-79.2487899246936,43.6982674777082],[-79.2485006617822,43.6983375458681],[-79.2482030382505,43.698054070833],[-79.2483650071912,43.6982934117372],[-79.2482298161308,43.6984354515093],[-79.2458463844594,43.6993824041659],[-79.2440384917124,43.7003501664414],[-79.2443962556558,43.7019680562693],[-79.2453369786079,43.7042487019763],[-79.246736896977,43.7048995803074],[-79.2474983925551,43.7066777191372],[-79.2474465121525,43.7071689757668],[-79.2467761335919,43.7076930669747],[-79.2513026508838,43.7187723946694],[-79.2542785664009,43.7180968777304],[-79.2667445414975,43.6993137679871],[-79.268424100923,43.6972312614798],[-79.2698635227067,43.6958478895189],[-79.2725803739772,43.693925700351],[-79.2763053874232,43.6921142322492],[-79.2799739471434,43.6909875495502],[-79.2875571223267,43.6892994335464],[-79.2843832028497,43.6816047115189],[-79.284207400752,43.681172992399],[-79.2840636523402,43.6808200317736],[-79.2839130399013,43.6804582453349],[-79.2800484228704,43.6711649425501]]]},"properties":{"id":"122","type":"social_vulnerability","riskLevel":"medium","label":"Birchcliffe-Cliffside","sourceName":"City of Toronto Neighbourhood Profiles 2021","sourceUrl":"https://open.toronto.ca/dataset/neighbourhood-profiles/","lastUpdated":"2026-02-20","communityNeedIndex":0.4606,"socialVulnerabilityIndex":0.4606,"population":22700,"children":3440,"childrenShare":15.15,"olderAdults":4025,"olderAdultsShare":17.73,"lowIncomeRate":9.7,"unemploymentRate":14.9,"tenantShelterCostBurdenRate":39.9,"visibleMinorityPopulation":6920,"visibleMinorityShare":30.48,"immigrantPopulation":6165,"immigrantShare":27.16,"tsnsDesignation":"Not an NIA or Emerging Neighbourhood","isMock":false,"scoreName":"Community Need Index","scoreMethod":"Demo composite created by this project, not an official City of Toronto index. It averages normalized children share, older-adult share, low-income rate, unemployment rate, and tenant shelter cost burden rate."},"id":37},
{"type":"Feature","geometry":{"type":"Polygon","coordinates":[[[-79.3765552369372,43.6620234333741],[-79.3767201712166,43.6624274477019],[-79.3816815611409,43.661395888603],[-79.3831136167393,43.661380402838],[-79.3769775493253,43.6468933753133],[-79.374043485419,43.6483317575974],[-79.3738396693592,43.64857446178],[-79.3714682167221,43.6494587785122],[-79.372276823547,43.651322984974],[-79.3723685900465,43.6515362032123],[-79.3759028130042,43.6604479683824],[-79.3765552369372,43.6620234333741]]]},"properties":{"id":"168","type":"social_vulnerability","riskLevel":"medium","label":"Downtown Yonge East","sourceName":"City of Toronto Neighbourhood Profiles 2021","sourceUrl":"https://open.toronto.ca/dataset/neighbourhood-profiles/","lastUpdated":"2026-02-20","communityNeedIndex":0.4514,"socialVulnerabilityIndex":0.4514,"population":17700,"children":1055,"childrenShare":5.96,"olderAdults":1950,"olderAdultsShare":11.02,"lowIncomeRate":22.4,"unemploymentRate":13.6,"tenantShelterCostBurdenRate":49.3,"visibleMinorityPopulation":10280,"visibleMinorityShare":58.08,"immigrantPopulation":7120,"immigrantShare":40.23,"tsnsDesignation":"Not an NIA or Emerging Neighbourhood","isMock":false,"scoreName":"Community Need Index","scoreMethod":"Demo composite created by this project, not an official City of Toronto index. It averages normalized children share, older-adult share, low-income rate, unemployment rate, and tenant shelter cost burden rate."},"id":38},
{"type":"Feature","geometry":{"type":"Polygon","coordinates":[[[-79.3831136167393,43.661380402838],[-79.3816815611409,43.661395888603],[-79.3767201712166,43.6624274477019],[-79.3783502756907,43.6662938923538],[-79.3805696148041,43.6716194044522],[-79.3867913042411,43.6702349758664],[-79.3831136167393,43.661380402838]]]},"properties":{"id":"167","type":"social_vulnerability","riskLevel":"medium","label":"Church-Wellesley","sourceName":"City of Toronto Neighbourhood Profiles 2021","sourceUrl":"https://open.toronto.ca/dataset/neighbourhood-profiles/","lastUpdated":"2026-02-20","communityNeedIndex":0.4633,"socialVulnerabilityIndex":0.4633,"population":22320,"children":895,"childrenShare":4.01,"olderAdults":2105,"olderAdultsShare":9.43,"lowIncomeRate":23.3,"unemploymentRate":15.6,"tenantShelterCostBurdenRate":50.6,"visibleMinorityPopulation":12070,"visibleMinorityShare":54.08,"immigrantPopulation":9005,"immigrantShare":40.34,"tsnsDesignation":"Not an NIA or Emerging Neighbourhood","isMock":false,"scoreName":"Community Need Index","scoreMethod":"Demo composite created by this project, not an official City of Toronto index. It averages normalized children share, older-adult share, low-income rate, unemployment rate, and tenant shelter cost burden rate."},"id":39},
{"type":"Feature","geometry":{"type":"Polygon","coordinates":[[[-79.351745017448,43.6555742598917],[-79.3523975348058,43.6554554220401],[-79.3534809668189,43.6563606417365],[-79.3548204411457,43.6555814832518],[-79.354509278206,43.6552760319821],[-79.3546482727333,43.6549193229188],[-79.3552360197625,43.654782150209],[-79.3565323039888,43.6544982795543],[-79.3572726909544,43.6543876158985],[-79.3575114568687,43.6544903229257],[-79.360368742666,43.6528385613393],[-79.3612688195464,43.6519224463516],[-79.3714682167221,43.6494587785122],[-79.3738396693592,43.64857446178],[-79.374043485419,43.6483317575974],[-79.3769775493253,43.6468933753133],[-79.3781869655653,43.646191474214],[-79.382474301023,43.6453008390479],[-79.3795792482545,43.6380751134482],[-79.3836776186005,43.6377016856347],[-79.3842403601254,43.6391245202048],[-79.3849989146193,43.6390128491526],[-79.384405519882,43.6376214657764],[-79.3854378754846,43.6375280898071],[-79.3850325457469,43.6376311624308],[-79.3852441268441,43.6381759857718],[-79.385741621035,43.6380730129013],[-79.3855827324174,43.6374838400777],[-79.38659061881,43.6373904827483],[-79.3870787300977,43.638606638521],[-79.3876098635011,43.6384962374875],[-79.3871424727537,43.6373417099581],[-79.3888185745636,43.6371849911817],[-79.3891946380876,43.6381040829145],[-79.3896255195052,43.6380408500149],[-79.389906167573,43.6379538264105],[-79.3895772988391,43.6371454546633],[-79.3910307091884,43.6370161671475],[-79.3912593223434,43.6375674141319],[-79.3919663530659,43.6374110457141],[-79.3915862219702,43.6363691266156],[-79.391862855467,43.6369388700317],[-79.395141828425,43.6366260300468],[-79.3952655578806,43.6364539563409],[-79.3944908768307,43.635526182616],[-79.3929182411786,43.6362936094068],[-79.3918754723052,43.6363582744562],[-79.3928807643632,43.6362374507556],[-79.3944763986833,43.6354641491329],[-79.394979342953,43.6353546245822],[-79.3959699637258,43.6365478176831],[-79.3969601506123,43.6364589799754],[-79.395503836908,43.6347019552843],[-79.3974625181636,43.6337246928548],[-79.3979261728177,43.6333705975814],[-79.3982812274422,43.6329636375118],[-79.3978573115613,43.632686456832],[-79.3987687674014,43.6315599970614],[-79.4032115527257,43.6290833304243],[-79.404902616875,43.6278470125971],[-79.4047657809993,43.6274418175843],[-79.4042898850029,43.6264496641007],[-79.4032947322294,43.626646551252],[-79.4013633058595,43.6254029595669],[-79.3944738887904,43.6198692426291],[-79.3919226069082,43.6166595576572],[-79.3915634397963,43.6158617280344],[-79.3916173854258,43.6150672144776],[-79.3899400430424,43.6136642624174],[-79.3896144684306,43.613050294708],[-79.3898546464965,43.6124079236019],[-79.3887363167314,43.6119629810372],[-79.3875498147176,43.6121312627643],[-79.3849002517534,43.6119720372798],[-79.3821281334316,43.612248202593],[-79.3797643299491,43.6137091826721],[-79.3786132377272,43.6138651763485],[-79.3770790239181,43.6144811779257],[-79.3760478783462,43.6144550769478],[-79.3725122171857,43.6164210318682],[-79.3719480778822,43.6163467246241],[-79.3715845494497,43.6164781696124],[-79.371387475246,43.6169689571599],[-79.3704966635895,43.6176068363947],[-79.366456347767,43.6193466798],[-79.3578250156153,43.6254577855572],[-79.3560706768323,43.6271605454818],[-79.3544153575465,43.6297791607495],[-79.3525998048651,43.629897587752],[-79.350212655965,43.6297426402481],[-79.3498313714326,43.6296527657923],[-79.3498267145662,43.629049368768],[-79.3493905043423,43.6310316580516],[-79.3525184803824,43.6337212196471],[-79.3496510211646,43.6334028767479],[-79.3598571233656,43.6453071607317],[-79.3607547972526,43.647221039587],[-79.359361088937,43.6455055182564],[-79.3474684159598,43.6505217791813],[-79.3473001543205,43.6507573818721],[-79.3474239709128,43.6509978650111],[-79.3495214185236,43.6536027850063],[-79.351745017448,43.6555742598917]]]},"properties":{"id":"166","type":"social_vulnerability","riskLevel":"medium","label":"St Lawrence-East Bayfront-The Islands","sourceName":"City of Toronto Neighbourhood Profiles 2021","sourceUrl":"https://open.toronto.ca/dataset/neighbourhood-profiles/","lastUpdated":"2026-02-20","communityNeedIndex":0.3255,"socialVulnerabilityIndex":0.3255,"population":31285,"children":2285,"childrenShare":7.3,"olderAdults":3995,"olderAdultsShare":12.77,"lowIncomeRate":15.3,"unemploymentRate":10.8,"tenantShelterCostBurdenRate":39.1,"visibleMinorityPopulation":16165,"visibleMinorityShare":51.67,"immigrantPopulation":13060,"immigrantShare":41.75,"tsnsDesignation":"Not an NIA or Emerging Neighbourhood","isMock":false,"scoreName":"Community Need Index","scoreMethod":"Demo composite created by this project, not an official City of Toronto index. It averages normalized children share, older-adult share, low-income rate, unemployment rate, and tenant shelter cost burden rate."},"id":40},
{"type":"Feature","geometry":{"type":"Polygon","coordinates":[[[-79.3974625181636,43.6337246928548],[-79.395503836908,43.6347019552843],[-79.3969601506123,43.6364589799754],[-79.3959699637258,43.6365478176831],[-79.394979342953,43.6353546245822],[-79.3944763986833,43.6354641491329],[-79.3928807643632,43.6362374507556],[-79.3918754723052,43.6363582744562],[-79.3929182411786,43.6362936094068],[-79.3944908768307,43.635526182616],[-79.3952655578806,43.6364539563409],[-79.395141828425,43.6366260300468],[-79.391862855467,43.6369388700317],[-79.3915862219702,43.6363691266156],[-79.3919663530659,43.6374110457141],[-79.3912593223434,43.6375674141319],[-79.3910307091884,43.6370161671475],[-79.3895772988391,43.6371454546633],[-79.389906167573,43.6379538264105],[-79.3896255195052,43.6380408500149],[-79.3891946380876,43.6381040829145],[-79.3888185745636,43.6371849911817],[-79.3871424727537,43.6373417099581],[-79.3876098635011,43.6384962374875],[-79.3870787300977,43.638606638521],[-79.38659061881,43.6373904827483],[-79.3855827324174,43.6374838400777],[-79.385741621035,43.6380730129013],[-79.3852441268441,43.6381759857718],[-79.3850325457469,43.6376311624308],[-79.3854378754846,43.6375280898071],[-79.384405519882,43.6376214657764],[-79.3849989146193,43.6390128491526],[-79.3842403601254,43.6391245202048],[-79.3836776186005,43.6377016856347],[-79.3795792482545,43.6380751134482],[-79.382474301023,43.6453008390479],[-79.3850247330989,43.6447841891432],[-79.3912889209337,43.6434298221629],[-79.4014252348169,43.6407583763545],[-79.4012745945303,43.6403783244676],[-79.4004388828383,43.6383215315999],[-79.4003127414061,43.6380333150865],[-79.3996126366945,43.6364429585654],[-79.398145099439,43.6354380605148],[-79.3979826265435,43.6352449522469],[-79.3969266865714,43.6340153974174],[-79.3974625181636,43.6337246928548]]]},"properties":{"id":"165","type":"social_vulnerability","riskLevel":"medium","label":"Harbourfront-CityPlace","sourceName":"City of Toronto Neighbourhood Profiles 2021","sourceUrl":"https://open.toronto.ca/dataset/neighbourhood-profiles/","lastUpdated":"2026-02-20","communityNeedIndex":0.2776,"socialVulnerabilityIndex":0.2776,"population":28135,"children":2065,"childrenShare":7.34,"olderAdults":1525,"olderAdultsShare":5.42,"lowIncomeRate":14.4,"unemploymentRate":10.3,"tenantShelterCostBurdenRate":43.6,"visibleMinorityPopulation":17365,"visibleMinorityShare":61.72,"immigrantPopulation":12915,"immigrantShare":45.9,"tsnsDesignation":"Not an NIA or Emerging Neighbourhood","isMock":false,"scoreName":"Community Need Index","scoreMethod":"Demo composite created by this project, not an official City of Toronto index. It averages normalized children share, older-adult share, low-income rate, unemployment rate, and tenant shelter cost burden rate."},"id":41},
{"type":"Feature","geometry":{"type":"Polygon","coordinates":[[[-79.4014252348169,43.6407583763545],[-79.3912889209337,43.6434298221629],[-79.3850247330989,43.6447841891432],[-79.3875195693403,43.6506815031557],[-79.4040137437828,43.6471968749449],[-79.4014252348169,43.6407583763545]]]},"properties":{"id":"164","type":"social_vulnerability","riskLevel":"low","label":"Wellington Place","sourceName":"City of Toronto Neighbourhood Profiles 2021","sourceUrl":"https://open.toronto.ca/dataset/neighbourhood-profiles/","lastUpdated":"2026-02-20","communityNeedIndex":0.2129,"socialVulnerabilityIndex":0.2129,"population":25570,"children":1130,"childrenShare":4.42,"olderAdults":805,"olderAdultsShare":3.15,"lowIncomeRate":14,"unemploymentRate":7.8,"tenantShelterCostBurdenRate":47.7,"visibleMinorityPopulation":12975,"visibleMinorityShare":50.74,"immigrantPopulation":9265,"immigrantShare":36.23,"tsnsDesignation":"Not an NIA or Emerging Neighbourhood","isMock":false,"scoreName":"Community Need Index","scoreMethod":"Demo composite created by this project, not an official City of Toronto index. It averages normalized children share, older-adult share, low-income rate, unemployment rate, and tenant shelter cost burden rate."},"id":42},
{"type":"Feature","geometry":{"type":"Polygon","coordinates":[[[-79.4012745945303,43.6403783244676],[-79.407153481465,43.6400774824554],[-79.4214004357826,43.6406199764264],[-79.419575670878,43.6358271722447],[-79.4263186562677,43.6339426320105],[-79.4289431661169,43.6334525655778],[-79.4277787222349,43.6298020501787],[-79.4259672802443,43.6296659157178],[-79.4201427476725,43.6301387727475],[-79.4186877401186,43.6294616253441],[-79.4184308273372,43.6295047665113],[-79.4180356144263,43.6282363490397],[-79.4185379271804,43.6282623796626],[-79.4186706424838,43.6279697492441],[-79.4190367221317,43.6278799768249],[-79.4193281589661,43.6279881904756],[-79.4191501245549,43.6284966619139],[-79.4193508459186,43.6286948337058],[-79.4198768050259,43.6283486233734],[-79.419717103433,43.6287535827443],[-79.4193372768662,43.6290008805069],[-79.4196296093209,43.6293251279411],[-79.4224696519563,43.6290704144506],[-79.4220565464015,43.6283995472628],[-79.4225472717867,43.6277427618724],[-79.4223892428569,43.6274681203506],[-79.4212650174485,43.6275258971835],[-79.4203651328076,43.6271787463725],[-79.4200171640941,43.626764457078],[-79.4194620717238,43.6268991064512],[-79.418225004441,43.6264977018473],[-79.4165931401673,43.6262715425378],[-79.4150216031547,43.6264099605582],[-79.4148433217068,43.626517845229],[-79.4165236464969,43.6264065122875],[-79.4186382231835,43.6267590288308],[-79.4183791562421,43.6270378962656],[-79.4177574115727,43.6269204591514],[-79.4178365881835,43.6273525834246],[-79.4173374186346,43.6279328414053],[-79.4161983018538,43.6281120842449],[-79.4161010592243,43.6278644752651],[-79.415635902587,43.627652608076],[-79.415591309318,43.6268784462533],[-79.4153946788821,43.6270898427952],[-79.4143695232765,43.6271836303303],[-79.413490023206,43.6269804635925],[-79.4128118032513,43.6273625437822],[-79.4112408294824,43.6273208738692],[-79.4108711718447,43.6274871293932],[-79.4100627078519,43.6282066621646],[-79.4101978441151,43.6292464840835],[-79.4090579682578,43.6296596834181],[-79.4094640588685,43.6310246170459],[-79.4099938924096,43.6309491353837],[-79.4100006315709,43.6311251904103],[-79.4087957715859,43.6317087403024],[-79.4086276527788,43.6330749810641],[-79.4066516502079,43.632859872243],[-79.4050666824835,43.6331248463629],[-79.4029465631916,43.6314759549649],[-79.4030294318782,43.6312916772845],[-79.4023190441516,43.6310269350057],[-79.3979261728177,43.6333705975814],[-79.3974625181636,43.6337246928548],[-79.3969266865714,43.6340153974174],[-79.3979826265435,43.6352449522469],[-79.398145099439,43.6354380605148],[-79.3996126366945,43.6364429585654],[-79.4003127414061,43.6380333150865],[-79.4004388828383,43.6383215315999],[-79.4012745945303,43.6403783244676]]]},"properties":{"id":"163","type":"social_vulnerability","riskLevel":"low","label":"Fort York-Liberty Village","sourceName":"City of Toronto Neighbourhood Profiles 2021","sourceUrl":"https://open.toronto.ca/dataset/neighbourhood-profiles/","lastUpdated":"2026-02-20","communityNeedIndex":0.1956,"socialVulnerabilityIndex":0.1956,"population":19915,"children":1205,"childrenShare":6.05,"olderAdults":795,"olderAdultsShare":3.99,"lowIncomeRate":10.3,"unemploymentRate":8.6,"tenantShelterCostBurdenRate":43.6,"visibleMinorityPopulation":9335,"visibleMinorityShare":46.87,"immigrantPopulation":7325,"immigrantShare":36.78,"tsnsDesignation":"Not an NIA or Emerging Neighbourhood","isMock":false,"scoreName":"Community Need Index","scoreMethod":"Demo composite created by this project, not an official City of Toronto index. It averages normalized children share, older-adult share, low-income rate, unemployment rate, and tenant shelter cost burden rate."},"id":43},
{"type":"Feature","geometry":{"type":"Polygon","coordinates":[[[-79.4214004357826,43.6406199764264],[-79.407153481465,43.6400774824554],[-79.4012745945303,43.6403783244676],[-79.4014252348169,43.6407583763545],[-79.4040137437828,43.6471968749449],[-79.4224135404887,43.6435001370407],[-79.4214004357826,43.6406199764264]]]},"properties":{"id":"162","type":"social_vulnerability","riskLevel":"low","label":"West Queen West","sourceName":"City of Toronto Neighbourhood Profiles 2021","sourceUrl":"https://open.toronto.ca/dataset/neighbourhood-profiles/","lastUpdated":"2026-02-20","communityNeedIndex":0.2168,"socialVulnerabilityIndex":0.2168,"population":13170,"children":1125,"childrenShare":8.54,"olderAdults":1115,"olderAdultsShare":8.47,"lowIncomeRate":10.9,"unemploymentRate":7.5,"tenantShelterCostBurdenRate":38.5,"visibleMinorityPopulation":4815,"visibleMinorityShare":36.56,"immigrantPopulation":3960,"immigrantShare":30.07,"tsnsDesignation":"Not an NIA or Emerging Neighbourhood","isMock":false,"scoreName":"Community Need Index","scoreMethod":"Demo composite created by this project, not an official City of Toronto index. It averages normalized children share, older-adult share, low-income rate, unemployment rate, and tenant shelter cost burden rate."},"id":44},
{"type":"Feature","geometry":{"type":"Polygon","coordinates":[[[-79.4712317875115,43.631707836536],[-79.4724327263503,43.6326341952498],[-79.4742480769107,43.6334447622029],[-79.4822333056758,43.6275052534569],[-79.4931908063912,43.6248146788895],[-79.4925447039028,43.6233699584145],[-79.4893109638144,43.6240583812754],[-79.4866389977653,43.6248547970548],[-79.487093764488,43.624013199538],[-79.4863654832192,43.6236530768381],[-79.4855194382065,43.6228606866746],[-79.4819753185094,43.6219917995038],[-79.4825772813779,43.6211007626971],[-79.4832376320449,43.6205337630228],[-79.4855532229461,43.6198319422259],[-79.4861964508255,43.6193459455825],[-79.4896367153943,43.6132298284202],[-79.4901365505948,43.6104754811897],[-79.4866682010969,43.6103406220197],[-79.4867116094881,43.610792471668],[-79.4862723324158,43.6109373696529],[-79.4867729266927,43.6111520496034],[-79.4866941803749,43.6115701473164],[-79.4864045123234,43.6116760325954],[-79.4868122297831,43.6119750096315],[-79.4866685927624,43.6122658551567],[-79.4862020087021,43.6123239678983],[-79.4861742929807,43.6127632610489],[-79.4864448233234,43.6129478316238],[-79.4865525636653,43.6126389415058],[-79.4869400106406,43.61270232991],[-79.4870254565938,43.6129874595057],[-79.4866932245675,43.6136064761648],[-79.4862955871036,43.6136056007432],[-79.4860008471639,43.613843130904],[-79.4852093927711,43.6163929344848],[-79.4844166771435,43.6177118883609],[-79.4831414072066,43.6184047891889],[-79.4816348336605,43.6187768372425],[-79.4812252432134,43.6185394943558],[-79.4816725449361,43.6181404252268],[-79.4813147666197,43.6178420524435],[-79.4805646329333,43.6183865219088],[-79.4788780405975,43.6171620298477],[-79.4800638661798,43.6161765784051],[-79.480429732927,43.6161991452329],[-79.4805328927593,43.6156095615606],[-79.4801078450012,43.6153979640077],[-79.4804268771828,43.6141153079377],[-79.4827041738017,43.6139671422775],[-79.4830587415393,43.614255232262],[-79.4832475287844,43.6147863429905],[-79.4841809726877,43.6132202383954],[-79.482924887172,43.6123379359169],[-79.4826227145717,43.6130669968116],[-79.4822653422938,43.6132424700802],[-79.4812916008652,43.6134358448065],[-79.4805792566078,43.6133682153315],[-79.4799601529853,43.612296957373],[-79.4794399511807,43.6119278064585],[-79.4789327381168,43.6120987419315],[-79.4792812557009,43.6130394539477],[-79.4786211323077,43.6142455227308],[-79.4782819212699,43.6144479910754],[-79.4772878195253,43.6142002672801],[-79.4770109479749,43.6143307420411],[-79.4769268890205,43.6144567451683],[-79.4775517876749,43.61511962531],[-79.4770397578444,43.6160739443997],[-79.4757637719502,43.6175330717031],[-79.4754658609576,43.6176828271214],[-79.4749427746626,43.6176536039323],[-79.4751305378284,43.6179613672665],[-79.4759138786376,43.6182044731276],[-79.4767357886135,43.6174688500952],[-79.4772772265915,43.6173602038874],[-79.4785153511914,43.6180486110204],[-79.4788435111546,43.6186112599886],[-79.4783276077886,43.6191152428399],[-79.4781220597768,43.6191048343404],[-79.4776804551697,43.6184220094233],[-79.4772743358129,43.6183229131791],[-79.4766683134576,43.618561338426],[-79.4765175330338,43.619087890691],[-79.4771325753728,43.6196190888011],[-79.4780803572864,43.6197812998208],[-79.4792278176196,43.6203621056152],[-79.4794659708829,43.6202946380544],[-79.4794496538841,43.6204746625853],[-79.4803883143042,43.6210814420891],[-79.4803215982247,43.6214025919287],[-79.477825652564,43.6204825326755],[-79.479183650152,43.6210683390586],[-79.4791573313108,43.6212491904115],[-79.4794097623973,43.6211844531786],[-79.4794701462523,43.6214238295267],[-79.4799704072543,43.6215304225424],[-79.4795093559179,43.6217005393052],[-79.4785610790326,43.6215096616534],[-79.4775465792429,43.62159048894],[-79.4770527852127,43.6208162692051],[-79.4772388676305,43.6204168958833],[-79.477730522772,43.6205369092351],[-79.4770611673926,43.6201141616644],[-79.4757735007048,43.6197808615046],[-79.4753111450146,43.6189346302424],[-79.4746421732157,43.6187409707939],[-79.4743210982652,43.6190604585393],[-79.4748243856913,43.6201857374763],[-79.473241589195,43.6220667273074],[-79.472537158197,43.622404131146],[-79.4704706512595,43.6225701954271],[-79.4696192828305,43.6223854618997],[-79.4692056832023,43.62256988849],[-79.4692306617571,43.62296145643],[-79.4700135129845,43.6239473181952],[-79.4703022440932,43.6250680689206],[-79.470671152536,43.6253382059985],[-79.4713539017963,43.6251133259459],[-79.4720283227756,43.6253610229892],[-79.47156175758,43.6243437405434],[-79.4724012026703,43.6234977861456],[-79.4730265118547,43.623506919335],[-79.473866358492,43.6242034813945],[-79.4742576331887,43.6238307951848],[-79.473706625458,43.6240002558136],[-79.473388329895,43.623224873191],[-79.4740646579977,43.6225810676341],[-79.4752599482299,43.6230465073195],[-79.4753797493528,43.6232130497354],[-79.4750389959077,43.6234879786138],[-79.4765314380561,43.6234101445229],[-79.4768567602413,43.6239047576374],[-79.4765788682048,43.6242800132639],[-79.47592611998,43.6240446721875],[-79.4762621123541,43.6244676002071],[-79.4761504778154,43.6249739698593],[-79.4763557949601,43.6247401011032],[-79.4766476989185,43.6247967178817],[-79.4763612288693,43.6255451523867],[-79.4759412386262,43.6253469981718],[-79.4759619699463,43.6257781960873],[-79.4762387040544,43.6257619442403],[-79.4761219266608,43.6263243539118],[-79.475763454845,43.6271163928072],[-79.4754136257205,43.6270754698514],[-79.4755884387731,43.6273768197718],[-79.4752861996974,43.6281716505418],[-79.4750768122862,43.6283517594232],[-79.4748354771901,43.6282305470436],[-79.4749251101909,43.6286469986346],[-79.4744680410861,43.6291109290106],[-79.4740846796487,43.6290473374792],[-79.4742227192669,43.6292114008922],[-79.4738538764011,43.6295604906085],[-79.4733965333102,43.6296573393971],[-79.4731974298123,43.6294284415604],[-79.4726099540743,43.6296913579286],[-79.4721173691765,43.6306387349888],[-79.4708360607643,43.630714008976],[-79.4707996861818,43.6309471990883],[-79.4714511857483,43.6314510817796],[-79.4712317875115,43.631707836536]]]},"properties":{"id":"161","type":"social_vulnerability","riskLevel":"medium","label":"Humber Bay Shores","sourceName":"City of Toronto Neighbourhood Profiles 2021","sourceUrl":"https://open.toronto.ca/dataset/neighbourhood-profiles/","lastUpdated":"2026-02-20","communityNeedIndex":0.3935,"socialVulnerabilityIndex":0.3935,"population":22605,"children":1700,"childrenShare":7.52,"olderAdults":3565,"olderAdultsShare":15.77,"lowIncomeRate":13.5,"unemploymentRate":12.4,"tenantShelterCostBurdenRate":45.4,"visibleMinorityPopulation":9850,"visibleMinorityShare":43.57,"immigrantPopulation":10685,"immigrantShare":47.27,"tsnsDesignation":"Not an NIA or Emerging Neighbourhood","isMock":false,"scoreName":"Community Need Index","scoreMethod":"Demo composite created by this project, not an official City of Toronto index. It averages normalized children share, older-adult share, low-income rate, unemployment rate, and tenant shelter cost burden rate."},"id":45},
{"type":"Feature","geometry":{"type":"Polygon","coordinates":[[[-79.4866682010969,43.6103406220197],[-79.4901365505948,43.6104754811897],[-79.4896367153943,43.6132298284202],[-79.4861964508255,43.6193459455825],[-79.4855532229461,43.6198319422259],[-79.4832376320449,43.6205337630228],[-79.4825772813779,43.6211007626971],[-79.4819753185094,43.6219917995038],[-79.4855194382065,43.6228606866746],[-79.4863654832192,43.6236530768381],[-79.487093764488,43.624013199538],[-79.4866389977653,43.6248547970548],[-79.4893109638144,43.6240583812754],[-79.4925447039028,43.6233699584145],[-79.4931908063912,43.6248146788895],[-79.501025196342,43.6229470584385],[-79.5131694919219,43.6204946720698],[-79.5302462795217,43.6171628232736],[-79.5250615010442,43.604843044463],[-79.5250146700718,43.6038079165924],[-79.5252845338646,43.6029212607778],[-79.5258740559647,43.6020209851206],[-79.5267100030153,43.6012881467639],[-79.5025731355103,43.6134612093359],[-79.4979619286467,43.6023693337163],[-79.4972779451012,43.6024131838638],[-79.4968819659273,43.6012362716169],[-79.4961369661127,43.6018749910064],[-79.4951335542286,43.6021675175039],[-79.4945629587331,43.6022305103749],[-79.4930722350619,43.6020189321022],[-79.4925937626971,43.6021449317503],[-79.4925015533282,43.6026703306486],[-79.4894675123207,43.6055381828938],[-79.4891228547973,43.606384276144],[-79.4884217385827,43.6068117755905],[-79.4877545625161,43.6079953850542],[-79.4873019508518,43.6083373903944],[-79.4869766259716,43.6093432456178],[-79.4865385894728,43.6096960690487],[-79.4864779819372,43.6102167573187],[-79.4866682010969,43.6103406220197]]]},"properties":{"id":"160","type":"social_vulnerability","riskLevel":"medium","label":"Mimico-Queensway","sourceName":"City of Toronto Neighbourhood Profiles 2021","sourceUrl":"https://open.toronto.ca/dataset/neighbourhood-profiles/","lastUpdated":"2026-02-20","communityNeedIndex":0.4081,"socialVulnerabilityIndex":0.4081,"population":17045,"children":2395,"childrenShare":14.05,"olderAdults":2695,"olderAdultsShare":15.81,"lowIncomeRate":12.4,"unemploymentRate":11.6,"tenantShelterCostBurdenRate":39.9,"visibleMinorityPopulation":6075,"visibleMinorityShare":35.64,"immigrantPopulation":6605,"immigrantShare":38.75,"tsnsDesignation":"Not an NIA or Emerging Neighbourhood","isMock":false,"scoreName":"Community Need Index","scoreMethod":"Demo composite created by this project, not an official City of Toronto index. It averages normalized children share, older-adult share, low-income rate, unemployment rate, and tenant shelter cost burden rate."},"id":46},
{"type":"Feature","geometry":{"type":"Polygon","coordinates":[[[-79.5234413750562,43.6446571529416],[-79.5244599819434,43.6470196560058],[-79.5250375851964,43.6469719128738],[-79.5287524674425,43.6487793690366],[-79.5312062093529,43.6460689892929],[-79.5319557151169,43.6452537348443],[-79.5319862281922,43.6452205383292],[-79.5334604722696,43.6436095817379],[-79.5352270892259,43.6414627274023],[-79.5353642386135,43.6418035217619],[-79.5373422776652,43.6413905489409],[-79.5363272101402,43.6404803500969],[-79.540738729601,43.6353631266227],[-79.5427178762754,43.6334697086828],[-79.5436867335639,43.6326880582281],[-79.5469273799002,43.6310310390621],[-79.5491640196676,43.6305171819626],[-79.5496302704529,43.6315812427745],[-79.5487559473734,43.6317730689354],[-79.54857528539,43.6319727065035],[-79.5497753223202,43.6347147881276],[-79.5533063364957,43.6338788570426],[-79.5541898205944,43.6333975609301],[-79.5547159081608,43.6328117511567],[-79.5559586330333,43.6334655332738],[-79.5567861080724,43.6344146368381],[-79.556870389809,43.6350137357797],[-79.55641693283,43.6362371952495],[-79.5567130067678,43.6369381932411],[-79.5595890206421,43.6362468011073],[-79.5567720907607,43.6285413610649],[-79.5637636112434,43.6270347653492],[-79.5634434588626,43.6263172525316],[-79.5636051089014,43.6248970389601],[-79.5640882776584,43.6244241862126],[-79.5650890961063,43.6245901558268],[-79.565614802787,43.6240497618867],[-79.5659070750546,43.622532821916],[-79.5655843067797,43.6216328397883],[-79.5669103135639,43.6207139090961],[-79.5668269310409,43.6188731421702],[-79.566547815499,43.6178246219825],[-79.5669719433823,43.6172977920123],[-79.5678540907879,43.6167886828025],[-79.5678644303968,43.6160235563725],[-79.5683576737598,43.6143759850364],[-79.5678936831357,43.6138991862566],[-79.5672619348274,43.6136385181476],[-79.5663142993392,43.6134005345073],[-79.5651192040414,43.6134282346001],[-79.5643810763387,43.6132486240838],[-79.5639708328165,43.6126907664953],[-79.5642192789763,43.6122495482752],[-79.5652861676151,43.6117655228701],[-79.5663455732875,43.6109700868889],[-79.5671725560498,43.6106733039245],[-79.5673364051644,43.6100963331134],[-79.5670002672632,43.6089623244656],[-79.56640525466,43.6086116243248],[-79.5656602521505,43.6086769195131],[-79.5648073790433,43.6083920517739],[-79.5646141316628,43.6079556003771],[-79.5649084673606,43.6073568204084],[-79.5647084538693,43.6071139042076],[-79.5625193179124,43.6066815147808],[-79.5618697128928,43.6060531355447],[-79.5597851354451,43.6050588031957],[-79.5521433595625,43.611927771987],[-79.5508680267435,43.6128450067449],[-79.5493288533357,43.6136071115934],[-79.5467620611418,43.6143868131987],[-79.5386858393266,43.6155014355389],[-79.5302462795217,43.6171628232736],[-79.5131694919219,43.6204946720698],[-79.5147871268816,43.6236008418659],[-79.5179302053982,43.6313169764142],[-79.5187874703688,43.6334439670414],[-79.5205076004075,43.6376218896597],[-79.5207071512664,43.6381172986036],[-79.5234413750562,43.6446571529416]]]},"properties":{"id":"159","type":"social_vulnerability","riskLevel":"medium","label":"Etobicoke City Centre","sourceName":"City of Toronto Neighbourhood Profiles 2021","sourceUrl":"https://open.toronto.ca/dataset/neighbourhood-profiles/","lastUpdated":"2026-02-20","communityNeedIndex":0.3588,"socialVulnerabilityIndex":0.3588,"population":23600,"children":2785,"childrenShare":11.8,"olderAdults":3015,"olderAdultsShare":12.78,"lowIncomeRate":13.6,"unemploymentRate":11.1,"tenantShelterCostBurdenRate":38.8,"visibleMinorityPopulation":11900,"visibleMinorityShare":50.42,"immigrantPopulation":11470,"immigrantShare":48.6,"tsnsDesignation":"Not an NIA or Emerging Neighbourhood","isMock":false,"scoreName":"Community Need Index","scoreMethod":"Demo composite created by this project, not an official City of Toronto index. It averages normalized children share, older-adult share, low-income rate, unemployment rate, and tenant shelter cost burden rate."},"id":47},
{"type":"Feature","geometry":{"type":"Polygon","coordinates":[[[-79.526797564501,43.6509414666103],[-79.5293510733068,43.6511573855752],[-79.5308453237639,43.6508437356463],[-79.5311088526373,43.6500516974654],[-79.5319883419281,43.6500451091336],[-79.5322895766872,43.6503915948646],[-79.5322500696793,43.6510667085703],[-79.5325826906762,43.6520837850295],[-79.5346481618562,43.6521688168068],[-79.5355096399254,43.6525106495246],[-79.53696411388,43.6525867631675],[-79.5374376841383,43.6527936579737],[-79.5375227617822,43.6531671869689],[-79.5371712968256,43.6542204507757],[-79.5378679897358,43.6549898115301],[-79.5383384724844,43.6552011774269],[-79.539403542933,43.6551783295196],[-79.5401599504534,43.6548180477968],[-79.5401752191182,43.6544939938161],[-79.5396574221036,43.6536750508372],[-79.5404799824599,43.6535703828009],[-79.5432291299615,43.6598667688006],[-79.5552495074396,43.6570440053383],[-79.5673015388533,43.6542560191758],[-79.5626780349517,43.644493589333],[-79.5606406325312,43.6394494528433],[-79.5595890206421,43.6362468011073],[-79.5567130067678,43.6369381932411],[-79.55641693283,43.6362371952495],[-79.556870389809,43.6350137357797],[-79.5567861080724,43.6344146368381],[-79.5559586330333,43.6334655332738],[-79.5547159081608,43.6328117511567],[-79.5541898205944,43.6333975609301],[-79.5533063364957,43.6338788570426],[-79.5497753223202,43.6347147881276],[-79.54857528539,43.6319727065035],[-79.5487559473734,43.6317730689354],[-79.5496302704529,43.6315812427745],[-79.5491640196676,43.6305171819626],[-79.5469273799002,43.6310310390621],[-79.5436867335639,43.6326880582281],[-79.5427178762754,43.6334697086828],[-79.540738729601,43.6353631266227],[-79.5363272101402,43.6404803500969],[-79.5373422776652,43.6413905489409],[-79.5353642386135,43.6418035217619],[-79.5352270892259,43.6414627274023],[-79.5334604722696,43.6436095817379],[-79.5319862281922,43.6452205383292],[-79.5319557151169,43.6452537348443],[-79.5312062093529,43.6460689892929],[-79.5287524674425,43.6487793690366],[-79.5250375851964,43.6469719128738],[-79.5244599819434,43.6470196560058],[-79.5234413750562,43.6446571529416],[-79.5189804761026,43.645674811818],[-79.5170629538566,43.646111339145],[-79.5170284217188,43.646118977066],[-79.5174121793132,43.6465514709724],[-79.5186205624907,43.6472533054629],[-79.5200486044164,43.6473921984272],[-79.5204106623068,43.647639968757],[-79.5222190850598,43.6481706408952],[-79.5237530554255,43.6490884088703],[-79.525564323143,43.6505416753151],[-79.526797564501,43.6509414666103]]]},"properties":{"id":"158","type":"social_vulnerability","riskLevel":"medium","label":"Islington","sourceName":"City of Toronto Neighbourhood Profiles 2021","sourceUrl":"https://open.toronto.ca/dataset/neighbourhood-profiles/","lastUpdated":"2026-02-20","communityNeedIndex":0.4312,"socialVulnerabilityIndex":0.4312,"population":23460,"children":3430,"childrenShare":14.62,"olderAdults":4740,"olderAdultsShare":20.2,"lowIncomeRate":8.5,"unemploymentRate":13,"tenantShelterCostBurdenRate":38.8,"visibleMinorityPopulation":7900,"visibleMinorityShare":33.67,"immigrantPopulation":9720,"immigrantShare":41.43,"tsnsDesignation":"Not an NIA or Emerging Neighbourhood","isMock":false,"scoreName":"Community Need Index","scoreMethod":"Demo composite created by this project, not an official City of Toronto index. It averages normalized children share, older-adult share, low-income rate, unemployment rate, and tenant shelter cost burden rate."},"id":48},
{"type":"Feature","geometry":{"type":"Polygon","coordinates":[[[-79.2375868308678,43.753401649222],[-79.2380185162775,43.7535085750779],[-79.2382403714066,43.7541413094151],[-79.2401139732217,43.7551212151074],[-79.2425056936482,43.7557471610136],[-79.2430077126532,43.7556491880882],[-79.24323407463,43.7560117159845],[-79.2454259747031,43.7555571344643],[-79.2650557024752,43.7515303051816],[-79.2640067154634,43.748591655582],[-79.2682842826406,43.7458481087461],[-79.2666585412838,43.7420530583409],[-79.2665391399112,43.7420822579952],[-79.2659514557641,43.7422157499211],[-79.2617358633583,43.7431433376283],[-79.2614697347605,43.7425487113257],[-79.2602718403122,43.7426992440354],[-79.2577135219264,43.7421177996249],[-79.2559961982247,43.742348168763],[-79.2555242413407,43.7418160702217],[-79.2544220803523,43.7417056928601],[-79.2506421106723,43.7421746094663],[-79.2510011080025,43.7430035396229],[-79.2497356449736,43.7433874949931],[-79.2496170691527,43.7435051332987],[-79.2485848168563,43.7445332804076],[-79.2480493365054,43.7447388412562],[-79.2475749335089,43.7445968177675],[-79.2468724734146,43.7452779972382],[-79.2460541270554,43.7456305414429],[-79.2446050402975,43.7457838971508],[-79.2442776897164,43.7456750437184],[-79.2440720617546,43.7453497567931],[-79.2424645795543,43.7453446877585],[-79.2416653376662,43.7451346316746],[-79.2402281993999,43.7459561286063],[-79.2400752809858,43.747216066861],[-79.2395644189652,43.748512301631],[-79.2391987390675,43.7488769791652],[-79.2385265575882,43.7489784173877],[-79.2385598437627,43.7497466292844],[-79.2380327446933,43.7511917080921],[-79.2382652385703,43.7515842619908],[-79.2379967851325,43.7520653632588],[-79.2375906271482,43.7522060744985],[-79.2382400462165,43.752654806499],[-79.2375868308678,43.753401649222]]]},"properties":{"id":"157","type":"social_vulnerability","riskLevel":"medium","label":"Bendale South","sourceName":"City of Toronto Neighbourhood Profiles 2021","sourceUrl":"https://open.toronto.ca/dataset/neighbourhood-profiles/","lastUpdated":"2026-02-20","communityNeedIndex":0.4283,"socialVulnerabilityIndex":0.4283,"population":10725,"children":1610,"childrenShare":15.01,"olderAdults":1755,"olderAdultsShare":16.36,"lowIncomeRate":9.7,"unemploymentRate":15.4,"tenantShelterCostBurdenRate":34.7,"visibleMinorityPopulation":8095,"visibleMinorityShare":75.48,"immigrantPopulation":5695,"immigrantShare":53.1,"tsnsDesignation":"Not an NIA or Emerging Neighbourhood","isMock":false,"scoreName":"Community Need Index","scoreMethod":"Demo composite created by this project, not an official City of Toronto index. It averages normalized children share, older-adult share, low-income rate, unemployment rate, and tenant shelter cost burden rate."},"id":49},
{"type":"Feature","geometry":{"type":"Polygon","coordinates":[[[-79.4457734910371,43.6847168462023],[-79.4488089918069,43.6921842861644],[-79.4489581471784,43.6925547653881],[-79.4502822387543,43.6957005904697],[-79.4630564419946,43.6928514453832],[-79.4646239078423,43.6921641972779],[-79.4631552638624,43.6895655357696],[-79.4616416708806,43.6840068673848],[-79.4604431871376,43.6819100437749],[-79.4602133118496,43.6815670323603],[-79.4457734910371,43.6847168462023]]]},"properties":{"id":"109","type":"social_vulnerability","riskLevel":"medium","label":"Caledonia-Fairbank","sourceName":"City of Toronto Neighbourhood Profiles 2021","sourceUrl":"https://open.toronto.ca/dataset/neighbourhood-profiles/","lastUpdated":"2026-02-20","communityNeedIndex":0.4071,"socialVulnerabilityIndex":0.4071,"population":10015,"children":1440,"childrenShare":14.38,"olderAdults":1505,"olderAdultsShare":15.03,"lowIncomeRate":10.6,"unemploymentRate":12.9,"tenantShelterCostBurdenRate":39.4,"visibleMinorityPopulation":4030,"visibleMinorityShare":40.24,"immigrantPopulation":4975,"immigrantShare":49.68,"tsnsDesignation":"Not an NIA or Emerging Neighbourhood","isMock":false,"scoreName":"Community Need Index","scoreMethod":"Demo composite created by this project, not an official City of Toronto index. It averages normalized children share, older-adult share, low-income rate, unemployment rate, and tenant shelter cost burden rate."},"id":50},
{"type":"Feature","geometry":{"type":"Polygon","coordinates":[[[-79.4646239078423,43.6921641972779],[-79.4630564419946,43.6928514453832],[-79.4502822387543,43.6957005904697],[-79.4393936729573,43.6980489120647],[-79.4406886645079,43.701622110458],[-79.4388368872627,43.7020521796208],[-79.4396905760401,43.7056184084902],[-79.4422824689597,43.7051902591994],[-79.4671056673081,43.6996820606109],[-79.4654366532057,43.6937892071871],[-79.4646239078423,43.6921641972779]]]},"properties":{"id":"108","type":"social_vulnerability","riskLevel":"medium","label":"Briar Hill-Belgravia","sourceName":"City of Toronto Neighbourhood Profiles 2021","sourceUrl":"https://open.toronto.ca/dataset/neighbourhood-profiles/","lastUpdated":"2026-02-20","communityNeedIndex":0.404,"socialVulnerabilityIndex":0.404,"population":14575,"children":1910,"childrenShare":13.1,"olderAdults":2380,"olderAdultsShare":16.33,"lowIncomeRate":11.5,"unemploymentRate":13.9,"tenantShelterCostBurdenRate":35.1,"visibleMinorityPopulation":7155,"visibleMinorityShare":49.09,"immigrantPopulation":8135,"immigrantShare":55.81,"tsnsDesignation":"Not an NIA or Emerging Neighbourhood","isMock":false,"scoreName":"Community Need Index","scoreMethod":"Demo composite created by this project, not an official City of Toronto index. It averages normalized children share, older-adult share, low-income rate, unemployment rate, and tenant shelter cost burden rate."},"id":51},
{"type":"Feature","geometry":{"type":"Polygon","coordinates":[[[-79.429096087226,43.6816036707769],[-79.4318454700863,43.68882107003],[-79.4333502676631,43.6890569537438],[-79.4341577875265,43.6914732629251],[-79.4346887035375,43.6922797868774],[-79.4371925130503,43.6985225764649],[-79.4393936729573,43.6980489120647],[-79.4502822387543,43.6957005904697],[-79.4489581471784,43.6925547653881],[-79.4488089918069,43.6921842861644],[-79.4457734910371,43.6847168462023],[-79.4449524425455,43.6848961827168],[-79.4424532961874,43.6787663630446],[-79.4359189615905,43.680161979594],[-79.429096087226,43.6816036707769]]]},"properties":{"id":"107","type":"social_vulnerability","riskLevel":"medium","label":"Oakwood Village","sourceName":"City of Toronto Neighbourhood Profiles 2021","sourceUrl":"https://open.toronto.ca/dataset/neighbourhood-profiles/","lastUpdated":"2026-02-20","communityNeedIndex":0.4512,"socialVulnerabilityIndex":0.4512,"population":20710,"children":3075,"childrenShare":14.85,"olderAdults":3665,"olderAdultsShare":17.7,"lowIncomeRate":12,"unemploymentRate":12.6,"tenantShelterCostBurdenRate":41.6,"visibleMinorityPopulation":8930,"visibleMinorityShare":43.12,"immigrantPopulation":9010,"immigrantShare":43.51,"tsnsDesignation":"Not an NIA or Emerging Neighbourhood","isMock":false,"scoreName":"Community Need Index","scoreMethod":"Demo composite created by this project, not an official City of Toronto index. It averages normalized children share, older-adult share, low-income rate, unemployment rate, and tenant shelter cost burden rate."},"id":52},
{"type":"Feature","geometry":{"type":"Polygon","coordinates":[[[-79.4185443267784,43.6837667912492],[-79.4255652086961,43.7010011039847],[-79.4371925130503,43.6985225764649],[-79.4346887035375,43.6922797868774],[-79.4341577875265,43.6914732629251],[-79.4333502676631,43.6890569537438],[-79.4318454700863,43.68882107003],[-79.429096087226,43.6816036707769],[-79.4290369089101,43.6814582532198],[-79.4278629518692,43.6817011476831],[-79.4263473664241,43.6820268302965],[-79.4262909100035,43.6821967121207],[-79.4261964907789,43.6819691968271],[-79.4245827221682,43.6823318505241],[-79.4246588795414,43.6825088301217],[-79.4234308079878,43.6827403919215],[-79.4233672270286,43.6825863102591],[-79.4191299834279,43.6835054588773],[-79.4184903101821,43.6836380705215],[-79.4185443267784,43.6837667912492]]]},"properties":{"id":"106","type":"social_vulnerability","riskLevel":"medium","label":"Humewood-Cedarvale","sourceName":"City of Toronto Neighbourhood Profiles 2021","sourceUrl":"https://open.toronto.ca/dataset/neighbourhood-profiles/","lastUpdated":"2026-02-20","communityNeedIndex":0.4165,"socialVulnerabilityIndex":0.4165,"population":13845,"children":2135,"childrenShare":15.42,"olderAdults":2180,"olderAdultsShare":15.75,"lowIncomeRate":11.2,"unemploymentRate":10.8,"tenantShelterCostBurdenRate":43.1,"visibleMinorityPopulation":4385,"visibleMinorityShare":31.67,"immigrantPopulation":4440,"immigrantShare":32.07,"tsnsDesignation":"Not an NIA or Emerging Neighbourhood","isMock":false,"scoreName":"Community Need Index","scoreMethod":"Demo composite created by this project, not an official City of Toronto index. It averages normalized children share, older-adult share, low-income rate, unemployment rate, and tenant shelter cost burden rate."},"id":53},
{"type":"Feature","geometry":{"type":"Polygon","coordinates":[[[-79.390079753527,43.7276907521334],[-79.3908973426064,43.729939027252],[-79.3906511206752,43.7299997310797],[-79.3924111161496,43.736920502676],[-79.4045551575063,43.7342711018291],[-79.4049357934551,43.7360195560283],[-79.4169836845336,43.7333463319768],[-79.4158785285621,43.7277463688898],[-79.4145669954338,43.7244991962544],[-79.4142076765067,43.7225747303278],[-79.390079753527,43.7276907521334]]]},"properties":{"id":"105","type":"social_vulnerability","riskLevel":"medium","label":"Lawrence Park North","sourceName":"City of Toronto Neighbourhood Profiles 2021","sourceUrl":"https://open.toronto.ca/dataset/neighbourhood-profiles/","lastUpdated":"2026-02-20","communityNeedIndex":0.3951,"socialVulnerabilityIndex":0.3951,"population":14675,"children":2965,"childrenShare":20.2,"olderAdults":2180,"olderAdultsShare":14.86,"lowIncomeRate":5.6,"unemploymentRate":10.9,"tenantShelterCostBurdenRate":39.8,"visibleMinorityPopulation":3975,"visibleMinorityShare":27.09,"immigrantPopulation":3630,"immigrantShare":24.74,"tsnsDesignation":"Not an NIA or Emerging Neighbourhood","isMock":false,"scoreName":"Community Need Index","scoreMethod":"Demo composite created by this project, not an official City of Toronto index. It averages normalized children share, older-adult share, low-income rate, unemployment rate, and tenant shelter cost burden rate."},"id":54},
{"type":"Feature","geometry":{"type":"Polygon","coordinates":[[[-79.4109610851198,43.7040914129391],[-79.4085193500915,43.7046070498581],[-79.4088182079085,43.7052013547821],[-79.4096986700746,43.7058366166501],[-79.4102749537024,43.7081863477916],[-79.4114944741928,43.7111937408341],[-79.3998427949518,43.7136606615227],[-79.4004849915652,43.7166144902154],[-79.3882969318613,43.7190894214969],[-79.3892539277947,43.7236880653624],[-79.389658264894,43.7246332175149],[-79.3894641335712,43.7247062735662],[-79.390079753527,43.7276907521334],[-79.4142076765067,43.7225747303278],[-79.4135029553528,43.7187703794003],[-79.4222210656593,43.7170392206657],[-79.4193324825576,43.7099631806941],[-79.4177068912194,43.7105143398283],[-79.4173725795932,43.709956011281],[-79.4162275132702,43.7073672944958],[-79.4171025639851,43.7071654035561],[-79.4159656669413,43.7030376234127],[-79.4109610851198,43.7040914129391]]]},"properties":{"id":"103","type":"social_vulnerability","riskLevel":"medium","label":"Lawrence Park South","sourceName":"City of Toronto Neighbourhood Profiles 2021","sourceUrl":"https://open.toronto.ca/dataset/neighbourhood-profiles/","lastUpdated":"2026-02-20","communityNeedIndex":0.3971,"socialVulnerabilityIndex":0.3971,"population":14960,"children":2450,"childrenShare":16.38,"olderAdults":2605,"olderAdultsShare":17.41,"lowIncomeRate":7.2,"unemploymentRate":9.8,"tenantShelterCostBurdenRate":44.1,"visibleMinorityPopulation":3595,"visibleMinorityShare":24.03,"immigrantPopulation":3565,"immigrantShare":23.83,"tsnsDesignation":"Not an NIA or Emerging Neighbourhood","isMock":false,"scoreName":"Community Need Index","scoreMethod":"Demo composite created by this project, not an official City of Toronto index. It averages normalized children share, older-adult share, low-income rate, unemployment rate, and tenant shelter cost burden rate."},"id":55},
{"type":"Feature","geometry":{"type":"Polygon","coordinates":[[[-79.4393936729573,43.6980489120647],[-79.4371925130503,43.6985225764649],[-79.4255652086961,43.7010011039847],[-79.4159656669413,43.7030376234127],[-79.4171025639851,43.7071654035561],[-79.4162275132702,43.7073672944958],[-79.4173725795932,43.709956011281],[-79.4177068912194,43.7105143398283],[-79.4193324825576,43.7099631806941],[-79.4271561331492,43.7082946479316],[-79.4385469775643,43.7058696725],[-79.4396905760401,43.7056184084902],[-79.4388368872627,43.7020521796208],[-79.4406886645079,43.701622110458],[-79.4393936729573,43.6980489120647]]]},"properties":{"id":"102","type":"social_vulnerability","riskLevel":"medium","label":"Forest Hill North","sourceName":"City of Toronto Neighbourhood Profiles 2021","sourceUrl":"https://open.toronto.ca/dataset/neighbourhood-profiles/","lastUpdated":"2026-02-20","communityNeedIndex":0.4279,"socialVulnerabilityIndex":0.4279,"population":12290,"children":1890,"childrenShare":15.38,"olderAdults":2310,"olderAdultsShare":18.8,"lowIncomeRate":10.8,"unemploymentRate":11.6,"tenantShelterCostBurdenRate":39.2,"visibleMinorityPopulation":3785,"visibleMinorityShare":30.8,"immigrantPopulation":4790,"immigrantShare":38.97,"tsnsDesignation":"Not an NIA or Emerging Neighbourhood","isMock":false,"scoreName":"Community Need Index","scoreMethod":"Demo composite created by this project, not an official City of Toronto index. It averages normalized children share, older-adult share, low-income rate, unemployment rate, and tenant shelter cost burden rate."},"id":56},
{"type":"Feature","geometry":{"type":"Polygon","coordinates":[[[-79.4030208808151,43.6907907167244],[-79.4008725274737,43.6912061376841],[-79.40240680147,43.6955031281576],[-79.4046775502688,43.6950285513807],[-79.4058864589607,43.6981890773901],[-79.4091407174685,43.6992665717198],[-79.4109610851198,43.7040914129391],[-79.4159656669413,43.7030376234127],[-79.4255652086961,43.7010011039847],[-79.4185443267784,43.6837667912492],[-79.4182987758888,43.6835023023198],[-79.413412031473,43.6844781825846],[-79.4134719419159,43.684633140271],[-79.4118992460767,43.6849504412207],[-79.4128250677748,43.687237626643],[-79.4122764324948,43.6873492099754],[-79.4126723308203,43.6886775927099],[-79.4030208808151,43.6907907167244]]]},"properties":{"id":"101","type":"social_vulnerability","riskLevel":"medium","label":"Forest Hill South","sourceName":"City of Toronto Neighbourhood Profiles 2021","sourceUrl":"https://open.toronto.ca/dataset/neighbourhood-profiles/","lastUpdated":"2026-02-20","communityNeedIndex":0.432,"socialVulnerabilityIndex":0.432,"population":10860,"children":1360,"childrenShare":12.52,"olderAdults":2675,"olderAdultsShare":24.63,"lowIncomeRate":9.8,"unemploymentRate":8.9,"tenantShelterCostBurdenRate":45.7,"visibleMinorityPopulation":2410,"visibleMinorityShare":22.19,"immigrantPopulation":3010,"immigrantShare":27.72,"tsnsDesignation":"Not an NIA or Emerging Neighbourhood","isMock":false,"scoreName":"Community Need Index","scoreMethod":"Demo composite created by this project, not an official City of Toronto index. It averages normalized children share, older-adult share, low-income rate, unemployment rate, and tenant shelter cost burden rate."},"id":57},
{"type":"Feature","geometry":{"type":"Polygon","coordinates":[[[-79.3961113953825,43.6956752021976],[-79.3983697420404,43.7067405816954],[-79.3995664399327,43.7122969436951],[-79.3998427949518,43.7136606615227],[-79.4114944741928,43.7111937408341],[-79.4102749537024,43.7081863477916],[-79.4096986700746,43.7058366166501],[-79.4088182079085,43.7052013547821],[-79.4085193500915,43.7046070498581],[-79.4109610851198,43.7040914129391],[-79.4091407174685,43.6992665717198],[-79.4058864589607,43.6981890773901],[-79.4029665156724,43.6971577166425],[-79.3980431469425,43.6958537538308],[-79.3969184094943,43.6956174597352],[-79.3961113953825,43.6956752021976]]]},"properties":{"id":"100","type":"social_vulnerability","riskLevel":"medium","label":"Yonge-Eglinton","sourceName":"City of Toronto Neighbourhood Profiles 2021","sourceUrl":"https://open.toronto.ca/dataset/neighbourhood-profiles/","lastUpdated":"2026-02-20","communityNeedIndex":0.4216,"socialVulnerabilityIndex":0.4216,"population":12410,"children":1720,"childrenShare":13.86,"olderAdults":1945,"olderAdultsShare":15.67,"lowIncomeRate":10.5,"unemploymentRate":11.5,"tenantShelterCostBurdenRate":46.2,"visibleMinorityPopulation":3740,"visibleMinorityShare":30.14,"immigrantPopulation":3705,"immigrantShare":29.85,"tsnsDesignation":"Not an NIA or Emerging Neighbourhood","isMock":false,"scoreName":"Community Need Index","scoreMethod":"Demo composite created by this project, not an official City of Toronto index. It averages normalized children share, older-adult share, low-income rate, unemployment rate, and tenant shelter cost burden rate."},"id":58},
{"type":"Feature","geometry":{"type":"Polygon","coordinates":[[[-79.3774928301588,43.7130996546612],[-79.3857124042287,43.7113630121414],[-79.3860262486395,43.7121786687837],[-79.3861828761975,43.7121472845182],[-79.3862139794659,43.7126625476113],[-79.3873510220368,43.7154671349674],[-79.3882969318613,43.7190894214969],[-79.4004849915652,43.7166144902154],[-79.3998427949518,43.7136606615227],[-79.3995664399327,43.7122969436951],[-79.3922037212016,43.7137944115962],[-79.3902004143376,43.7084163448496],[-79.3870343694924,43.7005149638083],[-79.3864819981191,43.6981831470605],[-79.3862324335568,43.6975123126509],[-79.387648818045,43.6974063642844],[-79.3957195349842,43.6957087170007],[-79.3958885287503,43.695693955837],[-79.3961113953825,43.6956752021976],[-79.395382915586,43.6922818868274],[-79.3953454217026,43.6921071016223],[-79.3915458139521,43.6928640254764],[-79.3913058424987,43.6922337425477],[-79.3929212658061,43.691753869516],[-79.3927522504804,43.6913550066837],[-79.3929884669759,43.6913059639865],[-79.3927865041405,43.6913250645509],[-79.3926237392925,43.6909491351478],[-79.3887450744071,43.6917335615897],[-79.389128143892,43.6931135528447],[-79.3800847670958,43.6950377665752],[-79.3725715410288,43.696623792942],[-79.3720431537753,43.6967049082187],[-79.3717417824722,43.6967585961824],[-79.3728498301206,43.6995725284776],[-79.3731439636975,43.700369486886],[-79.3769572204504,43.7103113874271],[-79.3774928301588,43.7130996546612]]]},"properties":{"id":"99","type":"social_vulnerability","riskLevel":"medium","label":"Mount Pleasant East","sourceName":"City of Toronto Neighbourhood Profiles 2021","sourceUrl":"https://open.toronto.ca/dataset/neighbourhood-profiles/","lastUpdated":"2026-02-20","communityNeedIndex":0.4004,"socialVulnerabilityIndex":0.4004,"population":16370,"children":2780,"childrenShare":16.98,"olderAdults":2785,"olderAdultsShare":17.01,"lowIncomeRate":8.3,"unemploymentRate":10.6,"tenantShelterCostBurdenRate":40.3,"visibleMinorityPopulation":4745,"visibleMinorityShare":28.99,"immigrantPopulation":4620,"immigrantShare":28.22,"tsnsDesignation":"Not an NIA or Emerging Neighbourhood","isMock":false,"scoreName":"Community Need Index","scoreMethod":"Demo composite created by this project, not an official City of Toronto index. It averages normalized children share, older-adult share, low-income rate, unemployment rate, and tenant shelter cost burden rate."},"id":59},
{"type":"Feature","geometry":{"type":"Polygon","coordinates":[[[-79.3641878654177,43.6792115445608],[-79.3667697870377,43.6785178083381],[-79.3675232328125,43.6795927299733],[-79.3679519582735,43.6811907708917],[-79.3664775237532,43.6840724477079],[-79.3675501283721,43.6865693708165],[-79.3673001874157,43.6883588914966],[-79.3678748217366,43.6894089467702],[-79.3689077917869,43.6900684454226],[-79.3705976063796,43.690717645307],[-79.3737805835697,43.6925441383764],[-79.3772976226543,43.6935569138076],[-79.3799659020174,43.6947420762066],[-79.3800847670958,43.6950377665752],[-79.389128143892,43.6931135528447],[-79.3887450744071,43.6917335615897],[-79.3926237392925,43.6909491351478],[-79.3927865041405,43.6913250645509],[-79.3929884669759,43.6913059639865],[-79.3927522504804,43.6913550066837],[-79.3929212658061,43.691753869516],[-79.3913058424987,43.6922337425477],[-79.3915458139521,43.6928640254764],[-79.3953454217026,43.6921071016223],[-79.3948245407717,43.6897439626898],[-79.3911980644275,43.6810897102967],[-79.3867913042411,43.6702349758664],[-79.3805696148041,43.6716194044522],[-79.3761659232627,43.6724879021733],[-79.3714616976481,43.6718974879974],[-79.3707003781397,43.672018128215],[-79.3670020410645,43.6745838264323],[-79.3633940161163,43.6753312275707],[-79.3649597266559,43.6767372127385],[-79.363598338826,43.678072283836],[-79.3637346788316,43.6788060540782],[-79.3641878654177,43.6792115445608]]]},"properties":{"id":"98","type":"social_vulnerability","riskLevel":"medium","label":"Rosedale-Moore Park","sourceName":"City of Toronto Neighbourhood Profiles 2021","sourceUrl":"https://open.toronto.ca/dataset/neighbourhood-profiles/","lastUpdated":"2026-02-20","communityNeedIndex":0.4634,"socialVulnerabilityIndex":0.4634,"population":20080,"children":2395,"childrenShare":11.93,"olderAdults":5595,"olderAdultsShare":27.86,"lowIncomeRate":8.8,"unemploymentRate":9.4,"tenantShelterCostBurdenRate":48.1,"visibleMinorityPopulation":4325,"visibleMinorityShare":21.54,"immigrantPopulation":5650,"immigrantShare":28.14,"tsnsDesignation":"Not an NIA or Emerging Neighbourhood","isMock":false,"scoreName":"Community Need Index","scoreMethod":"Demo composite created by this project, not an official City of Toronto index. It averages normalized children share, older-adult share, low-income rate, unemployment rate, and tenant shelter cost burden rate."},"id":60},
{"type":"Feature","geometry":{"type":"Polygon","coordinates":[[[-79.3961113953825,43.6956752021976],[-79.3969184094943,43.6956174597352],[-79.3980431469425,43.6958537538308],[-79.4029665156724,43.6971577166425],[-79.4058864589607,43.6981890773901],[-79.4046775502688,43.6950285513807],[-79.40240680147,43.6955031281576],[-79.4008725274737,43.6912061376841],[-79.4030208808151,43.6907907167244],[-79.402341782308,43.6887297944885],[-79.4014987322785,43.6866492836474],[-79.3979346070999,43.6780035394574],[-79.3911980644275,43.6810897102967],[-79.3948245407717,43.6897439626898],[-79.3953454217026,43.6921071016223],[-79.395382915586,43.6922818868274],[-79.3961113953825,43.6956752021976]]]},"properties":{"id":"97","type":"social_vulnerability","riskLevel":"medium","label":"Yonge-St. Clair","sourceName":"City of Toronto Neighbourhood Profiles 2021","sourceUrl":"https://open.toronto.ca/dataset/neighbourhood-profiles/","lastUpdated":"2026-02-20","communityNeedIndex":0.412,"socialVulnerabilityIndex":0.412,"population":12905,"children":1310,"childrenShare":10.15,"olderAdults":3285,"olderAdultsShare":25.46,"lowIncomeRate":9.8,"unemploymentRate":8.5,"tenantShelterCostBurdenRate":46.2,"visibleMinorityPopulation":3190,"visibleMinorityShare":24.72,"immigrantPopulation":3730,"immigrantShare":28.9,"tsnsDesignation":"Not an NIA or Emerging Neighbourhood","isMock":false,"scoreName":"Community Need Index","scoreMethod":"Demo composite created by this project, not an official City of Toronto index. It averages normalized children share, older-adult share, low-income rate, unemployment rate, and tenant shelter cost burden rate."},"id":61},
{"type":"Feature","geometry":{"type":"Polygon","coordinates":[[[-79.3979346070999,43.6780035394574],[-79.4014987322785,43.6866492836474],[-79.402341782308,43.6887297944885],[-79.4030208808151,43.6907907167244],[-79.4126723308203,43.6886775927099],[-79.4122764324948,43.6873492099754],[-79.4128250677748,43.687237626643],[-79.4118992460767,43.6849504412207],[-79.4134719419159,43.684633140271],[-79.413412031473,43.6844781825846],[-79.4182987758888,43.6835023023198],[-79.4185443267784,43.6837667912492],[-79.4184903101821,43.6836380705215],[-79.4146964238016,43.6739190012437],[-79.4073370584815,43.6754375924208],[-79.4049702600159,43.6759293902295],[-79.4007511039934,43.6769137897813],[-79.3979346070999,43.6780035394574]]]},"properties":{"id":"96","type":"social_vulnerability","riskLevel":"medium","label":"Casa Loma","sourceName":"City of Toronto Neighbourhood Profiles 2021","sourceUrl":"https://open.toronto.ca/dataset/neighbourhood-profiles/","lastUpdated":"2026-02-20","communityNeedIndex":0.4576,"socialVulnerabilityIndex":0.4576,"population":11350,"children":1175,"childrenShare":10.35,"olderAdults":2915,"olderAdultsShare":25.68,"lowIncomeRate":10.7,"unemploymentRate":11,"tenantShelterCostBurdenRate":45.8,"visibleMinorityPopulation":2695,"visibleMinorityShare":23.74,"immigrantPopulation":3180,"immigrantShare":28.02,"tsnsDesignation":"Not an NIA or Emerging Neighbourhood","isMock":false,"scoreName":"Community Need Index","scoreMethod":"Demo composite created by this project, not an official City of Toronto index. It averages normalized children share, older-adult share, low-income rate, unemployment rate, and tenant shelter cost burden rate."},"id":62},
{"type":"Feature","geometry":{"type":"Polygon","coordinates":[[[-79.4184197906356,43.6635933372263],[-79.4112162372032,43.665124327202],[-79.3941446526455,43.6687288440405],[-79.3867913042411,43.6702349758664],[-79.3911980644275,43.6810897102967],[-79.3979346070999,43.6780035394574],[-79.4007511039934,43.6769137897813],[-79.4049702600159,43.6759293902295],[-79.4073370584815,43.6754375924208],[-79.4146964238016,43.6739190012437],[-79.4218563334843,43.6724270647154],[-79.4196273617361,43.666581457322],[-79.4194711366233,43.6661820489225],[-79.4184197906356,43.6635933372263]]]},"properties":{"id":"95","type":"social_vulnerability","riskLevel":"medium","label":"Annex","sourceName":"City of Toronto Neighbourhood Profiles 2021","sourceUrl":"https://open.toronto.ca/dataset/neighbourhood-profiles/","lastUpdated":"2026-02-20","communityNeedIndex":0.4315,"socialVulnerabilityIndex":0.4315,"population":29300,"children":2435,"childrenShare":8.31,"olderAdults":5785,"olderAdultsShare":19.74,"lowIncomeRate":14.4,"unemploymentRate":11.6,"tenantShelterCostBurdenRate":46.1,"visibleMinorityPopulation":8380,"visibleMinorityShare":28.6,"immigrantPopulation":9115,"immigrantShare":31.11,"tsnsDesignation":"Not an NIA or Emerging Neighbourhood","isMock":false,"scoreName":"Community Need Index","scoreMethod":"Demo composite created by this project, not an official City of Toronto index. It averages normalized children share, older-adult share, low-income rate, unemployment rate, and tenant shelter cost burden rate."},"id":63},
{"type":"Feature","geometry":{"type":"Polygon","coordinates":[[[-79.4146964238016,43.6739190012437],[-79.4184903101821,43.6836380705215],[-79.4191299834279,43.6835054588773],[-79.4233672270286,43.6825863102591],[-79.4234308079878,43.6827403919215],[-79.4246588795414,43.6825088301217],[-79.4245827221682,43.6823318505241],[-79.4261964907789,43.6819691968271],[-79.4262909100035,43.6821967121207],[-79.4263473664241,43.6820268302965],[-79.4278629518692,43.6817011476831],[-79.4290369089101,43.6814582532198],[-79.429096087226,43.6816036707769],[-79.4359189615905,43.680161979594],[-79.4356927909548,43.679600611811],[-79.4359148562897,43.6795560903286],[-79.4337854816553,43.6744163465437],[-79.4346540483305,43.6742992255408],[-79.433012283724,43.6702821709383],[-79.4218563334843,43.6724270647154],[-79.4146964238016,43.6739190012437]]]},"properties":{"id":"94","type":"social_vulnerability","riskLevel":"medium","label":"Wychwood","sourceName":"City of Toronto Neighbourhood Profiles 2021","sourceUrl":"https://open.toronto.ca/dataset/neighbourhood-profiles/","lastUpdated":"2026-02-20","communityNeedIndex":0.4187,"socialVulnerabilityIndex":0.4187,"population":12800,"children":1770,"childrenShare":13.83,"olderAdults":2340,"olderAdultsShare":18.28,"lowIncomeRate":11.2,"unemploymentRate":12.5,"tenantShelterCostBurdenRate":38,"visibleMinorityPopulation":3875,"visibleMinorityShare":30.27,"immigrantPopulation":4325,"immigrantShare":33.79,"tsnsDesignation":"Not an NIA or Emerging Neighbourhood","isMock":false,"scoreName":"Community Need Index","scoreMethod":"Demo composite created by this project, not an official City of Toronto index. It averages normalized children share, older-adult share, low-income rate, unemployment rate, and tenant shelter cost burden rate."},"id":64},
{"type":"Feature","geometry":{"type":"Polygon","coordinates":[[[-79.4359189615905,43.680161979594],[-79.4424532961874,43.6787663630446],[-79.4449524425455,43.6848961827168],[-79.4457734910371,43.6847168462023],[-79.4602133118496,43.6815670323603],[-79.4557814347679,43.6748593668633],[-79.4549778665934,43.6740714379493],[-79.4526200584672,43.6724322796169],[-79.4513825276537,43.6710495793163],[-79.44475438289,43.6721739120825],[-79.4395288253901,43.6733310610674],[-79.437655938634,43.6739143946232],[-79.4346540483305,43.6742992255408],[-79.4337854816553,43.6744163465437],[-79.4359148562897,43.6795560903286],[-79.4356927909548,43.679600611811],[-79.4359189615905,43.680161979594]]]},"properties":{"id":"92","type":"social_vulnerability","riskLevel":"medium","label":"Corso Italia-Davenport","sourceName":"City of Toronto Neighbourhood Profiles 2021","sourceUrl":"https://open.toronto.ca/dataset/neighbourhood-profiles/","lastUpdated":"2026-02-20","communityNeedIndex":0.3742,"socialVulnerabilityIndex":0.3742,"population":13200,"children":1850,"childrenShare":14.02,"olderAdults":2095,"olderAdultsShare":15.87,"lowIncomeRate":8.8,"unemploymentRate":11.3,"tenantShelterCostBurdenRate":39.8,"visibleMinorityPopulation":3550,"visibleMinorityShare":26.89,"immigrantPopulation":4985,"immigrantShare":37.77,"tsnsDesignation":"Not an NIA or Emerging Neighbourhood","isMock":false,"scoreName":"Community Need Index","scoreMethod":"Demo composite created by this project, not an official City of Toronto index. It averages normalized children share, older-adult share, low-income rate, unemployment rate, and tenant shelter cost burden rate."},"id":65},
{"type":"Feature","geometry":{"type":"Polygon","coordinates":[[[-79.4513825276537,43.6710495793163],[-79.4526200584672,43.6724322796169],[-79.4549778665934,43.6740714379493],[-79.4557814347679,43.6748593668633],[-79.4602133118496,43.6815670323603],[-79.4604431871376,43.6819100437749],[-79.4654801936492,43.6807283542605],[-79.465332153087,43.680365097077],[-79.4660127526789,43.6802102998781],[-79.4704808579178,43.6792767448675],[-79.4705693653294,43.6794993153044],[-79.4724228888996,43.6792277579122],[-79.4687108111937,43.6761495392668],[-79.4600491411382,43.667234543151],[-79.4513434329725,43.6671301027903],[-79.4490186370347,43.6672694832765],[-79.4499322524247,43.6690962490828],[-79.4513825276537,43.6710495793163]]]},"properties":{"id":"91","type":"social_vulnerability","riskLevel":"medium","label":"Weston-Pelham Park","sourceName":"City of Toronto Neighbourhood Profiles 2021","sourceUrl":"https://open.toronto.ca/dataset/neighbourhood-profiles/","lastUpdated":"2026-02-20","communityNeedIndex":0.4,"socialVulnerabilityIndex":0.4,"population":10680,"children":1565,"childrenShare":14.65,"olderAdults":1485,"olderAdultsShare":13.9,"lowIncomeRate":13.1,"unemploymentRate":15.2,"tenantShelterCostBurdenRate":29,"visibleMinorityPopulation":4350,"visibleMinorityShare":40.73,"immigrantPopulation":4585,"immigrantShare":42.93,"tsnsDesignation":"Neighbourhood Improvement Area","isMock":false,"scoreName":"Community Need Index","scoreMethod":"Demo composite created by this project, not an official City of Toronto index. It averages normalized children share, older-adult share, low-income rate, unemployment rate, and tenant shelter cost burden rate."},"id":66},
{"type":"Feature","geometry":{"type":"Polygon","coordinates":[[[-79.4724228888996,43.6792277579122],[-79.4734541593373,43.6790235821488],[-79.4738288277777,43.6793879791896],[-79.4760050414693,43.6788756876006],[-79.4758341262066,43.6783780771552],[-79.4736594980416,43.6766613057802],[-79.4738808357411,43.6756888536082],[-79.4735036475263,43.6752108506529],[-79.4783691252261,43.6740866189643],[-79.4782451163943,43.6737961583431],[-79.47884282574,43.6736510259406],[-79.4785720483605,43.6730094688269],[-79.4807812949017,43.6725163722787],[-79.4800789623682,43.670779157816],[-79.4839435120255,43.6699218765306],[-79.4826315539941,43.6668368195097],[-79.4821090183664,43.6655878570146],[-79.4824268629751,43.6654908718437],[-79.4823078514713,43.6651937550088],[-79.4826774102944,43.6651051305682],[-79.4808097175973,43.6603360464718],[-79.4801381694302,43.6604565500566],[-79.4800184410709,43.6600687058996],[-79.474959725872,43.661194669528],[-79.4733968818565,43.6620152476909],[-79.4708262951788,43.6625513347986],[-79.4701534175051,43.6609371303015],[-79.4692840109052,43.6602708990231],[-79.4560227950167,43.6631390757932],[-79.4600491411382,43.667234543151],[-79.4687108111937,43.6761495392668],[-79.4724228888996,43.6792277579122]]]},"properties":{"id":"90","type":"social_vulnerability","riskLevel":"medium","label":"Junction Area","sourceName":"City of Toronto Neighbourhood Profiles 2021","sourceUrl":"https://open.toronto.ca/dataset/neighbourhood-profiles/","lastUpdated":"2026-02-20","communityNeedIndex":0.3627,"socialVulnerabilityIndex":0.3627,"population":14010,"children":2050,"childrenShare":14.63,"olderAdults":1780,"olderAdultsShare":12.71,"lowIncomeRate":8.8,"unemploymentRate":12.8,"tenantShelterCostBurdenRate":37,"visibleMinorityPopulation":4435,"visibleMinorityShare":31.66,"immigrantPopulation":4250,"immigrantShare":30.34,"tsnsDesignation":"Not an NIA or Emerging Neighbourhood","isMock":false,"scoreName":"Community Need Index","scoreMethod":"Demo composite created by this project, not an official City of Toronto index. It averages normalized children share, older-adult share, low-income rate, unemployment rate, and tenant shelter cost burden rate."},"id":67},
{"type":"Feature","geometry":{"type":"Polygon","coordinates":[[[-79.2789192010323,43.7070249994652],[-79.2793078535468,43.7078968931987],[-79.2807355801638,43.7114082528474],[-79.2810064653411,43.7120542445611],[-79.2824584904882,43.7117267068943],[-79.2818875958538,43.710901345644],[-79.281024153169,43.7107748564795],[-79.2812901883421,43.7099389322173],[-79.2809427334649,43.7091679660595],[-79.2812632649347,43.70818423671],[-79.2809639372989,43.7069704628675],[-79.2817934874464,43.7062319660958],[-79.2825939905691,43.7060472183965],[-79.2822195467075,43.7055043232698],[-79.2825384962441,43.7039376738126],[-79.2832137149274,43.7032287914368],[-79.2828954912296,43.7027093545781],[-79.281934471742,43.7023253390851],[-79.2823368720735,43.7009749607077],[-79.2822711064116,43.7007580032159],[-79.2818670370102,43.699636033655],[-79.2822540447094,43.6993803785029],[-79.2865269586134,43.6982425029373],[-79.287382793466,43.6983009774236],[-79.2879629946468,43.6985854605642],[-79.2886460053169,43.6985793172483],[-79.290105133443,43.6978105060796],[-79.2909622717511,43.697664275696],[-79.2877597166778,43.6897874106788],[-79.2875571223267,43.6892994335464],[-79.2799739471434,43.6909875495502],[-79.2763053874232,43.6921142322492],[-79.2725803739772,43.693925700351],[-79.2698635227067,43.6958478895189],[-79.2676687363466,43.6986035229093],[-79.2675492631088,43.6991974638997],[-79.2678713702236,43.6999288332047],[-79.2698507405785,43.7016290275884],[-79.2742964139864,43.7005911873893],[-79.274338156901,43.7005795317802],[-79.2760911311431,43.7002113979395],[-79.2789192010323,43.7070249994652]]]},"properties":{"id":"121","type":"social_vulnerability","riskLevel":"high","label":"Oakridge","sourceName":"City of Toronto Neighbourhood Profiles 2021","sourceUrl":"https://open.toronto.ca/dataset/neighbourhood-profiles/","lastUpdated":"2026-02-20","communityNeedIndex":0.59,"socialVulnerabilityIndex":0.59,"population":13705,"children":2565,"childrenShare":18.72,"olderAdults":1700,"olderAdultsShare":12.4,"lowIncomeRate":22.5,"unemploymentRate":21.1,"tenantShelterCostBurdenRate":28.8,"visibleMinorityPopulation":10580,"visibleMinorityShare":77.2,"immigrantPopulation":7245,"immigrantShare":52.86,"tsnsDesignation":"Neighbourhood Improvement Area","isMock":false,"scoreName":"Community Need Index","scoreMethod":"Demo composite created by this project, not an official City of Toronto index. It averages normalized children share, older-adult share, low-income rate, unemployment rate, and tenant shelter cost burden rate."},"id":68},
{"type":"Feature","geometry":{"type":"Polygon","coordinates":[[[-79.2748483344054,43.72260451338],[-79.2778627355458,43.7299707066397],[-79.3002944021139,43.7250246764204],[-79.3026482325,43.7247316235764],[-79.2991644849798,43.7163815509382],[-79.2934792820069,43.7030250714307],[-79.2923269429234,43.7003484246201],[-79.2922264070701,43.7001155773388],[-79.2911597115691,43.6980808733001],[-79.2909622717511,43.697664275696],[-79.290105133443,43.6978105060796],[-79.2886460053169,43.6985793172483],[-79.2879629946468,43.6985854605642],[-79.287382793466,43.6983009774236],[-79.2865269586134,43.6982425029373],[-79.2822540447094,43.6993803785029],[-79.2818670370102,43.699636033655],[-79.2822711064116,43.7007580032159],[-79.2823368720735,43.7009749607077],[-79.281934471742,43.7023253390851],[-79.2828954912296,43.7027093545781],[-79.2832137149274,43.7032287914368],[-79.2825384962441,43.7039376738126],[-79.2822195467075,43.7055043232698],[-79.2825939905691,43.7060472183965],[-79.2817934874464,43.7062319660958],[-79.2809639372989,43.7069704628675],[-79.2812632649347,43.70818423671],[-79.2809427334649,43.7091679660595],[-79.2812901883421,43.7099389322173],[-79.281024153169,43.7107748564795],[-79.2818875958538,43.710901345644],[-79.2824584904882,43.7117267068943],[-79.2810064653411,43.7120542445611],[-79.2807355801638,43.7114082528474],[-79.2793078535468,43.7078968931987],[-79.2789192010323,43.7070249994652],[-79.2760911311431,43.7002113979395],[-79.274338156901,43.7005795317802],[-79.2742964139864,43.7005911873893],[-79.2698507405785,43.7016290275884],[-79.2678713702236,43.6999288332047],[-79.2675492631088,43.6991974638997],[-79.2676687363466,43.6986035229093],[-79.2698635227067,43.6958478895189],[-79.268424100923,43.6972312614798],[-79.2667445414975,43.6993137679871],[-79.2542785664009,43.7180968777304],[-79.2647182781865,43.7157942691155],[-79.2711204373674,43.7141667980445],[-79.2748483344054,43.72260451338]]]},"properties":{"id":"120","type":"social_vulnerability","riskLevel":"medium","label":"Clairlea-Birchmount","sourceName":"City of Toronto Neighbourhood Profiles 2021","sourceUrl":"https://open.toronto.ca/dataset/neighbourhood-profiles/","lastUpdated":"2026-02-20","communityNeedIndex":0.4535,"socialVulnerabilityIndex":0.4535,"population":26840,"children":4495,"childrenShare":16.75,"olderAdults":3660,"olderAdultsShare":13.64,"lowIncomeRate":11.5,"unemploymentRate":14.9,"tenantShelterCostBurdenRate":38.9,"visibleMinorityPopulation":18010,"visibleMinorityShare":67.1,"immigrantPopulation":13590,"immigrantShare":50.63,"tsnsDesignation":"Not an NIA or Emerging Neighbourhood","isMock":false,"scoreName":"Community Need Index","scoreMethod":"Demo composite created by this project, not an official City of Toronto index. It averages normalized children share, older-adult share, low-income rate, unemployment rate, and tenant shelter cost burden rate."},"id":69},
{"type":"Feature","geometry":{"type":"Polygon","coordinates":[[[-79.2815788826199,43.7394603458867],[-79.2913660393185,43.7634357208558],[-79.2915235831581,43.7640875125868],[-79.2913704401651,43.7655861185696],[-79.2944282559849,43.7727354586208],[-79.3115000166124,43.768818667701],[-79.3149546048185,43.768430943638],[-79.3195994616743,43.7683738123056],[-79.3197973695145,43.7683719102839],[-79.3175349463018,43.7630295426941],[-79.3172432812954,43.7623884345139],[-79.3152486674284,43.7578780271022],[-79.3140220331793,43.7543497032981],[-79.312756287181,43.7506908549809],[-79.3124371876258,43.7497451873989],[-79.3097969788187,43.7421526435632],[-79.3026482325,43.7247316235764],[-79.3002944021139,43.7250246764204],[-79.2778627355458,43.7299707066397],[-79.2787472500122,43.7325017059394],[-79.278905714625,43.7328710629777],[-79.2815788826199,43.7394603458867]]]},"properties":{"id":"119","type":"social_vulnerability","riskLevel":"medium","label":"Wexford/Maryvale","sourceName":"City of Toronto Neighbourhood Profiles 2021","sourceUrl":"https://open.toronto.ca/dataset/neighbourhood-profiles/","lastUpdated":"2026-02-20","communityNeedIndex":0.4916,"socialVulnerabilityIndex":0.4916,"population":28345,"children":4175,"childrenShare":14.73,"olderAdults":4760,"olderAdultsShare":16.79,"lowIncomeRate":11.6,"unemploymentRate":16.1,"tenantShelterCostBurdenRate":41.7,"visibleMinorityPopulation":17620,"visibleMinorityShare":62.16,"immigrantPopulation":14400,"immigrantShare":50.8,"tsnsDesignation":"Not an NIA or Emerging Neighbourhood","isMock":false,"scoreName":"Community Need Index","scoreMethod":"Demo composite created by this project, not an official City of Toronto index. It averages normalized children share, older-adult share, low-income rate, unemployment rate, and tenant shelter cost burden rate."},"id":70},
{"type":"Feature","geometry":{"type":"Polygon","coordinates":[[[-79.3195994616743,43.7683738123056],[-79.3149546048185,43.768430943638],[-79.3115000166124,43.768818667701],[-79.2944282559849,43.7727354586208],[-79.2846177942929,43.7750167671866],[-79.2874313123729,43.7817428652933],[-79.2896737741217,43.7863134767264],[-79.2899241732189,43.7868900105244],[-79.2917107579273,43.7911058143048],[-79.2869037021621,43.7921591141055],[-79.288577003025,43.79607766949],[-79.291353886011,43.7953266423046],[-79.2934545729467,43.7951594096343],[-79.2955681983175,43.7945871191508],[-79.2963850876093,43.7939224933617],[-79.2981108384067,43.7915222601616],[-79.3069012568053,43.7892781098478],[-79.3076475510923,43.7885502852274],[-79.3080647790159,43.7867778057818],[-79.3084375493161,43.7862743763417],[-79.3092261156253,43.7859066484632],[-79.3109559762151,43.7854864779072],[-79.3160351074253,43.7842436062988],[-79.3170491490743,43.7836960648392],[-79.3190932313673,43.7820521171359],[-79.3201682129285,43.7816847563158],[-79.317767366517,43.7765233906989],[-79.3230203352094,43.7752532275258],[-79.3208822325438,43.7705537988459],[-79.3198892060827,43.7685717195385],[-79.3195994616743,43.7683738123056]]]},"properties":{"id":"118","type":"social_vulnerability","riskLevel":"medium","label":"Tam O'Shanter-Sullivan","sourceName":"City of Toronto Neighbourhood Profiles 2021","sourceUrl":"https://open.toronto.ca/dataset/neighbourhood-profiles/","lastUpdated":"2026-02-20","communityNeedIndex":0.4997,"socialVulnerabilityIndex":0.4997,"population":27205,"children":3665,"childrenShare":13.47,"olderAdults":6180,"olderAdultsShare":22.72,"lowIncomeRate":14.4,"unemploymentRate":15.6,"tenantShelterCostBurdenRate":33.9,"visibleMinorityPopulation":21185,"visibleMinorityShare":77.87,"immigrantPopulation":16410,"immigrantShare":60.32,"tsnsDesignation":"Not an NIA or Emerging Neighbourhood","isMock":false,"scoreName":"Community Need Index","scoreMethod":"Demo composite created by this project, not an official City of Toronto index. It averages normalized children share, older-adult share, low-income rate, unemployment rate, and tenant shelter cost burden rate."},"id":71},
{"type":"Feature","geometry":{"type":"Polygon","coordinates":[[[-79.3206802831831,43.8056992112808],[-79.3093500193541,43.808210779138],[-79.3093990116731,43.8083601709884],[-79.3090337593735,43.8082848248867],[-79.3010155579459,43.8100938259575],[-79.3070698633977,43.8236985461745],[-79.3413211258929,43.8156593667052],[-79.3355388150378,43.8023378665384],[-79.3206802831831,43.8056992112808]]]},"properties":{"id":"116","type":"social_vulnerability","riskLevel":"high","label":"Steeles","sourceName":"City of Toronto Neighbourhood Profiles 2021","sourceUrl":"https://open.toronto.ca/dataset/neighbourhood-profiles/","lastUpdated":"2026-02-20","communityNeedIndex":0.6031,"socialVulnerabilityIndex":0.6031,"population":22765,"children":2755,"childrenShare":12.1,"olderAdults":6225,"olderAdultsShare":27.34,"lowIncomeRate":14.8,"unemploymentRate":18.6,"tenantShelterCostBurdenRate":40.2,"visibleMinorityPopulation":20830,"visibleMinorityShare":91.5,"immigrantPopulation":15825,"immigrantShare":69.51,"tsnsDesignation":"Emerging Neighbourhood","isMock":false,"scoreName":"Community Need Index","scoreMethod":"Demo composite created by this project, not an official City of Toronto index. It averages normalized children share, older-adult share, low-income rate, unemployment rate, and tenant shelter cost burden rate."},"id":72},
{"type":"Feature","geometry":{"type":"Polygon","coordinates":[[[-79.4976474401439,43.6929935181815],[-79.502960181837,43.6957456760758],[-79.5036572080222,43.6953513453933],[-79.5063829580039,43.6947190381042],[-79.5056187692766,43.6940616144848],[-79.5090335764886,43.6932814423556],[-79.5094944885861,43.6940029488034],[-79.5115540955639,43.6935647918621],[-79.5132923832494,43.6933925708196],[-79.5132770966182,43.6915819076372],[-79.512555567087,43.6888303810161],[-79.511267976756,43.6868109921665],[-79.5102363227377,43.6841328582496],[-79.5069708038478,43.6846734166273],[-79.5055218581254,43.6846150230477],[-79.5017978570808,43.6839942685436],[-79.5003575549481,43.684124882162],[-79.4988263603766,43.6844849919067],[-79.4977435311332,43.6811029853913],[-79.496811341278,43.681140578437],[-79.4957849037765,43.6813241276092],[-79.4950757467417,43.6817076903141],[-79.4840030029552,43.6842379901037],[-79.4828893327514,43.6853586269879],[-79.4870785685867,43.6874714054226],[-79.4979874138513,43.6928304389342],[-79.4976474401439,43.6929935181815]]]},"properties":{"id":"115","type":"social_vulnerability","riskLevel":"high","label":"Mount Dennis","sourceName":"City of Toronto Neighbourhood Profiles 2021","sourceUrl":"https://open.toronto.ca/dataset/neighbourhood-profiles/","lastUpdated":"2026-02-20","communityNeedIndex":0.5264,"socialVulnerabilityIndex":0.5264,"population":13055,"children":2145,"childrenShare":16.43,"olderAdults":1755,"olderAdultsShare":13.44,"lowIncomeRate":14.9,"unemploymentRate":18.7,"tenantShelterCostBurdenRate":37.8,"visibleMinorityPopulation":9370,"visibleMinorityShare":71.77,"immigrantPopulation":7060,"immigrantShare":54.08,"tsnsDesignation":"Neighbourhood Improvement Area","isMock":false,"scoreName":"Community Need Index","scoreMethod":"Demo composite created by this project, not an official City of Toronto index. It averages normalized children share, older-adult share, low-income rate, unemployment rate, and tenant shelter cost burden rate."},"id":73},
{"type":"Feature","geometry":{"type":"Polygon","coordinates":[[[-79.488300066269,43.6587009466348],[-79.4890316470499,43.6604216085651],[-79.4928155666223,43.6596126247513],[-79.494969804827,43.6593845734545],[-79.4952767277186,43.6595293731663],[-79.4955263443832,43.6597061516127],[-79.4946222601183,43.6602711368802],[-79.4942300646484,43.6609435445716],[-79.4947448235607,43.6627989184672],[-79.4962906543831,43.6644312813584],[-79.4977294060236,43.6649250246319],[-79.4986168256416,43.6656138129719],[-79.4992107216389,43.6655327524729],[-79.4992367081035,43.6658703119159],[-79.5059673811838,43.6654558988413],[-79.5077900215728,43.6651902134389],[-79.509984534845,43.664334861628],[-79.5122149106599,43.6626422401082],[-79.5113061596472,43.6621292837233],[-79.5102506661378,43.6619448830026],[-79.50660438284,43.6630254471871],[-79.5055252654353,43.6628140003062],[-79.5014835320713,43.6600102864253],[-79.5001481837065,43.6593532245952],[-79.4995229508789,43.6586961256792],[-79.4995322673067,43.657921990743],[-79.5000289476239,43.6571748621961],[-79.5016144803886,43.6560901326133],[-79.5026939427464,43.6548073835533],[-79.502873215036,43.6536417036371],[-79.5024904446901,43.6528856166973],[-79.5015250737633,43.652408615728],[-79.50034319448,43.6521791175356],[-79.4966496544083,43.6519855398462],[-79.493652685076,43.6523139894523],[-79.4919645332648,43.6519223332563],[-79.4912409744394,43.6512651718719],[-79.4908812171344,43.650054424187],[-79.4919737068605,43.6484747125824],[-79.4926244707068,43.6474449281897],[-79.4849104819535,43.6490881163688],[-79.4844863037646,43.6493389464074],[-79.4881248139402,43.6582766497191],[-79.488300066269,43.6587009466348]]]},"properties":{"id":"114","type":"social_vulnerability","riskLevel":"medium","label":"Lambton Baby Point","sourceName":"City of Toronto Neighbourhood Profiles 2021","sourceUrl":"https://open.toronto.ca/dataset/neighbourhood-profiles/","lastUpdated":"2026-02-20","communityNeedIndex":0.4255,"socialVulnerabilityIndex":0.4255,"population":7965,"children":1540,"childrenShare":19.33,"olderAdults":1215,"olderAdultsShare":15.25,"lowIncomeRate":12,"unemploymentRate":13.2,"tenantShelterCostBurdenRate":30.4,"visibleMinorityPopulation":2165,"visibleMinorityShare":27.18,"immigrantPopulation":2375,"immigrantShare":29.82,"tsnsDesignation":"Not an NIA or Emerging Neighbourhood","isMock":false,"scoreName":"Community Need Index","scoreMethod":"Demo composite created by this project, not an official City of Toronto index. It averages normalized children share, older-adult share, low-income rate, unemployment rate, and tenant shelter cost burden rate."},"id":74},
{"type":"Feature","geometry":{"type":"Polygon","coordinates":[[[-79.5057915566282,43.7102097687629],[-79.5202918753819,43.7068960072108],[-79.5208478139651,43.7080484831622],[-79.5222383081086,43.7076945338995],[-79.5223408966123,43.707884027291],[-79.5237238574838,43.7075593065315],[-79.5231158211057,43.7064518513255],[-79.5254657348372,43.7058801399981],[-79.5288336850257,43.7069434981338],[-79.5300384147549,43.7078975029541],[-79.5308131092795,43.7093032320061],[-79.531545335949,43.7091659965714],[-79.5308679586141,43.7106877649132],[-79.5323504438359,43.7104517643398],[-79.5325526186738,43.7099637040658],[-79.5323017407745,43.7089754624202],[-79.535840034897,43.7081248770389],[-79.5354460374067,43.7067882656071],[-79.5359644937847,43.7045979491304],[-79.535440413953,43.7044891981192],[-79.5331739294569,43.7050156694226],[-79.5319415953973,43.7049395190043],[-79.5307444151097,43.7045932890169],[-79.5297184285625,43.7038329349631],[-79.5285732122208,43.7024237973706],[-79.5266524578365,43.701897082498],[-79.5214368949925,43.6998777523893],[-79.5203184385648,43.6982581571462],[-79.5194895378993,43.6974792495948],[-79.5188190937618,43.6971304078152],[-79.5163424358285,43.6968092730763],[-79.5135389159976,43.6972567601544],[-79.5122488957238,43.6969583243117],[-79.5119030991366,43.6963965272148],[-79.5126486693814,43.6951799939721],[-79.5128194346253,43.6942477923289],[-79.5132923832494,43.6933925708196],[-79.5115540955639,43.6935647918621],[-79.5094944885861,43.6940029488034],[-79.5090335764886,43.6932814423556],[-79.5056187692766,43.6940616144848],[-79.5063829580039,43.6947190381042],[-79.5036572080222,43.6953513453933],[-79.502960181837,43.6957456760758],[-79.5041543042593,43.6963611649919],[-79.502196091026,43.6967716788086],[-79.5023828480786,43.6976023044467],[-79.5053580736895,43.6969252888781],[-79.5082497425043,43.6983498585275],[-79.5028972449699,43.6995619267395],[-79.5038417165916,43.7028866578593],[-79.5057915566282,43.7102097687629]]]},"properties":{"id":"113","type":"social_vulnerability","riskLevel":"high","label":"Weston","sourceName":"City of Toronto Neighbourhood Profiles 2021","sourceUrl":"https://open.toronto.ca/dataset/neighbourhood-profiles/","lastUpdated":"2026-02-20","communityNeedIndex":0.576,"socialVulnerabilityIndex":0.576,"population":18675,"children":3120,"childrenShare":16.71,"olderAdults":2675,"olderAdultsShare":14.32,"lowIncomeRate":18.6,"unemploymentRate":17.4,"tenantShelterCostBurdenRate":43.3,"visibleMinorityPopulation":12045,"visibleMinorityShare":64.5,"immigrantPopulation":8905,"immigrantShare":47.68,"tsnsDesignation":"Neighbourhood Improvement Area","isMock":false,"scoreName":"Community Need Index","scoreMethod":"Demo composite created by this project, not an official City of Toronto index. It averages normalized children share, older-adult share, low-income rate, unemployment rate, and tenant shelter cost burden rate."},"id":75},
{"type":"Feature","geometry":{"type":"Polygon","coordinates":[[[-79.4870785685867,43.6874714054226],[-79.470404696053,43.6912339896329],[-79.4646239078423,43.6921641972779],[-79.4654366532057,43.6937892071871],[-79.4671056673081,43.6996820606109],[-79.4854658653779,43.6954765700498],[-79.4976474401439,43.6929935181815],[-79.4979874138513,43.6928304389342],[-79.4870785685867,43.6874714054226]]]},"properties":{"id":"112","type":"social_vulnerability","riskLevel":"high","label":"Beechborough-Greenbrook","sourceName":"City of Toronto Neighbourhood Profiles 2021","sourceUrl":"https://open.toronto.ca/dataset/neighbourhood-profiles/","lastUpdated":"2026-02-20","communityNeedIndex":0.5027,"socialVulnerabilityIndex":0.5027,"population":6260,"children":1030,"childrenShare":16.45,"olderAdults":925,"olderAdultsShare":14.78,"lowIncomeRate":18,"unemploymentRate":17.6,"tenantShelterCostBurdenRate":29.6,"visibleMinorityPopulation":3805,"visibleMinorityShare":60.78,"immigrantPopulation":3260,"immigrantShare":52.08,"tsnsDesignation":"Neighbourhood Improvement Area","isMock":false,"scoreName":"Community Need Index","scoreMethod":"Demo composite created by this project, not an official City of Toronto index. It averages normalized children share, older-adult share, low-income rate, unemployment rate, and tenant shelter cost burden rate."},"id":76},
{"type":"Feature","geometry":{"type":"Polygon","coordinates":[[[-79.4724228888996,43.6792277579122],[-79.4770344973101,43.6823415945305],[-79.4828893327514,43.6853586269879],[-79.4840030029552,43.6842379901037],[-79.4950757467417,43.6817076903141],[-79.4957849037765,43.6813241276092],[-79.496811341278,43.681140578437],[-79.4977435311332,43.6811029853913],[-79.4988263603766,43.6844849919067],[-79.5003575549481,43.684124882162],[-79.5017978570808,43.6839942685436],[-79.5055218581254,43.6846150230477],[-79.5069708038478,43.6846734166273],[-79.5102363227377,43.6841328582496],[-79.5095406673816,43.6829222244047],[-79.5088951685612,43.6824497432154],[-79.5064086848553,43.6823510936196],[-79.5057055034139,43.6819686199399],[-79.5055316704232,43.6805735333118],[-79.505765716589,43.6802449550421],[-79.5069399925318,43.679605733186],[-79.5074437111493,43.6789171015152],[-79.5088376350605,43.676396614003],[-79.5116595137608,43.6746591330721],[-79.5120508531362,43.6743305438549],[-79.5124428464852,43.6735248831162],[-79.5112772698276,43.6682862658118],[-79.5114612043736,43.6679036816836],[-79.5128008583636,43.6668683230154],[-79.5130788635878,43.666175169942],[-79.5128065842252,43.6641138946399],[-79.5122149106599,43.6626422401082],[-79.509984534845,43.664334861628],[-79.5077900215728,43.6651902134389],[-79.5059673811838,43.6654558988413],[-79.4992367081035,43.6658703119159],[-79.4826315539941,43.6668368195097],[-79.4839435120255,43.6699218765306],[-79.4800789623682,43.670779157816],[-79.4807812949017,43.6725163722787],[-79.4785720483605,43.6730094688269],[-79.47884282574,43.6736510259406],[-79.4782451163943,43.6737961583431],[-79.4783691252261,43.6740866189643],[-79.4735036475263,43.6752108506529],[-79.4738808357411,43.6756888536082],[-79.4736594980416,43.6766613057802],[-79.4758341262066,43.6783780771552],[-79.4760050414693,43.6788756876006],[-79.4738288277777,43.6793879791896],[-79.4734541593373,43.6790235821488],[-79.4724228888996,43.6792277579122]]]},"properties":{"id":"111","type":"social_vulnerability","riskLevel":"medium","label":"Rockcliffe-Smythe","sourceName":"City of Toronto Neighbourhood Profiles 2021","sourceUrl":"https://open.toronto.ca/dataset/neighbourhood-profiles/","lastUpdated":"2026-02-20","communityNeedIndex":0.4661,"socialVulnerabilityIndex":0.4661,"population":22235,"children":3325,"childrenShare":14.95,"olderAdults":4095,"olderAdultsShare":18.42,"lowIncomeRate":15.8,"unemploymentRate":14.2,"tenantShelterCostBurdenRate":32.9,"visibleMinorityPopulation":10645,"visibleMinorityShare":47.87,"immigrantPopulation":10620,"immigrantShare":47.76,"tsnsDesignation":"Neighbourhood Improvement Area","isMock":false,"scoreName":"Community Need Index","scoreMethod":"Demo composite created by this project, not an official City of Toronto index. It averages normalized children share, older-adult share, low-income rate, unemployment rate, and tenant shelter cost burden rate."},"id":77},
{"type":"Feature","geometry":{"type":"Polygon","coordinates":[[[-79.4604431871376,43.6819100437749],[-79.4616416708806,43.6840068673848],[-79.4631552638624,43.6895655357696],[-79.4646239078423,43.6921641972779],[-79.470404696053,43.6912339896329],[-79.4870785685867,43.6874714054226],[-79.4828893327514,43.6853586269879],[-79.4770344973101,43.6823415945305],[-79.4724228888996,43.6792277579122],[-79.4705693653294,43.6794993153044],[-79.4704808579178,43.6792767448675],[-79.4660127526789,43.6802102998781],[-79.465332153087,43.680365097077],[-79.4654801936492,43.6807283542605],[-79.4604431871376,43.6819100437749]]]},"properties":{"id":"110","type":"social_vulnerability","riskLevel":"medium","label":"Keelesdale-Eglinton West","sourceName":"City of Toronto Neighbourhood Profiles 2021","sourceUrl":"https://open.toronto.ca/dataset/neighbourhood-profiles/","lastUpdated":"2026-02-20","communityNeedIndex":0.4493,"socialVulnerabilityIndex":0.4493,"population":11390,"children":1620,"childrenShare":14.22,"olderAdults":1935,"olderAdultsShare":16.99,"lowIncomeRate":12.5,"unemploymentRate":14.9,"tenantShelterCostBurdenRate":36.3,"visibleMinorityPopulation":4780,"visibleMinorityShare":41.97,"immigrantPopulation":5985,"immigrantShare":52.55,"tsnsDesignation":"Neighbourhood Improvement Area","isMock":false,"scoreName":"Community Need Index","scoreMethod":"Demo composite created by this project, not an official City of Toronto index. It averages normalized children share, older-adult share, low-income rate, unemployment rate, and tenant shelter cost burden rate."},"id":78},
{"type":"Feature","geometry":{"type":"Polygon","coordinates":[[[-79.4264072957317,43.6536089342283],[-79.4185910364783,43.655243151026],[-79.4151822587584,43.6549588314921],[-79.4077261808148,43.6564905414462],[-79.4112162372032,43.665124327202],[-79.4184197906356,43.6635933372263],[-79.4209181842055,43.6630340655344],[-79.4220632190875,43.6627868831465],[-79.4294412531958,43.661159345041],[-79.4264072957317,43.6536089342283]]]},"properties":{"id":"80","type":"social_vulnerability","riskLevel":"medium","label":"Palmerston-Little Italy","sourceName":"City of Toronto Neighbourhood Profiles 2021","sourceUrl":"https://open.toronto.ca/dataset/neighbourhood-profiles/","lastUpdated":"2026-02-20","communityNeedIndex":0.3572,"socialVulnerabilityIndex":0.3572,"population":13120,"children":1195,"childrenShare":9.11,"olderAdults":2070,"olderAdultsShare":15.78,"lowIncomeRate":10.9,"unemploymentRate":11.2,"tenantShelterCostBurdenRate":42.9,"visibleMinorityPopulation":3190,"visibleMinorityShare":24.31,"immigrantPopulation":3755,"immigrantShare":28.62,"tsnsDesignation":"Not an NIA or Emerging Neighbourhood","isMock":false,"scoreName":"Community Need Index","scoreMethod":"Demo composite created by this project, not an official City of Toronto index. It averages normalized children share, older-adult share, low-income rate, unemployment rate, and tenant shelter cost burden rate."},"id":79},
{"type":"Feature","geometry":{"type":"Polygon","coordinates":[[[-79.4077261808148,43.6564905414462],[-79.39049784024,43.6598674232368],[-79.3908156318482,43.6604184572921],[-79.3921372225144,43.6612228655451],[-79.3931092149231,43.662773675484],[-79.3939006217053,43.6650211737345],[-79.3931539743805,43.6663810938908],[-79.3941446526455,43.6687288440405],[-79.4112162372032,43.665124327202],[-79.4077261808148,43.6564905414462]]]},"properties":{"id":"79","type":"social_vulnerability","riskLevel":"medium","label":"University","sourceName":"City of Toronto Neighbourhood Profiles 2021","sourceUrl":"https://open.toronto.ca/dataset/neighbourhood-profiles/","lastUpdated":"2026-02-20","communityNeedIndex":0.4515,"socialVulnerabilityIndex":0.4515,"population":6435,"children":505,"childrenShare":7.85,"olderAdults":1050,"olderAdultsShare":16.32,"lowIncomeRate":14.6,"unemploymentRate":15.3,"tenantShelterCostBurdenRate":45.2,"visibleMinorityPopulation":2450,"visibleMinorityShare":38.07,"immigrantPopulation":2140,"immigrantShare":33.26,"tsnsDesignation":"Not an NIA or Emerging Neighbourhood","isMock":false,"scoreName":"Community Need Index","scoreMethod":"Demo composite created by this project, not an official City of Toronto index. It averages normalized children share, older-adult share, low-income rate, unemployment rate, and tenant shelter cost burden rate."},"id":80},
{"type":"Feature","geometry":{"type":"Polygon","coordinates":[[[-79.3875195693403,43.6506815031557],[-79.3866318703462,43.6508614282261],[-79.39049784024,43.6598674232368],[-79.4077261808148,43.6564905414462],[-79.4040137437828,43.6471968749449],[-79.3875195693403,43.6506815031557]]]},"properties":{"id":"78","type":"social_vulnerability","riskLevel":"high","label":"Kensington-Chinatown","sourceName":"City of Toronto Neighbourhood Profiles 2021","sourceUrl":"https://open.toronto.ca/dataset/neighbourhood-profiles/","lastUpdated":"2026-02-20","communityNeedIndex":0.5317,"socialVulnerabilityIndex":0.5317,"population":18120,"children":1245,"childrenShare":6.87,"olderAdults":2805,"olderAdultsShare":15.48,"lowIncomeRate":23,"unemploymentRate":17.7,"tenantShelterCostBurdenRate":43.9,"visibleMinorityPopulation":11405,"visibleMinorityShare":62.94,"immigrantPopulation":7680,"immigrantShare":42.38,"tsnsDesignation":"Not an NIA or Emerging Neighbourhood","isMock":false,"scoreName":"Community Need Index","scoreMethod":"Demo composite created by this project, not an official City of Toronto index. It averages normalized children share, older-adult share, low-income rate, unemployment rate, and tenant shelter cost burden rate."},"id":81},
{"type":"Feature","geometry":{"type":"Polygon","coordinates":[[[-79.3783502756907,43.6662938923538],[-79.3771921828978,43.666524375006],[-79.3758561329488,43.6664948565054],[-79.3746871471847,43.6671030980476],[-79.3695651735219,43.6681832262939],[-79.3708982599288,43.6714921982468],[-79.3714616976481,43.6718974879974],[-79.3761659232627,43.6724879021733],[-79.3805696148041,43.6716194044522],[-79.3783502756907,43.6662938923538]]]},"properties":{"id":"74","type":"social_vulnerability","riskLevel":"medium","label":"North St. James Town","sourceName":"City of Toronto Neighbourhood Profiles 2021","sourceUrl":"https://open.toronto.ca/dataset/neighbourhood-profiles/","lastUpdated":"2026-02-20","communityNeedIndex":0.4855,"socialVulnerabilityIndex":0.4855,"population":18535,"children":2165,"childrenShare":11.68,"olderAdults":1900,"olderAdultsShare":10.25,"lowIncomeRate":21.9,"unemploymentRate":17.5,"tenantShelterCostBurdenRate":36.2,"visibleMinorityPopulation":13095,"visibleMinorityShare":70.65,"immigrantPopulation":9780,"immigrantShare":52.77,"tsnsDesignation":"Not an NIA or Emerging Neighbourhood","isMock":false,"scoreName":"Community Need Index","scoreMethod":"Demo composite created by this project, not an official City of Toronto index. It averages normalized children share, older-adult share, low-income rate, unemployment rate, and tenant shelter cost burden rate."},"id":82},
{"type":"Feature","geometry":{"type":"Polygon","coordinates":[[[-79.3543281023863,43.6578805766378],[-79.3644657799121,43.6556243170963],[-79.3670387659899,43.6619589597161],[-79.3679850809546,43.6642944910389],[-79.3730650107672,43.6631986067176],[-79.3743525049785,43.6629252183547],[-79.3767201712166,43.6624274477019],[-79.3765552369372,43.6620234333741],[-79.3759028130042,43.6604479683824],[-79.3723685900465,43.6515362032123],[-79.372276823547,43.651322984974],[-79.3714682167221,43.6494587785122],[-79.3612688195464,43.6519224463516],[-79.360368742666,43.6528385613393],[-79.3575114568687,43.6544903229257],[-79.3572726909544,43.6543876158985],[-79.3565323039888,43.6544982795543],[-79.3552360197625,43.654782150209],[-79.3546482727333,43.6549193229188],[-79.354509278206,43.6552760319821],[-79.3548204411457,43.6555814832518],[-79.3534809668189,43.6563606417365],[-79.3523975348058,43.6554554220401],[-79.351745017448,43.6555742598917],[-79.3543281023863,43.6578805766378]]]},"properties":{"id":"73","type":"social_vulnerability","riskLevel":"medium","label":"Moss Park","sourceName":"City of Toronto Neighbourhood Profiles 2021","sourceUrl":"https://open.toronto.ca/dataset/neighbourhood-profiles/","lastUpdated":"2026-02-20","communityNeedIndex":0.4273,"socialVulnerabilityIndex":0.4273,"population":21490,"children":1570,"childrenShare":7.31,"olderAdults":2165,"olderAdultsShare":10.07,"lowIncomeRate":23.3,"unemploymentRate":14.6,"tenantShelterCostBurdenRate":39.5,"visibleMinorityPopulation":11000,"visibleMinorityShare":51.19,"immigrantPopulation":8185,"immigrantShare":38.09,"tsnsDesignation":"Not an NIA or Emerging Neighbourhood","isMock":false,"scoreName":"Community Need Index","scoreMethod":"Demo composite created by this project, not an official City of Toronto index. It averages normalized children share, older-adult share, low-income rate, unemployment rate, and tenant shelter cost burden rate."},"id":83},
{"type":"Feature","geometry":{"type":"Polygon","coordinates":[[[-79.3670387659899,43.6619589597161],[-79.3644657799121,43.6556243170963],[-79.3543281023863,43.6578805766378],[-79.3563068214626,43.6645422663686],[-79.3596383674242,43.6635912284739],[-79.3670387659899,43.6619589597161]]]},"properties":{"id":"72","type":"social_vulnerability","riskLevel":"medium","label":"Regent Park","sourceName":"City of Toronto Neighbourhood Profiles 2021","sourceUrl":"https://open.toronto.ca/dataset/neighbourhood-profiles/","lastUpdated":"2026-02-20","communityNeedIndex":0.4857,"socialVulnerabilityIndex":0.4857,"population":12750,"children":1745,"childrenShare":13.69,"olderAdults":1250,"olderAdultsShare":9.8,"lowIncomeRate":22.9,"unemploymentRate":17.3,"tenantShelterCostBurdenRate":32.2,"visibleMinorityPopulation":9025,"visibleMinorityShare":70.78,"immigrantPopulation":5890,"immigrantShare":46.2,"tsnsDesignation":"Neighbourhood Improvement Area","isMock":false,"scoreName":"Community Need Index","scoreMethod":"Demo composite created by this project, not an official City of Toronto index. It averages normalized children share, older-adult share, low-income rate, unemployment rate, and tenant shelter cost burden rate."},"id":84},
{"type":"Feature","geometry":{"type":"Polygon","coordinates":[[[-79.3563068214626,43.6645422663686],[-79.3575602497617,43.6687306985442],[-79.3595968625631,43.6702859383293],[-79.3605287802288,43.671979320258],[-79.3615696455721,43.6726916901845],[-79.362954211733,43.6732514131336],[-79.3628895824398,43.6745835412019],[-79.3633940161163,43.6753312275707],[-79.3670020410645,43.6745838264323],[-79.3707003781397,43.672018128215],[-79.3714616976481,43.6718974879974],[-79.3708982599288,43.6714921982468],[-79.3695651735219,43.6681832262939],[-79.3746871471847,43.6671030980476],[-79.3758561329488,43.6664948565054],[-79.3771921828978,43.666524375006],[-79.3783502756907,43.6662938923538],[-79.3767201712166,43.6624274477019],[-79.3743525049785,43.6629252183547],[-79.3730650107672,43.6631986067176],[-79.3679850809546,43.6642944910389],[-79.3670387659899,43.6619589597161],[-79.3596383674242,43.6635912284739],[-79.3563068214626,43.6645422663686]]]},"properties":{"id":"71","type":"social_vulnerability","riskLevel":"medium","label":"Cabbagetown-South St. James Town","sourceName":"City of Toronto Neighbourhood Profiles 2021","sourceUrl":"https://open.toronto.ca/dataset/neighbourhood-profiles/","lastUpdated":"2026-02-20","communityNeedIndex":0.4105,"socialVulnerabilityIndex":0.4105,"population":11020,"children":900,"childrenShare":8.17,"olderAdults":2120,"olderAdultsShare":19.24,"lowIncomeRate":15,"unemploymentRate":12.9,"tenantShelterCostBurdenRate":38.6,"visibleMinorityPopulation":3735,"visibleMinorityShare":33.89,"immigrantPopulation":3805,"immigrantShare":34.53,"tsnsDesignation":"Not an NIA or Emerging Neighbourhood","isMock":false,"scoreName":"Community Need Index","scoreMethod":"Demo composite created by this project, not an official City of Toronto index. It averages normalized children share, older-adult share, low-income rate, unemployment rate, and tenant shelter cost burden rate."},"id":85},
{"type":"Feature","geometry":{"type":"Polygon","coordinates":[[[-79.3052560552446,43.6651419492918],[-79.3063135250476,43.6643106089953],[-79.3072477235357,43.6639764738998],[-79.3149718183359,43.6623669795647],[-79.3284396431465,43.65924407699],[-79.3294801590451,43.6615544782293],[-79.3302274280041,43.6632478342056],[-79.325311221542,43.6644061904738],[-79.3296709351603,43.6749488273904],[-79.3369210024598,43.6719212099625],[-79.3388257326961,43.6707717504504],[-79.3408249100047,43.6692217143922],[-79.3423125883872,43.6677626612713],[-79.3527801272853,43.6654912909815],[-79.3535292162311,43.6652821798213],[-79.3539813859243,43.6651572430366],[-79.3543425562792,43.6650566824507],[-79.3547354147058,43.6649472937291],[-79.3563068214626,43.6645422663686],[-79.3543281023863,43.6578805766378],[-79.351745017448,43.6555742598917],[-79.3495214185236,43.6536027850063],[-79.3474239709128,43.6509978650111],[-79.3473001543205,43.6507573818721],[-79.3474684159598,43.6505217791813],[-79.359361088937,43.6455055182564],[-79.3607547972526,43.647221039587],[-79.3598571233656,43.6453071607317],[-79.3496510211646,43.6334028767479],[-79.3470423800548,43.6332271209724],[-79.3469101893675,43.6345338375007],[-79.3455133207788,43.6350010837435],[-79.3431573964197,43.6373230134946],[-79.3416048569788,43.6380108468217],[-79.3415848973115,43.6384138024338],[-79.3405461690603,43.6391750897548],[-79.3376518834531,43.639435261635],[-79.3364982651686,43.6391905617428],[-79.3358067770972,43.6393863494309],[-79.3345226919924,43.6402988219913],[-79.3344693626072,43.6405226811354],[-79.3361900136688,43.6394302232969],[-79.3372260397876,43.6399172817123],[-79.3373762318149,43.6403501024105],[-79.335248445402,43.6421104522242],[-79.3352963103353,43.6422794498173],[-79.333535665379,43.6439587698352],[-79.3309611907928,43.6458901958836],[-79.330456377129,43.6465959935368],[-79.3288773634383,43.6474221169829],[-79.3282151604452,43.64764377332],[-79.3273606182682,43.6473062940566],[-79.3273916290101,43.6470566788777],[-79.3268693655719,43.6468627102624],[-79.3259041464604,43.6469074848066],[-79.3256246167951,43.6466516088317],[-79.3253631603351,43.6456433894974],[-79.3268259922151,43.6439844842202],[-79.3285168326839,43.6443135665305],[-79.3271643992607,43.6432868863747],[-79.3271777994298,43.6425687315864],[-79.3276142647752,43.6421518980073],[-79.3274462241215,43.6415510818497],[-79.3278670255433,43.6410777490359],[-79.3286661506504,43.6408707742165],[-79.3285808645973,43.6405651844196],[-79.3289098348409,43.6401215586481],[-79.3298973061203,43.6397942476626],[-79.3297362139354,43.639408784676],[-79.3300481835622,43.6389982554213],[-79.3309577044312,43.6387517958371],[-79.330377456538,43.6384442143506],[-79.3302371055546,43.6378943731784],[-79.3295572740224,43.6370728139714],[-79.3286611066101,43.6374856994473],[-79.328864056694,43.6381190526338],[-79.3267107087197,43.6404422869168],[-79.3250583089585,43.6399131711116],[-79.3247150474171,43.6400791805196],[-79.3263002460085,43.6408062284397],[-79.3253307455263,43.6422810490075],[-79.3244639242778,43.6442556387722],[-79.3243255379099,43.6452141262799],[-79.3216864052845,43.6448319379142],[-79.3217473236372,43.6437563241679],[-79.3223231904467,43.6415652966114],[-79.3226267159098,43.641214695611],[-79.3229772843478,43.6382896926065],[-79.3234051465277,43.6375387122598],[-79.3248467808619,43.6361772026502],[-79.3261141968283,43.6356722062204],[-79.3262861478484,43.6352713211648],[-79.3268442432867,43.6352344880262],[-79.3262699575121,43.6351909322727],[-79.3263532403221,43.6349503533427],[-79.3280109778727,43.6343721974702],[-79.3294883382058,43.6331373954161],[-79.3295474662161,43.6336763156436],[-79.3296487099419,43.6330167459887],[-79.3299846205693,43.6328635015435],[-79.3305658152868,43.6327871958121],[-79.3332112801367,43.631601533997],[-79.3345187564731,43.6316429681735],[-79.3348983827156,43.6308864190166],[-79.3363417373236,43.6299294864598],[-79.3364545172142,43.6293407858266],[-79.3361285644117,43.6290946709122],[-79.3358949907598,43.6294111672594],[-79.3351954771396,43.6297363806475],[-79.3339794600788,43.6294293115499],[-79.3337254569407,43.6296673351345],[-79.3338274085389,43.6304407568653],[-79.332795827284,43.6307031557954],[-79.3325261521374,43.6305877414741],[-79.3325392576591,43.6301659287075],[-79.3318820771467,43.6305527344894],[-79.3313514485966,43.6312690036376],[-79.330137813868,43.6313087488341],[-79.3289116233866,43.6309506900117],[-79.3286919367906,43.6303895200056],[-79.3299289474796,43.6283953168824],[-79.3306547278387,43.6281553278166],[-79.331540871849,43.6272520778746],[-79.3314321415636,43.6269436741407],[-79.3316589814442,43.6266782774193],[-79.3309929668993,43.6261338901955],[-79.3313587914257,43.62582330497],[-79.332111622753,43.6262069557191],[-79.3326397710546,43.6259141312721],[-79.3331279092918,43.625937149623],[-79.3336300073485,43.6257328842908],[-79.3343083449824,43.6259935058229],[-79.3343289999458,43.6251682959083],[-79.334874006032,43.6252598365369],[-79.3354319999606,43.6256972086155],[-79.3357613214455,43.6263547849518],[-79.3349093143143,43.6270916725752],[-79.334992408478,43.6274383550676],[-79.3368947743485,43.6275220880952],[-79.3374138963781,43.6280269156776],[-79.337442188818,43.6290331496663],[-79.3383820053699,43.6289056178526],[-79.3391468381894,43.6293782162255],[-79.3394693531393,43.6293991759643],[-79.3398327126886,43.6292239592153],[-79.3394536155538,43.6292497930446],[-79.3386298855911,43.6281550989356],[-79.3373142552468,43.6259307355158],[-79.3370306247723,43.6248437178242],[-79.3374033726146,43.623867290666],[-79.3382330090003,43.6231455021375],[-79.3376962916692,43.6231834377633],[-79.3376721683105,43.6230077236346],[-79.3374487492145,43.6229608867792],[-79.3374173324341,43.6231701700187],[-79.3372059678309,43.6231883844729],[-79.3372667352666,43.6232747499135],[-79.3369031376638,43.6232004023681],[-79.3372237724398,43.6229729879565],[-79.3373775550333,43.6231390220537],[-79.3373781344467,43.6229239075847],[-79.3377553487126,43.6225793742778],[-79.3386695138716,43.6221504463577],[-79.3391777222688,43.6224562832703],[-79.3390736326802,43.6226354800125],[-79.3389140424784,43.6225274635182],[-79.3388831134832,43.6230246219599],[-79.3396129407526,43.623042309727],[-79.3404538123676,43.6236520890645],[-79.3405134622991,43.6238725000311],[-79.3401860021235,43.6240650322823],[-79.3418874642722,43.6233089398303],[-79.343206686081,43.6233935883541],[-79.3428379671828,43.6228373888225],[-79.342239254419,43.6228693569562],[-79.3411424168469,43.6224538180141],[-79.3410342884328,43.6219387781793],[-79.3397653552119,43.6212206296658],[-79.3397517080061,43.6205230016491],[-79.3404476526197,43.6198758823938],[-79.3412326921431,43.6195079173698],[-79.3421309580199,43.6193696304304],[-79.3428526681124,43.619681165302],[-79.3428142983717,43.6204507232498],[-79.3429805891072,43.6212318155639],[-79.3433211790589,43.6216616409494],[-79.3431081373011,43.6219129288522],[-79.3432968275282,43.6221547044899],[-79.3442753821301,43.6223002702619],[-79.3450803058624,43.6217143464726],[-79.3439458675075,43.6211392068519],[-79.3433829508111,43.6203569889409],[-79.3435838940587,43.619450480754],[-79.3447804877464,43.6181601116197],[-79.3437688598707,43.6167351782291],[-79.3436967601877,43.6153400942226],[-79.3441259599591,43.6132650523176],[-79.3434322889815,43.6127406630135],[-79.3428171774722,43.6129861424574],[-79.3420629941804,43.614466980171],[-79.3416230056425,43.6148777719539],[-79.3409527753039,43.6151396469826],[-79.3389575514809,43.6176514077215],[-79.3371002585798,43.6191506980582],[-79.336077518544,43.6194367322463],[-79.3349900423156,43.619374011671],[-79.3345537737012,43.6198836628183],[-79.3338950310185,43.6201448195572],[-79.3318656271972,43.6204174122325],[-79.3295221418099,43.6201032135745],[-79.3282530127563,43.6196417733457],[-79.3277249084721,43.6189197500424],[-79.327205015688,43.6188521664048],[-79.3267116151198,43.6195736923724],[-79.32679339415,43.6201165749913],[-79.3286604238905,43.6213319409971],[-79.3286470749253,43.6216823458601],[-79.328380853801,43.6217852817859],[-79.3260370423252,43.6220917838578],[-79.325480901621,43.621991920459],[-79.3248295969889,43.6215903627815],[-79.3251639301747,43.6204629081724],[-79.325057689121,43.6194303733733],[-79.3256515240328,43.6185266385487],[-79.3263142480489,43.6181276616825],[-79.3270359015475,43.6179883869537],[-79.3272347553138,43.6175401116878],[-79.3268233143372,43.6174796744488],[-79.3253158245095,43.617800370078],[-79.3240577330557,43.6172780864769],[-79.3235388787241,43.617349064094],[-79.3235378232036,43.6177139083266],[-79.3242313747052,43.6183669402942],[-79.3240650444438,43.6208555739007],[-79.3238484875783,43.6216691285077],[-79.3233682904482,43.622150854743],[-79.3217951822822,43.6223867891468],[-79.3219051594292,43.6226147136525],[-79.3227438041206,43.6227767819805],[-79.3231271709479,43.623082928494],[-79.3231459816699,43.6239999033645],[-79.3226250127041,43.6255665647413],[-79.3214252398786,43.6258996292968],[-79.321572258158,43.6260740266644],[-79.3224663172243,43.6262227815314],[-79.3227046762018,43.6267054453466],[-79.3222831031271,43.6289622242056],[-79.3221165985926,43.6291361243729],[-79.3210923161494,43.6293555912733],[-79.3223173442108,43.6298665850189],[-79.3219961461911,43.6324785500024],[-79.321893887369,43.6327530314419],[-79.3208595869138,43.6332203168877],[-79.322836687226,43.634193081227],[-79.323168607537,43.6347830502525],[-79.3224361562886,43.637053261198],[-79.3216082653295,43.6377772498334],[-79.3220657943717,43.6389216688291],[-79.3212060383728,43.641110722259],[-79.3206426177216,43.6417844925443],[-79.3206788719298,43.642026372226],[-79.321274331894,43.6423986647819],[-79.3212996841479,43.6426938954439],[-79.3203428597927,43.6455499349892],[-79.319778716896,43.6461164035743],[-79.3200516277742,43.6467409969944],[-79.3201044648826,43.6493972118139],[-79.3194591636915,43.6516059834204],[-79.3180107210257,43.6543362824673],[-79.3168296394464,43.6555756741469],[-79.3160076692833,43.6561018059668],[-79.3162811119642,43.6567979246002],[-79.3167519729035,43.657306653346],[-79.3161607709538,43.657613036658],[-79.3144309912124,43.6574133374012],[-79.3131384879951,43.6579288726189],[-79.3135095011906,43.6583615518458],[-79.3156173423092,43.6595936369194],[-79.3170700735322,43.6607966160242],[-79.3180518899169,43.6609232931526],[-79.3178729724618,43.6609164909047],[-79.3178785258469,43.6610849059406],[-79.3176748678905,43.6608951925265],[-79.3170810536399,43.6609572809853],[-79.3171157977801,43.6614832038336],[-79.3148258573736,43.6619954651853],[-79.3143526608146,43.6616304497859],[-79.3133612836603,43.6616588724022],[-79.3134069935352,43.6613319913566],[-79.3140405267961,43.6612023874148],[-79.314410603947,43.660932938605],[-79.3129746873895,43.6596614269027],[-79.3124255535446,43.6594444954371],[-79.3126612705768,43.6592738479651],[-79.312470709159,43.6591295129619],[-79.3121480037662,43.6592415092598],[-79.312404992006,43.6590798986587],[-79.3121904608414,43.6589175213936],[-79.311873215409,43.6590160242934],[-79.3121534358787,43.6588589513226],[-79.3117036440261,43.6583496176704],[-79.3118470187387,43.6579672789186],[-79.3116766999574,43.6577869624446],[-79.3117444832355,43.6575440192776],[-79.3126241926135,43.6570908689252],[-79.3124438019212,43.6567845095955],[-79.3116421417684,43.6569317319756],[-79.3107523685644,43.6566242078235],[-79.3104208740548,43.6566956686656],[-79.3102310393741,43.6569429001788],[-79.3112067885373,43.6572685826298],[-79.3109265096771,43.6579432563806],[-79.310347005589,43.6584058843328],[-79.3097242045009,43.6580807819176],[-79.3093916472844,43.6582422522289],[-79.3074265834987,43.657626470975],[-79.3068824353035,43.6572351828324],[-79.306867962546,43.6569192197382],[-79.3078849174314,43.6566961697549],[-79.3085410037958,43.6559803759423],[-79.3090905293062,43.6559148201612],[-79.3101579946634,43.656150993129],[-79.3108995179978,43.6560592740296],[-79.3112516881319,43.6557702197106],[-79.3111219390655,43.6553690761968],[-79.3107035487219,43.6551824975702],[-79.3103283862081,43.6552067460911],[-79.3100902320465,43.655449504384],[-79.3094373553627,43.6552755016338],[-79.3084934999852,43.6541845092841],[-79.3083276539158,43.6552703976807],[-79.3076959334551,43.6561997064543],[-79.3068945383053,43.65659212896],[-79.3053930411389,43.656448936576],[-79.3050318213766,43.6566473586941],[-79.3050650231095,43.6570151567909],[-79.3059741091939,43.657936785248],[-79.3061222818084,43.658571496889],[-79.3056145764677,43.6593471721455],[-79.3052775725906,43.6594093733366],[-79.3049725119066,43.6598685072483],[-79.3054704480686,43.660332951734],[-79.3062746809964,43.6603838966089],[-79.3064244714767,43.6606026677374],[-79.30530414296,43.6626588679959],[-79.3039933841795,43.663944350226],[-79.304463624383,43.6656612339174],[-79.3049004499528,43.6656660302702],[-79.3052560552446,43.6651419492918]]]},"properties":{"id":"70","type":"social_vulnerability","riskLevel":"medium","label":"South Riverdale","sourceName":"City of Toronto Neighbourhood Profiles 2021","sourceUrl":"https://open.toronto.ca/dataset/neighbourhood-profiles/","lastUpdated":"2026-02-20","communityNeedIndex":0.3658,"socialVulnerabilityIndex":0.3658,"population":27815,"children":3930,"childrenShare":14.13,"olderAdults":3370,"olderAdultsShare":12.12,"lowIncomeRate":11.7,"unemploymentRate":13,"tenantShelterCostBurdenRate":34.4,"visibleMinorityPopulation":11210,"visibleMinorityShare":40.3,"immigrantPopulation":8025,"immigrantShare":28.85,"tsnsDesignation":"Not an NIA or Emerging Neighbourhood","isMock":false,"scoreName":"Community Need Index","scoreMethod":"Demo composite created by this project, not an official City of Toronto index. It averages normalized children share, older-adult share, low-income rate, unemployment rate, and tenant shelter cost burden rate."},"id":86},
{"type":"Feature","geometry":{"type":"Polygon","coordinates":[[[-79.3408249100047,43.6692217143922],[-79.3388257326961,43.6707717504504],[-79.3369210024598,43.6719212099625],[-79.3296709351603,43.6749488273904],[-79.3323859475795,43.6814927296581],[-79.3448460189481,43.6789605631935],[-79.3408249100047,43.6692217143922]]]},"properties":{"id":"69","type":"social_vulnerability","riskLevel":"medium","label":"Blake-Jones","sourceName":"City of Toronto Neighbourhood Profiles 2021","sourceUrl":"https://open.toronto.ca/dataset/neighbourhood-profiles/","lastUpdated":"2026-02-20","communityNeedIndex":0.415,"socialVulnerabilityIndex":0.415,"population":7475,"children":1260,"childrenShare":16.86,"olderAdults":1050,"olderAdultsShare":14.05,"lowIncomeRate":15.2,"unemploymentRate":13.4,"tenantShelterCostBurdenRate":29.3,"visibleMinorityPopulation":3175,"visibleMinorityShare":42.47,"immigrantPopulation":2290,"immigrantShare":30.64,"tsnsDesignation":"Not an NIA or Emerging Neighbourhood","isMock":false,"scoreName":"Community Need Index","scoreMethod":"Demo composite created by this project, not an official City of Toronto index. It averages normalized children share, older-adult share, low-income rate, unemployment rate, and tenant shelter cost burden rate."},"id":87},
{"type":"Feature","geometry":{"type":"Polygon","coordinates":[[[-79.3563068214626,43.6645422663686],[-79.3547354147058,43.6649472937291],[-79.3543425562792,43.6650566824507],[-79.3539813859243,43.6651572430366],[-79.3535292162311,43.6652821798213],[-79.3527801272853,43.6654912909815],[-79.3423125883872,43.6677626612713],[-79.3408249100047,43.6692217143922],[-79.3448460189481,43.6789605631935],[-79.3604512628063,43.6759125522621],[-79.3614733318006,43.6757026964497],[-79.3633940161163,43.6753312275707],[-79.3628895824398,43.6745835412019],[-79.362954211733,43.6732514131336],[-79.3615696455721,43.6726916901845],[-79.3605287802288,43.671979320258],[-79.3595968625631,43.6702859383293],[-79.3575602497617,43.6687306985442],[-79.3563068214626,43.6645422663686]]]},"properties":{"id":"68","type":"social_vulnerability","riskLevel":"medium","label":"North Riverdale","sourceName":"City of Toronto Neighbourhood Profiles 2021","sourceUrl":"https://open.toronto.ca/dataset/neighbourhood-profiles/","lastUpdated":"2026-02-20","communityNeedIndex":0.3889,"socialVulnerabilityIndex":0.3889,"population":11290,"children":1790,"childrenShare":15.85,"olderAdults":1935,"olderAdultsShare":17.14,"lowIncomeRate":8.3,"unemploymentRate":9.1,"tenantShelterCostBurdenRate":44.2,"visibleMinorityPopulation":3040,"visibleMinorityShare":26.93,"immigrantPopulation":2720,"immigrantShare":24.09,"tsnsDesignation":"Not an NIA or Emerging Neighbourhood","isMock":false,"scoreName":"Community Need Index","scoreMethod":"Demo composite created by this project, not an official City of Toronto index. It averages normalized children share, older-adult share, low-income rate, unemployment rate, and tenant shelter cost burden rate."},"id":88},
{"type":"Feature","geometry":{"type":"Polygon","coordinates":[[[-79.3462767953455,43.6827324708682],[-79.3480410928517,43.682397020155],[-79.3487553451308,43.6840886740375],[-79.3572192735344,43.6824519052257],[-79.3575792787744,43.6817115375445],[-79.3612941744953,43.6816739974783],[-79.3619701998657,43.6818854467838],[-79.3623869525805,43.6817014764063],[-79.3623459013687,43.6812714795692],[-79.3616963673159,43.6797086075666],[-79.3641878654177,43.6792115445608],[-79.3637346788316,43.6788060540782],[-79.363598338826,43.678072283836],[-79.3649597266559,43.6767372127385],[-79.3633940161163,43.6753312275707],[-79.3614733318006,43.6757026964497],[-79.3604512628063,43.6759125522621],[-79.3448460189481,43.6789605631935],[-79.3462767953455,43.6827324708682]]]},"properties":{"id":"67","type":"social_vulnerability","riskLevel":"medium","label":"Playter Estates-Danforth","sourceName":"City of Toronto Neighbourhood Profiles 2021","sourceUrl":"https://open.toronto.ca/dataset/neighbourhood-profiles/","lastUpdated":"2026-02-20","communityNeedIndex":0.458,"socialVulnerabilityIndex":0.458,"population":7680,"children":1090,"childrenShare":14.19,"olderAdults":1490,"olderAdultsShare":19.4,"lowIncomeRate":10.7,"unemploymentRate":14,"tenantShelterCostBurdenRate":39.7,"visibleMinorityPopulation":1505,"visibleMinorityShare":19.6,"immigrantPopulation":2090,"immigrantShare":27.21,"tsnsDesignation":"Not an NIA or Emerging Neighbourhood","isMock":false,"scoreName":"Community Need Index","scoreMethod":"Demo composite created by this project, not an official City of Toronto index. It averages normalized children share, older-adult share, low-income rate, unemployment rate, and tenant shelter cost burden rate."},"id":89},
{"type":"Feature","geometry":{"type":"Polygon","coordinates":[[[-79.3130942944764,43.68640682756],[-79.3135756971455,43.6863010648469],[-79.3148463937593,43.6891927191175],[-79.3388059850312,43.6840425019396],[-79.3388548632641,43.6841551858321],[-79.3462767953455,43.6827324708682],[-79.3448460189481,43.6789605631935],[-79.3323859475795,43.6814927296581],[-79.3247716107373,43.683125544324],[-79.3236423808145,43.6833745840571],[-79.316229959197,43.6849548612039],[-79.3152749808797,43.6851593701722],[-79.3127821712376,43.6856934043879],[-79.3130942944764,43.68640682756]]]},"properties":{"id":"66","type":"social_vulnerability","riskLevel":"medium","label":"Danforth","sourceName":"City of Toronto Neighbourhood Profiles 2021","sourceUrl":"https://open.toronto.ca/dataset/neighbourhood-profiles/","lastUpdated":"2026-02-20","communityNeedIndex":0.41,"socialVulnerabilityIndex":0.41,"population":9305,"children":1535,"childrenShare":16.5,"olderAdults":1655,"olderAdultsShare":17.79,"lowIncomeRate":10.3,"unemploymentRate":12,"tenantShelterCostBurdenRate":34.9,"visibleMinorityPopulation":2655,"visibleMinorityShare":28.53,"immigrantPopulation":2555,"immigrantShare":27.46,"tsnsDesignation":"Not an NIA or Emerging Neighbourhood","isMock":false,"scoreName":"Community Need Index","scoreMethod":"Demo composite created by this project, not an official City of Toronto index. It averages normalized children share, older-adult share, low-income rate, unemployment rate, and tenant shelter cost burden rate."},"id":90},
{"type":"Feature","geometry":{"type":"Polygon","coordinates":[[[-79.3148540887281,43.6667483612477],[-79.3166056427336,43.6663686460048],[-79.3208047645287,43.6765419359768],[-79.3214571561223,43.678147819986],[-79.3236423808145,43.6833745840571],[-79.3247716107373,43.683125544324],[-79.3323859475795,43.6814927296581],[-79.3296709351603,43.6749488273904],[-79.325311221542,43.6644061904738],[-79.3302274280041,43.6632478342056],[-79.3294801590451,43.6615544782293],[-79.3198605058077,43.6637421636252],[-79.3180686345138,43.6650600654699],[-79.3154678662392,43.6656818768817],[-79.314953831369,43.6657886025902],[-79.3148540887281,43.6667483612477]]]},"properties":{"id":"65","type":"social_vulnerability","riskLevel":"medium","label":"Greenwood-Coxwell","sourceName":"City of Toronto Neighbourhood Profiles 2021","sourceUrl":"https://open.toronto.ca/dataset/neighbourhood-profiles/","lastUpdated":"2026-02-20","communityNeedIndex":0.4329,"socialVulnerabilityIndex":0.4329,"population":14120,"children":2550,"childrenShare":18.06,"olderAdults":1875,"olderAdultsShare":13.28,"lowIncomeRate":12,"unemploymentRate":12,"tenantShelterCostBurdenRate":40.4,"visibleMinorityPopulation":5350,"visibleMinorityShare":37.89,"immigrantPopulation":3925,"immigrantShare":27.8,"tsnsDesignation":"Not an NIA or Emerging Neighbourhood","isMock":false,"scoreName":"Community Need Index","scoreMethod":"Demo composite created by this project, not an official City of Toronto index. It averages normalized children share, older-adult share, low-income rate, unemployment rate, and tenant shelter cost burden rate."},"id":91},
{"type":"Feature","geometry":{"type":"Polygon","coordinates":[[[-79.3148540887281,43.6667483612477],[-79.3125967877091,43.6672532407018],[-79.3102053969643,43.6718173982751],[-79.3079298448737,43.6739371002558],[-79.3127821712376,43.6856934043879],[-79.3152749808797,43.6851593701722],[-79.316229959197,43.6849548612039],[-79.3236423808145,43.6833745840571],[-79.3214571561223,43.678147819986],[-79.3208047645287,43.6765419359768],[-79.3166056427336,43.6663686460048],[-79.3148540887281,43.6667483612477]]]},"properties":{"id":"64","type":"social_vulnerability","riskLevel":"medium","label":"Woodbine Corridor","sourceName":"City of Toronto Neighbourhood Profiles 2021","sourceUrl":"https://open.toronto.ca/dataset/neighbourhood-profiles/","lastUpdated":"2026-02-20","communityNeedIndex":0.3907,"socialVulnerabilityIndex":0.3907,"population":12205,"children":2315,"childrenShare":18.97,"olderAdults":1500,"olderAdultsShare":12.29,"lowIncomeRate":11.1,"unemploymentRate":10.8,"tenantShelterCostBurdenRate":36.9,"visibleMinorityPopulation":3530,"visibleMinorityShare":28.92,"immigrantPopulation":2990,"immigrantShare":24.5,"tsnsDesignation":"Not an NIA or Emerging Neighbourhood","isMock":false,"scoreName":"Community Need Index","scoreMethod":"Demo composite created by this project, not an official City of Toronto index. It averages normalized children share, older-adult share, low-income rate, unemployment rate, and tenant shelter cost burden rate."},"id":92},
{"type":"Feature","geometry":{"type":"Polygon","coordinates":[[[-79.2800484228704,43.6711649425501],[-79.2839130399013,43.6804582453349],[-79.2840636523402,43.6808200317736],[-79.2930475265286,43.6800597095326],[-79.2932544857936,43.680014177506],[-79.3004786717315,43.6784151593058],[-79.3040915592603,43.6769495935735],[-79.305178589026,43.6763228896356],[-79.3079298448737,43.6739371002558],[-79.3102053969643,43.6718173982751],[-79.3125967877091,43.6672532407018],[-79.3148540887281,43.6667483612477],[-79.314953831369,43.6657886025902],[-79.3154678662392,43.6656818768817],[-79.3180686345138,43.6650600654699],[-79.3198605058077,43.6637421636252],[-79.3294801590451,43.6615544782293],[-79.3284396431465,43.65924407699],[-79.3149718183359,43.6623669795647],[-79.3072477235357,43.6639764738998],[-79.3063135250476,43.6643106089953],[-79.3052560552446,43.6651419492918],[-79.3049004499528,43.6656660302702],[-79.304463624383,43.6656612339174],[-79.3039933841795,43.663944350226],[-79.3033802965745,43.6645566576436],[-79.3026523054615,43.6648989838986],[-79.3020586852471,43.6647647023543],[-79.3014295151035,43.6651580137347],[-79.2997000138398,43.6656226154979],[-79.2984059700118,43.6655298685465],[-79.2980181313711,43.6652643108378],[-79.296882293441,43.6653662552084],[-79.2950755226898,43.6659843919613],[-79.2952911893249,43.666090886446],[-79.2951173087236,43.6662764161613],[-79.2947528864673,43.6662232032226],[-79.2946965647939,43.6660560379088],[-79.2936361368387,43.6672432856571],[-79.2927295588506,43.6673082819326],[-79.2921719889268,43.6677652851698],[-79.2916291612551,43.6677079934437],[-79.2914523934684,43.6679742271796],[-79.2905560922072,43.6684212152647],[-79.2896762929977,43.6685885546342],[-79.2895828753947,43.6680046195819],[-79.2891139646978,43.6682093994606],[-79.2893044452673,43.6683011415866],[-79.2891187248705,43.6685321246698],[-79.2885911173547,43.6686454036613],[-79.2879905702311,43.6691383832126],[-79.2872339722679,43.669134915951],[-79.2870176040485,43.6688559852757],[-79.2872582618148,43.6686722127726],[-79.2867194576973,43.6688889861358],[-79.2867539601908,43.6691432299709],[-79.285588938692,43.6698409316619],[-79.2850884773658,43.6699590067922],[-79.284989954637,43.6697155885061],[-79.2843131261727,43.6701509404371],[-79.283444717601,43.6702869201382],[-79.2830067179331,43.6701239480997],[-79.2831798430513,43.6698520500298],[-79.2828160972264,43.6701340098797],[-79.2825969226702,43.6700978946769],[-79.282713324568,43.6702156366169],[-79.2822097910035,43.6706662662159],[-79.2814963454116,43.6706789555748],[-79.2814196885751,43.670342618757],[-79.2809042640112,43.6709061771002],[-79.2804241306615,43.6710659202779],[-79.2802876379423,43.6708410398224],[-79.2800484228704,43.6711649425501]]]},"properties":{"id":"63","type":"social_vulnerability","riskLevel":"medium","label":"The Beaches","sourceName":"City of Toronto Neighbourhood Profiles 2021","sourceUrl":"https://open.toronto.ca/dataset/neighbourhood-profiles/","lastUpdated":"2026-02-20","communityNeedIndex":0.4367,"socialVulnerabilityIndex":0.4367,"population":21510,"children":3660,"childrenShare":17.02,"olderAdults":3685,"olderAdultsShare":17.13,"lowIncomeRate":7.9,"unemploymentRate":11,"tenantShelterCostBurdenRate":46.4,"visibleMinorityPopulation":3440,"visibleMinorityShare":15.99,"immigrantPopulation":4420,"immigrantShare":20.55,"tsnsDesignation":"Not an NIA or Emerging Neighbourhood","isMock":false,"scoreName":"Community Need Index","scoreMethod":"Demo composite created by this project, not an official City of Toronto index. It averages normalized children share, older-adult share, low-income rate, unemployment rate, and tenant shelter cost burden rate."},"id":93},
{"type":"Feature","geometry":{"type":"Polygon","coordinates":[[[-79.2877597166778,43.6897874106788],[-79.2926934519661,43.6887163275083],[-79.2943042309835,43.6924803743184],[-79.3028399545412,43.6904154231354],[-79.3034158491985,43.6902853376635],[-79.303521075156,43.6905109201694],[-79.3041522799836,43.6904123955536],[-79.3088819090562,43.6892858322334],[-79.3081431821772,43.6875608633854],[-79.3130942944764,43.68640682756],[-79.3127821712376,43.6856934043879],[-79.3079298448737,43.6739371002558],[-79.305178589026,43.6763228896356],[-79.3040915592603,43.6769495935735],[-79.3004786717315,43.6784151593058],[-79.2932544857936,43.680014177506],[-79.2930475265286,43.6800597095326],[-79.2840636523402,43.6808200317736],[-79.284207400752,43.681172992399],[-79.2843832028497,43.6816047115189],[-79.2875571223267,43.6892994335464],[-79.2877597166778,43.6897874106788]]]},"properties":{"id":"62","type":"social_vulnerability","riskLevel":"medium","label":"East End Danforth","sourceName":"City of Toronto Neighbourhood Profiles 2021","sourceUrl":"https://open.toronto.ca/dataset/neighbourhood-profiles/","lastUpdated":"2026-02-20","communityNeedIndex":0.421,"socialVulnerabilityIndex":0.421,"population":21840,"children":3735,"childrenShare":17.1,"olderAdults":2985,"olderAdultsShare":13.67,"lowIncomeRate":11.9,"unemploymentRate":12.9,"tenantShelterCostBurdenRate":37,"visibleMinorityPopulation":7090,"visibleMinorityShare":32.46,"immigrantPopulation":5945,"immigrantShare":27.22,"tsnsDesignation":"Not an NIA or Emerging Neighbourhood","isMock":false,"scoreName":"Community Need Index","scoreMethod":"Demo composite created by this project, not an official City of Toronto index. It averages normalized children share, older-adult share, low-income rate, unemployment rate, and tenant shelter cost burden rate."},"id":94},
{"type":"Feature","geometry":{"type":"Polygon","coordinates":[[[-79.2934792820069,43.7030250714307],[-79.2969336447359,43.7022654404319],[-79.2970705039677,43.699007940451],[-79.2970749650014,43.6982551533414],[-79.2974478062685,43.6959061279751],[-79.2973386304188,43.6949240190985],[-79.3063150027762,43.6980566732733],[-79.3028399545412,43.6904154231354],[-79.2943042309835,43.6924803743184],[-79.2926934519661,43.6887163275083],[-79.2877597166778,43.6897874106788],[-79.2909622717511,43.697664275696],[-79.2911597115691,43.6980808733001],[-79.2922264070701,43.7001155773388],[-79.2923269429234,43.7003484246201],[-79.2934792820069,43.7030250714307]]]},"properties":{"id":"61","type":"social_vulnerability","riskLevel":"high","label":"Taylor Massey","sourceName":"City of Toronto Neighbourhood Profiles 2021","sourceUrl":"https://open.toronto.ca/dataset/neighbourhood-profiles/","lastUpdated":"2026-02-20","communityNeedIndex":0.5486,"socialVulnerabilityIndex":0.5486,"population":15025,"children":2680,"childrenShare":17.84,"olderAdults":1740,"olderAdultsShare":11.58,"lowIncomeRate":17.8,"unemploymentRate":18.8,"tenantShelterCostBurdenRate":37.4,"visibleMinorityPopulation":10475,"visibleMinorityShare":69.72,"immigrantPopulation":8045,"immigrantShare":53.54,"tsnsDesignation":"Neighbourhood Improvement Area","isMock":false,"scoreName":"Community Need Index","scoreMethod":"Demo composite created by this project, not an official City of Toronto index. It averages normalized children share, older-adult share, low-income rate, unemployment rate, and tenant shelter cost burden rate."},"id":95},
{"type":"Feature","geometry":{"type":"Polygon","coordinates":[[[-79.3028399545412,43.6904154231354],[-79.3063150027762,43.6980566732733],[-79.3121515161789,43.6998371550209],[-79.3129635743311,43.6998689646298],[-79.3193749601084,43.7011445953353],[-79.3190352127764,43.7001652765701],[-79.3174352665429,43.6964529342234],[-79.3160931924916,43.6933642223377],[-79.3158587151345,43.6928136316912],[-79.3130942944764,43.68640682756],[-79.3081431821772,43.6875608633854],[-79.3088819090562,43.6892858322334],[-79.3041522799836,43.6904123955536],[-79.303521075156,43.6905109201694],[-79.3034158491985,43.6902853376635],[-79.3028399545412,43.6904154231354]]]},"properties":{"id":"60","type":"social_vulnerability","riskLevel":"medium","label":"Woodbine-Lumsden","sourceName":"City of Toronto Neighbourhood Profiles 2021","sourceUrl":"https://open.toronto.ca/dataset/neighbourhood-profiles/","lastUpdated":"2026-02-20","communityNeedIndex":0.3983,"socialVulnerabilityIndex":0.3983,"population":7915,"children":1290,"childrenShare":16.3,"olderAdults":1275,"olderAdultsShare":16.11,"lowIncomeRate":10,"unemploymentRate":12,"tenantShelterCostBurdenRate":36,"visibleMinorityPopulation":2930,"visibleMinorityShare":37.02,"immigrantPopulation":2535,"immigrantShare":32.03,"tsnsDesignation":"Not an NIA or Emerging Neighbourhood","isMock":false,"scoreName":"Community Need Index","scoreMethod":"Demo composite created by this project, not an official City of Toronto index. It averages normalized children share, older-adult share, low-income rate, unemployment rate, and tenant shelter cost burden rate."},"id":96},
{"type":"Feature","geometry":{"type":"Polygon","coordinates":[[[-79.3130942944764,43.68640682756],[-79.3158587151345,43.6928136316912],[-79.3160931924916,43.6933642223377],[-79.3174352665429,43.6964529342234],[-79.3416934946462,43.6911814912417],[-79.3423573945569,43.6906986881004],[-79.3488188784792,43.6894412484367],[-79.3462767953455,43.6827324708682],[-79.3388548632641,43.6841551858321],[-79.3388059850312,43.6840425019396],[-79.3148463937593,43.6891927191175],[-79.3135756971455,43.6863010648469],[-79.3130942944764,43.68640682756]]]},"properties":{"id":"59","type":"social_vulnerability","riskLevel":"medium","label":"Danforth-East York","sourceName":"City of Toronto Neighbourhood Profiles 2021","sourceUrl":"https://open.toronto.ca/dataset/neighbourhood-profiles/","lastUpdated":"2026-02-20","communityNeedIndex":0.4224,"socialVulnerabilityIndex":0.4224,"population":17065,"children":3070,"childrenShare":17.99,"olderAdults":2840,"olderAdultsShare":16.64,"lowIncomeRate":9.3,"unemploymentRate":11.1,"tenantShelterCostBurdenRate":40.2,"visibleMinorityPopulation":5500,"visibleMinorityShare":32.23,"immigrantPopulation":5490,"immigrantShare":32.17,"tsnsDesignation":"Not an NIA or Emerging Neighbourhood","isMock":false,"scoreName":"Community Need Index","scoreMethod":"Demo composite created by this project, not an official City of Toronto index. It averages normalized children share, older-adult share, low-income rate, unemployment rate, and tenant shelter cost burden rate."},"id":97},
{"type":"Feature","geometry":{"type":"Polygon","coordinates":[[[-79.3193749601084,43.7011445953353],[-79.3206837596633,43.7013996909431],[-79.3219529291411,43.7024931969605],[-79.3222188205837,43.7024543567612],[-79.3230842171043,43.7016477891071],[-79.3241190484638,43.7015022421967],[-79.3255510411801,43.7014236233513],[-79.326668686429,43.7016370247278],[-79.3273656344607,43.7014456678374],[-79.3296559665327,43.70167770985],[-79.3302896345409,43.7015771175936],[-79.3316169313058,43.7017724459984],[-79.3321227052686,43.7030451423916],[-79.332488483981,43.7032828171005],[-79.3330946545583,43.703379495713],[-79.33343881172,43.7030750533452],[-79.3337877371393,43.7030237044022],[-79.335421051294,43.7032082626979],[-79.3365918570448,43.702722936611],[-79.3372551883219,43.7021683067214],[-79.3390905344823,43.7012697325585],[-79.3404881073502,43.6999984506515],[-79.3413778814526,43.699472547726],[-79.342874984959,43.6990335877466],[-79.3443332030917,43.6982951549172],[-79.3458191926414,43.6984848462334],[-79.3487142777492,43.7000041164745],[-79.3501271929438,43.6998714260598],[-79.3505667152562,43.6994163124173],[-79.3492803529221,43.6970601934097],[-79.3509414214258,43.6955399197882],[-79.3510370354097,43.6951278302828],[-79.3488188784792,43.6894412484367],[-79.3423573945569,43.6906986881004],[-79.3416934946462,43.6911814912417],[-79.3174352665429,43.6964529342234],[-79.3190352127764,43.7001652765701],[-79.3193749601084,43.7011445953353]]]},"properties":{"id":"58","type":"social_vulnerability","riskLevel":"medium","label":"Old East York","sourceName":"City of Toronto Neighbourhood Profiles 2021","sourceUrl":"https://open.toronto.ca/dataset/neighbourhood-profiles/","lastUpdated":"2026-02-20","communityNeedIndex":0.3677,"socialVulnerabilityIndex":0.3677,"population":9160,"children":1420,"childrenShare":15.5,"olderAdults":1670,"olderAdultsShare":18.23,"lowIncomeRate":8.3,"unemploymentRate":12.2,"tenantShelterCostBurdenRate":30.6,"visibleMinorityPopulation":2545,"visibleMinorityShare":27.78,"immigrantPopulation":2920,"immigrantShare":31.88,"tsnsDesignation":"Not an NIA or Emerging Neighbourhood","isMock":false,"scoreName":"Community Need Index","scoreMethod":"Demo composite created by this project, not an official City of Toronto index. It averages normalized children share, older-adult share, low-income rate, unemployment rate, and tenant shelter cost burden rate."},"id":98},
{"type":"Feature","geometry":{"type":"Polygon","coordinates":[[[-79.4800184410709,43.6600687058996],[-79.4801381694302,43.6604565500566],[-79.4808097175973,43.6603360464718],[-79.4826774102944,43.6651051305682],[-79.4823078514713,43.6651937550088],[-79.4824268629751,43.6654908718437],[-79.4821090183664,43.6655878570146],[-79.4826315539941,43.6668368195097],[-79.4992367081035,43.6658703119159],[-79.4992107216389,43.6655327524729],[-79.4986168256416,43.6656138129719],[-79.4977294060236,43.6649250246319],[-79.4962906543831,43.6644312813584],[-79.4947448235607,43.6627989184672],[-79.4942300646484,43.6609435445716],[-79.4946222601183,43.6602711368802],[-79.4955263443832,43.6597061516127],[-79.4952767277186,43.6595293731663],[-79.494969804827,43.6593845734545],[-79.4928155666223,43.6596126247513],[-79.4890316470499,43.6604216085651],[-79.488300066269,43.6587009466348],[-79.4881248139402,43.6582766497191],[-79.4844863037646,43.6493389464074],[-79.4763078410936,43.6511437931655],[-79.4771242138542,43.6531040687172],[-79.4800184410709,43.6600687058996]]]},"properties":{"id":"89","type":"social_vulnerability","riskLevel":"medium","label":"Runnymede-Bloor West Village","sourceName":"City of Toronto Neighbourhood Profiles 2021","sourceUrl":"https://open.toronto.ca/dataset/neighbourhood-profiles/","lastUpdated":"2026-02-20","communityNeedIndex":0.3719,"socialVulnerabilityIndex":0.3719,"population":10120,"children":2005,"childrenShare":19.81,"olderAdults":1405,"olderAdultsShare":13.88,"lowIncomeRate":5.1,"unemploymentRate":9.8,"tenantShelterCostBurdenRate":41.4,"visibleMinorityPopulation":1840,"visibleMinorityShare":18.18,"immigrantPopulation":2145,"immigrantShare":21.2,"tsnsDesignation":"Not an NIA or Emerging Neighbourhood","isMock":false,"scoreName":"Community Need Index","scoreMethod":"Demo composite created by this project, not an official City of Toronto index. It averages normalized children share, older-adult share, low-income rate, unemployment rate, and tenant shelter cost burden rate."},"id":99},
{"type":"Feature","geometry":{"type":"Polygon","coordinates":[[[-79.4498738286936,43.6568839661766],[-79.4560227950167,43.6631390757932],[-79.4692840109052,43.6602708990231],[-79.4701534175051,43.6609371303015],[-79.4708262951788,43.6625513347986],[-79.4733968818565,43.6620152476909],[-79.474959725872,43.661194669528],[-79.4800184410709,43.6600687058996],[-79.4771242138542,43.6531040687172],[-79.4763078410936,43.6511437931655],[-79.4687170814344,43.6528282379749],[-79.4669063706724,43.6532073694025],[-79.4637085919414,43.6539076591807],[-79.4623441956536,43.6542082499484],[-79.4610382787925,43.6545029305613],[-79.4600513662652,43.6547156344542],[-79.4524571310241,43.6563296058622],[-79.4498738286936,43.6568839661766]]]},"properties":{"id":"88","type":"social_vulnerability","riskLevel":"medium","label":"High Park North","sourceName":"City of Toronto Neighbourhood Profiles 2021","sourceUrl":"https://open.toronto.ca/dataset/neighbourhood-profiles/","lastUpdated":"2026-02-20","communityNeedIndex":0.4179,"socialVulnerabilityIndex":0.4179,"population":21855,"children":2780,"childrenShare":12.72,"olderAdults":3340,"olderAdultsShare":15.28,"lowIncomeRate":11.9,"unemploymentRate":13.1,"tenantShelterCostBurdenRate":41.6,"visibleMinorityPopulation":5905,"visibleMinorityShare":27.02,"immigrantPopulation":7205,"immigrantShare":32.97,"tsnsDesignation":"Not an NIA or Emerging Neighbourhood","isMock":false,"scoreName":"Community Need Index","scoreMethod":"Demo composite created by this project, not an official City of Toronto index. It averages normalized children share, older-adult share, low-income rate, unemployment rate, and tenant shelter cost burden rate."},"id":100},
{"type":"Feature","geometry":{"type":"Polygon","coordinates":[[[-79.4463645106288,43.6393942046931],[-79.4513914712806,43.6523581730116],[-79.4524571310241,43.6563296058622],[-79.4600513662652,43.6547156344542],[-79.4610382787925,43.6545029305613],[-79.4623441956536,43.6542082499484],[-79.4637085919414,43.6539076591807],[-79.4669063706724,43.6532073694025],[-79.4687170814344,43.6528282379749],[-79.4763078410936,43.6511437931655],[-79.4844863037646,43.6493389464074],[-79.4849104819535,43.6490881163688],[-79.4926244707068,43.6474449281897],[-79.4928209807685,43.6467385587353],[-79.4926744601557,43.645838816837],[-79.491204280955,43.6442038929958],[-79.4898012759746,43.6414642986606],[-79.4891079607299,43.6412163728402],[-79.4866660550217,43.6420337363327],[-79.4852193263415,43.6420415775971],[-79.4849928359055,43.6417453673046],[-79.4851025076253,43.6391222181601],[-79.4848365775551,43.638484686835],[-79.4838556594857,43.6380600208448],[-79.4788501119753,43.6381279931157],[-79.4775021836032,43.6377419271742],[-79.4755026281039,43.6341156146875],[-79.4742480769107,43.6334447622029],[-79.4723224087418,43.6345155582173],[-79.4657566609577,43.6373630791024],[-79.4632988137465,43.6381859963455],[-79.4608816665059,43.6387568095277],[-79.4576434878416,43.6392057970866],[-79.4544845028562,43.6392540729799],[-79.4505020008088,43.6388788965352],[-79.4468985716416,43.6381802570714],[-79.4467664276667,43.6384462141161],[-79.446222673832,43.6387239130265],[-79.4462896540162,43.6392091731108],[-79.4463645106288,43.6393942046931]]]},"properties":{"id":"87","type":"social_vulnerability","riskLevel":"medium","label":"High Park-Swansea","sourceName":"City of Toronto Neighbourhood Profiles 2021","sourceUrl":"https://open.toronto.ca/dataset/neighbourhood-profiles/","lastUpdated":"2026-02-20","communityNeedIndex":0.3739,"socialVulnerabilityIndex":0.3739,"population":22665,"children":3385,"childrenShare":14.93,"olderAdults":3720,"olderAdultsShare":16.41,"lowIncomeRate":8.5,"unemploymentRate":11.2,"tenantShelterCostBurdenRate":38,"visibleMinorityPopulation":5220,"visibleMinorityShare":23.03,"immigrantPopulation":6420,"immigrantShare":28.33,"tsnsDesignation":"Not an NIA or Emerging Neighbourhood","isMock":false,"scoreName":"Community Need Index","scoreMethod":"Demo composite created by this project, not an official City of Toronto index. It averages normalized children share, older-adult share, low-income rate, unemployment rate, and tenant shelter cost burden rate."},"id":101},
{"type":"Feature","geometry":{"type":"Polygon","coordinates":[[[-79.446222673832,43.6387239130265],[-79.428213328966,43.6423199476716],[-79.4398299918773,43.6478031766891],[-79.4419871217589,43.6491949573753],[-79.4440491586795,43.650920646332],[-79.4498738286936,43.6568839661766],[-79.4524571310241,43.6563296058622],[-79.4513914712806,43.6523581730116],[-79.4463645106288,43.6393942046931],[-79.4462896540162,43.6392091731108],[-79.446222673832,43.6387239130265]]]},"properties":{"id":"86","type":"social_vulnerability","riskLevel":"medium","label":"Roncesvalles","sourceName":"City of Toronto Neighbourhood Profiles 2021","sourceUrl":"https://open.toronto.ca/dataset/neighbourhood-profiles/","lastUpdated":"2026-02-20","communityNeedIndex":0.3729,"socialVulnerabilityIndex":0.3729,"population":14610,"children":2130,"childrenShare":14.58,"olderAdults":1900,"olderAdultsShare":13,"lowIncomeRate":12.5,"unemploymentRate":11.3,"tenantShelterCostBurdenRate":37.1,"visibleMinorityPopulation":4070,"visibleMinorityShare":27.86,"immigrantPopulation":4180,"immigrantShare":28.61,"tsnsDesignation":"Not an NIA or Emerging Neighbourhood","isMock":false,"scoreName":"Community Need Index","scoreMethod":"Demo composite created by this project, not an official City of Toronto index. It averages normalized children share, older-adult share, low-income rate, unemployment rate, and tenant shelter cost burden rate."},"id":102},
{"type":"Feature","geometry":{"type":"Polygon","coordinates":[[[-79.4214004357826,43.6406199764264],[-79.4235897136734,43.6408406443681],[-79.4256286638912,43.641291040698],[-79.428213328966,43.6423199476716],[-79.446222673832,43.6387239130265],[-79.4467664276667,43.6384462141161],[-79.4468985716416,43.6381802570714],[-79.4505020008088,43.6388788965352],[-79.4544845028562,43.6392540729799],[-79.4576434878416,43.6392057970866],[-79.4608816665059,43.6387568095277],[-79.4632988137465,43.6381859963455],[-79.4657566609577,43.6373630791024],[-79.4723224087418,43.6345155582173],[-79.4742480769107,43.6334447622029],[-79.4724327263503,43.6326341952498],[-79.4712317875115,43.631707836536],[-79.4709184524455,43.6320120136578],[-79.4692402979851,43.6327860716508],[-79.4680496502463,43.6340433116703],[-79.4670040516798,43.6344473295971],[-79.4661993911539,43.6344723881388],[-79.4650132340932,43.6352563136775],[-79.4639440313943,43.6357047721664],[-79.4630881156932,43.6357942344806],[-79.4626165980854,43.6356825364342],[-79.4616596794071,43.6364069297191],[-79.4613295988459,43.6363479944194],[-79.4602939670874,43.6367513064058],[-79.4587520978354,43.6367691136598],[-79.4579026131735,43.6371845152847],[-79.4563776169775,43.6372127212752],[-79.4552346266612,43.6374868839827],[-79.4538351727211,43.6373040680251],[-79.4521202331482,43.6366336054602],[-79.449814218288,43.6365458607636],[-79.4491838605716,43.6361799911151],[-79.4478343601478,43.6365457944494],[-79.4468387052161,43.6363565671848],[-79.4439164963767,43.6351624418659],[-79.4439214963996,43.6350224907792],[-79.4432281209677,43.6347236543478],[-79.4420076365851,43.6349566364562],[-79.4411442621722,43.6348825725245],[-79.4399985670285,43.6342370011456],[-79.4400094959323,43.6339151169139],[-79.4392940542838,43.6335786547654],[-79.4392680624294,43.6331523078568],[-79.4336269631437,43.6308538530603],[-79.4277787222349,43.6298020501787],[-79.4289431661169,43.6334525655778],[-79.4263186562677,43.6339426320105],[-79.419575670878,43.6358271722447],[-79.4214004357826,43.6406199764264]]]},"properties":{"id":"85","type":"social_vulnerability","riskLevel":"medium","label":"South Parkdale","sourceName":"City of Toronto Neighbourhood Profiles 2021","sourceUrl":"https://open.toronto.ca/dataset/neighbourhood-profiles/","lastUpdated":"2026-02-20","communityNeedIndex":0.4871,"socialVulnerabilityIndex":0.4871,"population":20495,"children":1920,"childrenShare":9.37,"olderAdults":2400,"olderAdultsShare":11.71,"lowIncomeRate":20.2,"unemploymentRate":17.3,"tenantShelterCostBurdenRate":41.8,"visibleMinorityPopulation":10430,"visibleMinorityShare":50.89,"immigrantPopulation":8600,"immigrantShare":41.96,"tsnsDesignation":"Neighbourhood Improvement Area","isMock":false,"scoreName":"Community Need Index","scoreMethod":"Demo composite created by this project, not an official City of Toronto index. It averages normalized children share, older-adult share, low-income rate, unemployment rate, and tenant shelter cost burden rate."},"id":103},
{"type":"Feature","geometry":{"type":"Polygon","coordinates":[[[-79.4249565111579,43.6499553378414],[-79.4264072957317,43.6536089342283],[-79.4298798879727,43.6528774616165],[-79.4308163286558,43.6529075561796],[-79.4363606883686,43.651821981243],[-79.435605915782,43.6498984990651],[-79.4414495573165,43.6503290976865],[-79.4440491586795,43.650920646332],[-79.4419871217589,43.6491949573753],[-79.4398299918773,43.6478031766891],[-79.428213328966,43.6423199476716],[-79.4256286638912,43.641291040698],[-79.4235897136734,43.6408406443681],[-79.4214004357826,43.6406199764264],[-79.4224135404887,43.6435001370407],[-79.4248988869274,43.6498099735958],[-79.4249565111579,43.6499553378414]]]},"properties":{"id":"84","type":"social_vulnerability","riskLevel":"medium","label":"Little Portugal","sourceName":"City of Toronto Neighbourhood Profiles 2021","sourceUrl":"https://open.toronto.ca/dataset/neighbourhood-profiles/","lastUpdated":"2026-02-20","communityNeedIndex":0.3583,"socialVulnerabilityIndex":0.3583,"population":15485,"children":1500,"childrenShare":9.69,"olderAdults":1795,"olderAdultsShare":11.59,"lowIncomeRate":10.8,"unemploymentRate":12.7,"tenantShelterCostBurdenRate":44.2,"visibleMinorityPopulation":4870,"visibleMinorityShare":31.45,"immigrantPopulation":4805,"immigrantShare":31.03,"tsnsDesignation":"Not an NIA or Emerging Neighbourhood","isMock":false,"scoreName":"Community Need Index","scoreMethod":"Demo composite created by this project, not an official City of Toronto index. It averages normalized children share, older-adult share, low-income rate, unemployment rate, and tenant shelter cost burden rate."},"id":104},
{"type":"Feature","geometry":{"type":"Polygon","coordinates":[[[-79.4440491586795,43.650920646332],[-79.4414495573165,43.6503290976865],[-79.435605915782,43.6498984990651],[-79.4363606883686,43.651821981243],[-79.4308163286558,43.6529075561796],[-79.4298798879727,43.6528774616165],[-79.4264072957317,43.6536089342283],[-79.4294412531958,43.661159345041],[-79.4353691001102,43.6598923457481],[-79.4498738286936,43.6568839661766],[-79.4440491586795,43.650920646332]]]},"properties":{"id":"83","type":"social_vulnerability","riskLevel":"medium","label":"Dufferin Grove","sourceName":"City of Toronto Neighbourhood Profiles 2021","sourceUrl":"https://open.toronto.ca/dataset/neighbourhood-profiles/","lastUpdated":"2026-02-20","communityNeedIndex":0.4154,"socialVulnerabilityIndex":0.4154,"population":11215,"children":1210,"childrenShare":10.79,"olderAdults":1615,"olderAdultsShare":14.4,"lowIncomeRate":11.7,"unemploymentRate":14.4,"tenantShelterCostBurdenRate":42.7,"visibleMinorityPopulation":3580,"visibleMinorityShare":31.92,"immigrantPopulation":4015,"immigrantShare":35.8,"tsnsDesignation":"Not an NIA or Emerging Neighbourhood","isMock":false,"scoreName":"Community Need Index","scoreMethod":"Demo composite created by this project, not an official City of Toronto index. It averages normalized children share, older-adult share, low-income rate, unemployment rate, and tenant shelter cost burden rate."},"id":105},
{"type":"Feature","geometry":{"type":"Polygon","coordinates":[[[-79.4040137437828,43.6471968749449],[-79.4077261808148,43.6564905414462],[-79.4151822587584,43.6549588314921],[-79.4185910364783,43.655243151026],[-79.4264072957317,43.6536089342283],[-79.4249565111579,43.6499553378414],[-79.4248988869274,43.6498099735958],[-79.4224135404887,43.6435001370407],[-79.4040137437828,43.6471968749449]]]},"properties":{"id":"81","type":"social_vulnerability","riskLevel":"medium","label":"Trinity-Bellwoods","sourceName":"City of Toronto Neighbourhood Profiles 2021","sourceUrl":"https://open.toronto.ca/dataset/neighbourhood-profiles/","lastUpdated":"2026-02-20","communityNeedIndex":0.3823,"socialVulnerabilityIndex":0.3823,"population":15415,"children":1600,"childrenShare":10.38,"olderAdults":2355,"olderAdultsShare":15.28,"lowIncomeRate":11,"unemploymentRate":12.7,"tenantShelterCostBurdenRate":41.7,"visibleMinorityPopulation":5075,"visibleMinorityShare":32.92,"immigrantPopulation":5545,"immigrantShare":35.97,"tsnsDesignation":"Not an NIA or Emerging Neighbourhood","isMock":false,"scoreName":"Community Need Index","scoreMethod":"Demo composite created by this project, not an official City of Toronto index. It averages normalized children share, older-adult share, low-income rate, unemployment rate, and tenant shelter cost burden rate."},"id":106},
{"type":"Feature","geometry":{"type":"Polygon","coordinates":[[[-79.3396316535583,43.7760442808403],[-79.3403725292074,43.7811576707543],[-79.3434598403113,43.7951743181229],[-79.354740196438,43.7926691003684],[-79.3580780476746,43.791970773134],[-79.363520295889,43.7907507171926],[-79.3653403015193,43.7903514427134],[-79.3668141296767,43.7900620460487],[-79.3680703032273,43.7900207024419],[-79.3647832750762,43.7757358307654],[-79.3647281535521,43.7754665404153],[-79.3641393114766,43.7716523634374],[-79.360689061235,43.7721109235675],[-79.342617007674,43.7760832017598],[-79.3414279104274,43.7762304926116],[-79.3396316535583,43.7760442808403]]]},"properties":{"id":"47","type":"social_vulnerability","riskLevel":"medium","label":"Don Valley Village","sourceName":"City of Toronto Neighbourhood Profiles 2021","sourceUrl":"https://open.toronto.ca/dataset/neighbourhood-profiles/","lastUpdated":"2026-02-20","communityNeedIndex":0.4886,"socialVulnerabilityIndex":0.4886,"population":26775,"children":3825,"childrenShare":14.29,"olderAdults":4950,"olderAdultsShare":18.49,"lowIncomeRate":13.5,"unemploymentRate":15.1,"tenantShelterCostBurdenRate":39.3,"visibleMinorityPopulation":19895,"visibleMinorityShare":74.3,"immigrantPopulation":16940,"immigrantShare":63.27,"tsnsDesignation":"Not an NIA or Emerging Neighbourhood","isMock":false,"scoreName":"Community Need Index","scoreMethod":"Demo composite created by this project, not an official City of Toronto index. It averages normalized children share, older-adult share, low-income rate, unemployment rate, and tenant shelter cost burden rate."},"id":107},
{"type":"Feature","geometry":{"type":"Polygon","coordinates":[[[-79.3350920532026,43.7755257633028],[-79.3267023516926,43.774675170704],[-79.3253152217399,43.7747707669844],[-79.3230203352094,43.7752532275258],[-79.3355388150378,43.8023378665384],[-79.3444053908097,43.7994948542947],[-79.3434598403113,43.7951743181229],[-79.3403725292074,43.7811576707543],[-79.3396316535583,43.7760442808403],[-79.3358672265293,43.7756054686652],[-79.3350920532026,43.7755257633028]]]},"properties":{"id":"46","type":"social_vulnerability","riskLevel":"medium","label":"Pleasant View","sourceName":"City of Toronto Neighbourhood Profiles 2021","sourceUrl":"https://open.toronto.ca/dataset/neighbourhood-profiles/","lastUpdated":"2026-02-20","communityNeedIndex":0.4582,"socialVulnerabilityIndex":0.4582,"population":15220,"children":1810,"childrenShare":11.89,"olderAdults":3350,"olderAdultsShare":22.01,"lowIncomeRate":10.1,"unemploymentRate":16.9,"tenantShelterCostBurdenRate":33,"visibleMinorityPopulation":10195,"visibleMinorityShare":66.98,"immigrantPopulation":9155,"immigrantShare":60.15,"tsnsDesignation":"Not an NIA or Emerging Neighbourhood","isMock":false,"scoreName":"Community Need Index","scoreMethod":"Demo composite created by this project, not an official City of Toronto index. It averages normalized children share, older-adult share, low-income rate, unemployment rate, and tenant shelter cost burden rate."},"id":108},
{"type":"Feature","geometry":{"type":"Polygon","coordinates":[[[-79.31950527691,43.7156407690736],[-79.3200772261666,43.7155669961962],[-79.3203366560274,43.7159783024311],[-79.3211045071861,43.715931341337],[-79.3233645768128,43.7166324620738],[-79.3239375330809,43.7181365648119],[-79.3234539897263,43.7188694488849],[-79.3224778884234,43.7192992767923],[-79.3228572784089,43.7198406874648],[-79.3242312642124,43.7206247651441],[-79.3256420683662,43.7203400197755],[-79.326461875386,43.7205032806437],[-79.3267112009965,43.7207826976777],[-79.3266380646576,43.7211869779288],[-79.3233974470674,43.7220173678588],[-79.3232359344709,43.7233779722949],[-79.3223441508372,43.725200187523],[-79.3303611916415,43.7231014939681],[-79.3526308704042,43.7162417995333],[-79.3520889114034,43.7156703659822],[-79.3503521975663,43.7157884612937],[-79.3489227443873,43.7163190497497],[-79.3466080526998,43.7160668309536],[-79.346063654773,43.7151572233541],[-79.344948035225,43.7152276003133],[-79.3444669298982,43.7145550119871],[-79.3434458517457,43.7140889451005],[-79.3428619369295,43.7133629663823],[-79.341107377161,43.7127014415827],[-79.3398581493842,43.7130179473171],[-79.3395312398759,43.7128020794544],[-79.3394972018114,43.7124947195104],[-79.3402930031519,43.7117043441234],[-79.3402873195111,43.7113772305042],[-79.3394461810965,43.7107213985945],[-79.3393910335213,43.7101459871273],[-79.3385963990923,43.7098069157352],[-79.3380123513255,43.7091904745824],[-79.3379090262032,43.7077074855645],[-79.3199008805881,43.7116672104771],[-79.3192967976955,43.7126969015732],[-79.3193438406703,43.7133045702192],[-79.3195365939774,43.7134218994656],[-79.31950527691,43.7156407690736]]]},"properties":{"id":"44","type":"social_vulnerability","riskLevel":"high","label":"Flemingdon Park","sourceName":"City of Toronto Neighbourhood Profiles 2021","sourceUrl":"https://open.toronto.ca/dataset/neighbourhood-profiles/","lastUpdated":"2026-02-20","communityNeedIndex":0.5352,"socialVulnerabilityIndex":0.5352,"population":22530,"children":4155,"childrenShare":18.44,"olderAdults":3240,"olderAdultsShare":14.38,"lowIncomeRate":19.9,"unemploymentRate":16.5,"tenantShelterCostBurdenRate":32.8,"visibleMinorityPopulation":18080,"visibleMinorityShare":80.25,"immigrantPopulation":13980,"immigrantShare":62.05,"tsnsDesignation":"Neighbourhood Improvement Area","isMock":false,"scoreName":"Community Need Index","scoreMethod":"Demo composite created by this project, not an official City of Toronto index. It averages normalized children share, older-adult share, low-income rate, unemployment rate, and tenant shelter cost burden rate."},"id":109},
{"type":"Feature","geometry":{"type":"Polygon","coordinates":[[[-79.3026482325,43.7247316235764],[-79.3097969788187,43.7421526435632],[-79.3137275447679,43.7415469523176],[-79.3247091257228,43.7407989745244],[-79.3305579496382,43.7397984693536],[-79.3301576846021,43.7391418127309],[-79.3301420269667,43.7386377122754],[-79.3315604129014,43.737100575497],[-79.3306624641299,43.7362507482722],[-79.3311303866799,43.7355111791917],[-79.3311175165168,43.7349845701148],[-79.3306905418724,43.7345158574773],[-79.3297461340311,43.7340238423136],[-79.3290774460999,43.7339868308962],[-79.3285180705623,43.7342425273252],[-79.3281994435209,43.7341520277838],[-79.3277325648133,43.7336697232278],[-79.3276609142879,43.7330845081691],[-79.326830858389,43.7327817031258],[-79.3260709600154,43.7321009293187],[-79.3248234938349,43.7316988751661],[-79.3246438864736,43.7309286076451],[-79.3251263832908,43.7294575547104],[-79.3230173330398,43.7294813389485],[-79.3204969684747,43.7313632848862],[-79.3201202276209,43.7315202232331],[-79.3197257037178,43.731398094189],[-79.3196210688518,43.7311053795573],[-79.3204204697417,43.7298329187399],[-79.3202304832456,43.7295445716106],[-79.3192948483513,43.7294216063484],[-79.3186725233703,43.7290785739316],[-79.3197008895547,43.728675118116],[-79.3204223597971,43.7280326389612],[-79.3230519271614,43.7272130629859],[-79.3231995706682,43.7263401707663],[-79.3223441508372,43.725200187523],[-79.3232359344709,43.7233779722949],[-79.3233974470674,43.7220173678588],[-79.3266380646576,43.7211869779288],[-79.3267112009965,43.7207826976777],[-79.326461875386,43.7205032806437],[-79.3256420683662,43.7203400197755],[-79.3242312642124,43.7206247651441],[-79.3228572784089,43.7198406874648],[-79.3224778884234,43.7192992767923],[-79.3234539897263,43.7188694488849],[-79.3239375330809,43.7181365648119],[-79.3233645768128,43.7166324620738],[-79.3211045071861,43.715931341337],[-79.3203366560274,43.7159783024311],[-79.3200772261666,43.7155669961962],[-79.31950527691,43.7156407690736],[-79.3119922026582,43.7172806322457],[-79.311197895216,43.7154610511678],[-79.3048152851723,43.71685926153],[-79.3053418075233,43.7151093876739],[-79.2991644849798,43.7163815509382],[-79.3026482325,43.7247316235764]]]},"properties":{"id":"43","type":"social_vulnerability","riskLevel":"high","label":"Victoria Village","sourceName":"City of Toronto Neighbourhood Profiles 2021","sourceUrl":"https://open.toronto.ca/dataset/neighbourhood-profiles/","lastUpdated":"2026-02-20","communityNeedIndex":0.5594,"socialVulnerabilityIndex":0.5594,"population":17365,"children":2710,"childrenShare":15.61,"olderAdults":3355,"olderAdultsShare":19.32,"lowIncomeRate":17.6,"unemploymentRate":16.8,"tenantShelterCostBurdenRate":38,"visibleMinorityPopulation":10915,"visibleMinorityShare":62.86,"immigrantPopulation":9265,"immigrantShare":53.35,"tsnsDesignation":"Neighbourhood Improvement Area","isMock":false,"scoreName":"Community Need Index","scoreMethod":"Demo composite created by this project, not an official City of Toronto index. It averages normalized children share, older-adult share, low-income rate, unemployment rate, and tenant shelter cost burden rate."},"id":110},
{"type":"Feature","geometry":{"type":"Polygon","coordinates":[[[-79.3305579496382,43.7397984693536],[-79.3308134691325,43.740254769096],[-79.3305375956104,43.7410197791158],[-79.3309092987121,43.7414645393619],[-79.3312634891572,43.7415506282661],[-79.3327617613719,43.7414253285275],[-79.3332177704646,43.7409712988519],[-79.3340117545133,43.7407448042031],[-79.3351140367743,43.7406808610168],[-79.3356354486096,43.7408447050732],[-79.3366649421797,43.7422921372303],[-79.3362426648259,43.7430076872951],[-79.3365523464436,43.7435653956972],[-79.3373801331982,43.7438395386457],[-79.3382859422284,43.7434698657138],[-79.3389787571115,43.7434871357549],[-79.34006332729,43.7443856473712],[-79.3402613564028,43.7448215923589],[-79.339202582246,43.7465416611004],[-79.3394269948787,43.7467836955324],[-79.3405487822594,43.7469562609129],[-79.3422196989935,43.7475251520092],[-79.3424522889903,43.7482339763149],[-79.3421881492625,43.7490323693595],[-79.3425912314153,43.7497745442317],[-79.3425292081348,43.7507455626782],[-79.3435114880502,43.7509786648753],[-79.3453002987839,43.751050734259],[-79.3464021157175,43.7515152501901],[-79.3453005646852,43.7528277150813],[-79.3456109856165,43.7536716378245],[-79.3455669340316,43.7543691075557],[-79.3451553394431,43.7546868952585],[-79.3436313700215,43.7552351091768],[-79.3439052169443,43.756505659839],[-79.3599734596864,43.7529630985343],[-79.3630442750267,43.7529621031547],[-79.3641530125813,43.7527983078357],[-79.365497820206,43.7525044616939],[-79.3821199902035,43.7490473763065],[-79.3826742965479,43.7488163184834],[-79.3815399453296,43.7481733526195],[-79.3812517738713,43.7475098364352],[-79.3801843615148,43.7471035144679],[-79.3797362225622,43.7464721496352],[-79.3784064904646,43.7459268172744],[-79.3785130567084,43.7452712649083],[-79.378837482375,43.7451451143784],[-79.3780902870779,43.7434973954978],[-79.3758538952454,43.7422681854474],[-79.375319151513,43.7421885907731],[-79.374866406898,43.7415988854534],[-79.3743043867203,43.741582111354],[-79.3732979969209,43.7410470484763],[-79.3728846443295,43.7404891887582],[-79.3726382077009,43.7404874831502],[-79.3724351848535,43.7407964940068],[-79.3716789048939,43.7408935891235],[-79.3711236104027,43.7405809196345],[-79.3706402970169,43.7405771053867],[-79.3710490196914,43.7397189233177],[-79.3706305008887,43.7395051039215],[-79.3710117872178,43.7391758107706],[-79.3696688588686,43.7382774052895],[-79.3696155995521,43.7380372913749],[-79.3691191824412,43.7379148647303],[-79.3688720882459,43.738117020078],[-79.3681998061553,43.737230525636],[-79.3669536092942,43.7366457938722],[-79.3667056248685,43.7366321838289],[-79.366579083686,43.7368123568221],[-79.3660432404156,43.7365570043318],[-79.3655976311189,43.7367614755455],[-79.3644830176841,43.7364157273217],[-79.3643298710978,43.7360544794558],[-79.363528475948,43.7358175045894],[-79.3636565083339,43.7355250906572],[-79.3633088432509,43.7347975380354],[-79.362233651484,43.7344863983959],[-79.3616020478044,43.7338228019076],[-79.3605707998245,43.7332399523389],[-79.3598156517422,43.7330491124162],[-79.359821717167,43.7331995748915],[-79.3592473298827,43.7331826491476],[-79.3591273329271,43.7328468094907],[-79.3594295351718,43.7319097209684],[-79.3576086213448,43.7311861353014],[-79.3576727341066,43.7307991352131],[-79.3571616349308,43.7305644660007],[-79.3571764930656,43.729942642246],[-79.3557469770045,43.7299079294665],[-79.3554026985702,43.7296938322618],[-79.3546276420245,43.7296094977903],[-79.3545576686538,43.7291490052952],[-79.354013270727,43.7286778256862],[-79.354042700434,43.7279216058666],[-79.3530420230216,43.7270396688475],[-79.352780191964,43.7262562152311],[-79.3523095978243,43.7262961228182],[-79.3517613048025,43.7259173602823],[-79.3507103675482,43.7258439921578],[-79.350024042993,43.7252950974768],[-79.3501007815762,43.725088070889],[-79.3506813322016,43.7243006635042],[-79.3499222414135,43.7237782632594],[-79.3501946564217,43.7233332398599],[-79.3498742731739,43.7231309482623],[-79.350265212799,43.722981023352],[-79.3503483940994,43.7226623979941],[-79.351260868629,43.7226582599492],[-79.3518895878183,43.7221774917077],[-79.3520104157156,43.7217725922958],[-79.3526761679524,43.72137288781],[-79.3527624861698,43.7209679427083],[-79.3531317808881,43.7209414049704],[-79.3526308704042,43.7162417995333],[-79.3303611916415,43.7231014939681],[-79.3223441508372,43.725200187523],[-79.3231995706682,43.7263401707663],[-79.3230519271614,43.7272130629859],[-79.3204223597971,43.7280326389612],[-79.3197008895547,43.728675118116],[-79.3186725233703,43.7290785739316],[-79.3192948483513,43.7294216063484],[-79.3202304832456,43.7295445716106],[-79.3204204697417,43.7298329187399],[-79.3196210688518,43.7311053795573],[-79.3197257037178,43.731398094189],[-79.3201202276209,43.7315202232331],[-79.3204969684747,43.7313632848862],[-79.3230173330398,43.7294813389485],[-79.3251263832908,43.7294575547104],[-79.3246438864736,43.7309286076451],[-79.3248234938349,43.7316988751661],[-79.3260709600154,43.7321009293187],[-79.326830858389,43.7327817031258],[-79.3276609142879,43.7330845081691],[-79.3277325648133,43.7336697232278],[-79.3281994435209,43.7341520277838],[-79.3285180705623,43.7342425273252],[-79.3290774460999,43.7339868308962],[-79.3297461340311,43.7340238423136],[-79.3306905418724,43.7345158574773],[-79.3311175165168,43.7349845701148],[-79.3311303866799,43.7355111791917],[-79.3306624641299,43.7362507482722],[-79.3315604129014,43.737100575497],[-79.3301420269667,43.7386377122754],[-79.3301576846021,43.7391418127309],[-79.3305579496382,43.7397984693536]]]},"properties":{"id":"42","type":"social_vulnerability","riskLevel":"medium","label":"Banbury-Don Mills","sourceName":"City of Toronto Neighbourhood Profiles 2021","sourceUrl":"https://open.toronto.ca/dataset/neighbourhood-profiles/","lastUpdated":"2026-02-20","communityNeedIndex":0.4701,"socialVulnerabilityIndex":0.4701,"population":27155,"children":3470,"childrenShare":12.78,"olderAdults":6925,"olderAdultsShare":25.5,"lowIncomeRate":11.1,"unemploymentRate":10.5,"tenantShelterCostBurdenRate":44.7,"visibleMinorityPopulation":14645,"visibleMinorityShare":53.93,"immigrantPopulation":13675,"immigrantShare":50.36,"tsnsDesignation":"Not an NIA or Emerging Neighbourhood","isMock":false,"scoreName":"Community Need Index","scoreMethod":"Demo composite created by this project, not an official City of Toronto index. It averages normalized children share, older-adult share, low-income rate, unemployment rate, and tenant shelter cost burden rate."},"id":111},
{"type":"Feature","geometry":{"type":"Polygon","coordinates":[[[-79.350024042993,43.7252950974768],[-79.3507103675482,43.7258439921578],[-79.3517613048025,43.7259173602823],[-79.3523095978243,43.7262961228182],[-79.352780191964,43.7262562152311],[-79.3530420230216,43.7270396688475],[-79.354042700434,43.7279216058666],[-79.354013270727,43.7286778256862],[-79.3545576686538,43.7291490052952],[-79.3546276420245,43.7296094977903],[-79.3554026985702,43.7296938322618],[-79.3557469770045,43.7299079294665],[-79.3571764930656,43.729942642246],[-79.3571616349308,43.7305644660007],[-79.3576727341066,43.7307991352131],[-79.3576086213448,43.7311861353014],[-79.3594295351718,43.7319097209684],[-79.3591273329271,43.7328468094907],[-79.3592473298827,43.7331826491476],[-79.359821717167,43.7331995748915],[-79.3598156517422,43.7330491124162],[-79.3605707998245,43.7332399523389],[-79.3616020478044,43.7338228019076],[-79.362233651484,43.7344863983959],[-79.3633088432509,43.7347975380354],[-79.3636565083339,43.7355250906572],[-79.363528475948,43.7358175045894],[-79.3643298710978,43.7360544794558],[-79.3644830176841,43.7364157273217],[-79.3655976311189,43.7367614755455],[-79.3660432404156,43.7365570043318],[-79.366579083686,43.7368123568221],[-79.3667056248685,43.7366321838289],[-79.3669536092942,43.7366457938722],[-79.3681998061553,43.737230525636],[-79.3688720882459,43.738117020078],[-79.3691191824412,43.7379148647303],[-79.3696155995521,43.7380372913749],[-79.3696688588686,43.7382774052895],[-79.3710117872178,43.7391758107706],[-79.3706305008887,43.7395051039215],[-79.3710490196914,43.7397189233177],[-79.3706402970169,43.7405771053867],[-79.3711236104027,43.7405809196345],[-79.3716789048939,43.7408935891235],[-79.3724351848535,43.7407964940068],[-79.3726382077009,43.7404874831502],[-79.3728846443295,43.7404891887582],[-79.3732979969209,43.7410470484763],[-79.3743043867203,43.741582111354],[-79.374866406898,43.7415988854534],[-79.375319151513,43.7421885907731],[-79.3758538952454,43.7422681854474],[-79.3780902870779,43.7434973954978],[-79.378837482375,43.7451451143784],[-79.3785130567084,43.7452712649083],[-79.3784064904646,43.7459268172744],[-79.3797362225622,43.7464721496352],[-79.3801843615148,43.7471035144679],[-79.3812517738713,43.7475098364352],[-79.3815399453296,43.7481733526195],[-79.3826742965479,43.7488163184834],[-79.3841590194731,43.7480679603907],[-79.402383309627,43.7441727804617],[-79.4040700834225,43.7442265693299],[-79.4044207650482,43.7437544336391],[-79.4065011240073,43.7433121429116],[-79.4049357934551,43.7360195560283],[-79.4045551575063,43.7342711018291],[-79.3924111161496,43.736920502676],[-79.3906511206752,43.7299997310797],[-79.3908973426064,43.729939027252],[-79.390079753527,43.7276907521334],[-79.3894641335712,43.7247062735662],[-79.389658264894,43.7246332175149],[-79.3892539277947,43.7236880653624],[-79.3882969318613,43.7190894214969],[-79.3873510220368,43.7154671349674],[-79.3862139794659,43.7126625476113],[-79.3861828761975,43.7121472845182],[-79.3860262486395,43.7121786687837],[-79.3857124042287,43.7113630121414],[-79.3774928301588,43.7130996546612],[-79.3780957030207,43.7167260422589],[-79.3532369259972,43.7217201297328],[-79.3531317808881,43.7209414049704],[-79.3527624861698,43.7209679427083],[-79.3526761679524,43.72137288781],[-79.3520104157156,43.7217725922958],[-79.3518895878183,43.7221774917077],[-79.351260868629,43.7226582599492],[-79.3503483940994,43.7226623979941],[-79.350265212799,43.722981023352],[-79.3498742731739,43.7231309482623],[-79.3501946564217,43.7233332398599],[-79.3499222414135,43.7237782632594],[-79.3506813322016,43.7243006635042],[-79.3501007815762,43.725088070889],[-79.350024042993,43.7252950974768]]]},"properties":{"id":"41","type":"social_vulnerability","riskLevel":"medium","label":"Bridle Path-Sunnybrook-York Mills","sourceName":"City of Toronto Neighbourhood Profiles 2021","sourceUrl":"https://open.toronto.ca/dataset/neighbourhood-profiles/","lastUpdated":"2026-02-20","communityNeedIndex":0.4418,"socialVulnerabilityIndex":0.4418,"population":8940,"children":1315,"childrenShare":14.71,"olderAdults":2185,"olderAdultsShare":24.44,"lowIncomeRate":9.1,"unemploymentRate":8.2,"tenantShelterCostBurdenRate":46.8,"visibleMinorityPopulation":3280,"visibleMinorityShare":36.69,"immigrantPopulation":3295,"immigrantShare":36.86,"tsnsDesignation":"Not an NIA or Emerging Neighbourhood","isMock":false,"scoreName":"Community Need Index","scoreMethod":"Demo composite created by this project, not an official City of Toronto index. It averages normalized children share, older-adult share, low-income rate, unemployment rate, and tenant shelter cost burden rate."},"id":112},
{"type":"Feature","geometry":{"type":"Polygon","coordinates":[[[-79.3498530432888,43.7614313021659],[-79.3494289378634,43.7632953487271],[-79.3500935734943,43.7638274360354],[-79.3509028926833,43.7641134810597],[-79.3512784019468,43.7636261512166],[-79.3515892783239,43.763518217095],[-79.3528062961079,43.7638451115167],[-79.3536892088781,43.7636194520911],[-79.3542248500275,43.7636623787711],[-79.3548861115863,43.7645973899546],[-79.3564626558082,43.7648534208005],[-79.3577678486272,43.7648028364811],[-79.3593939591916,43.7657140755733],[-79.3596670883605,43.766040748454],[-79.359667209633,43.7664940754735],[-79.3715843527186,43.7659459621157],[-79.3751355682083,43.76563410856],[-79.3793483210394,43.7649601062675],[-79.3871553420184,43.7633203327168],[-79.3932096663348,43.7619750451807],[-79.3969547822802,43.7606031559747],[-79.3992795575568,43.7593688245014],[-79.4083919546112,43.7536249528515],[-79.4081019155554,43.7521046242262],[-79.408113000766,43.7498021437944],[-79.4065011240073,43.7433121429116],[-79.4044207650482,43.7437544336391],[-79.4040700834225,43.7442265693299],[-79.402383309627,43.7441727804617],[-79.3841590194731,43.7480679603907],[-79.3826742965479,43.7488163184834],[-79.3821199902035,43.7490473763065],[-79.365497820206,43.7525044616939],[-79.3641530125813,43.7527983078357],[-79.3630442750267,43.7529621031547],[-79.3599734596864,43.7529630985343],[-79.3439052169443,43.756505659839],[-79.3444994830474,43.7575487636438],[-79.3459843218553,43.7585012541699],[-79.3464844660762,43.7595118607632],[-79.3484229783571,43.7599704309225],[-79.3489199775763,43.7606480130382],[-79.3497594163783,43.7610125517458],[-79.3498530432888,43.7614313021659]]]},"properties":{"id":"40","type":"social_vulnerability","riskLevel":"medium","label":"St.Andrew-Windfields","sourceName":"City of Toronto Neighbourhood Profiles 2021","sourceUrl":"https://open.toronto.ca/dataset/neighbourhood-profiles/","lastUpdated":"2026-02-20","communityNeedIndex":0.47,"socialVulnerabilityIndex":0.47,"population":16960,"children":2430,"childrenShare":14.33,"olderAdults":3575,"olderAdultsShare":21.08,"lowIncomeRate":13,"unemploymentRate":10.8,"tenantShelterCostBurdenRate":44.6,"visibleMinorityPopulation":9290,"visibleMinorityShare":54.78,"immigrantPopulation":8480,"immigrantShare":50,"tsnsDesignation":"Not an NIA or Emerging Neighbourhood","isMock":false,"scoreName":"Community Need Index","scoreMethod":"Demo composite created by this project, not an official City of Toronto index. It averages normalized children share, older-adult share, low-income rate, unemployment rate, and tenant shelter cost burden rate."},"id":113},
{"type":"Feature","geometry":{"type":"Polygon","coordinates":[[[-79.4271561331492,43.7082946479316],[-79.4193324825576,43.7099631806941],[-79.4222210656593,43.7170392206657],[-79.4135029553528,43.7187703794003],[-79.4142076765067,43.7225747303278],[-79.4145669954338,43.7244991962544],[-79.4158785285621,43.7277463688898],[-79.4169836845336,43.7333463319768],[-79.4049357934551,43.7360195560283],[-79.4065011240073,43.7433121429116],[-79.408113000766,43.7498021437944],[-79.4081019155554,43.7521046242262],[-79.4083919546112,43.7536249528515],[-79.4145914888983,43.7496076020366],[-79.4176561094564,43.7462456401052],[-79.4187518412023,43.7453882758611],[-79.426665786853,43.7403155909726],[-79.4337090134651,43.7361549911292],[-79.4271561331492,43.7082946479316]]]},"properties":{"id":"39","type":"social_vulnerability","riskLevel":"medium","label":"Bedford Park-Nortown","sourceName":"City of Toronto Neighbourhood Profiles 2021","sourceUrl":"https://open.toronto.ca/dataset/neighbourhood-profiles/","lastUpdated":"2026-02-20","communityNeedIndex":0.3993,"socialVulnerabilityIndex":0.3993,"population":22145,"children":3985,"childrenShare":18,"olderAdults":4385,"olderAdultsShare":19.8,"lowIncomeRate":7.2,"unemploymentRate":10.4,"tenantShelterCostBurdenRate":36.3,"visibleMinorityPopulation":5620,"visibleMinorityShare":25.38,"immigrantPopulation":6450,"immigrantShare":29.13,"tsnsDesignation":"Not an NIA or Emerging Neighbourhood","isMock":false,"scoreName":"Community Need Index","scoreMethod":"Demo composite created by this project, not an official City of Toronto index. It averages normalized children share, older-adult share, low-income rate, unemployment rate, and tenant shelter cost burden rate."},"id":114},
{"type":"Feature","geometry":{"type":"Polygon","coordinates":[[[-79.4122506966602,43.7666963834199],[-79.4134067008701,43.7665254954893],[-79.4141776862509,43.7666077273267],[-79.4153755753092,43.7663402317888],[-79.4161347235896,43.7680948599376],[-79.4376422734619,43.7633452109473],[-79.4389203730919,43.7637388477026],[-79.4404371398216,43.7634061092721],[-79.4399875653613,43.7615662567709],[-79.4393417754867,43.7615569142637],[-79.4387404432355,43.7613315459469],[-79.4383347326121,43.7607192202079],[-79.4378430639959,43.7606469535557],[-79.4376597079649,43.7604533190343],[-79.4376168834787,43.7602057537142],[-79.4381428416877,43.7594048976223],[-79.4377104915246,43.759040114898],[-79.4365534587437,43.7591295348281],[-79.4352613292255,43.7588723129172],[-79.434610741449,43.7582778817946],[-79.4336939846504,43.7579623567964],[-79.4336897401107,43.7575438176221],[-79.4332262920691,43.7572510361572],[-79.4324932128983,43.7572371122216],[-79.4305470011572,43.7575869926209],[-79.4300277587533,43.7572933633445],[-79.4384849093681,43.7554670155735],[-79.438243659612,43.7545022904759],[-79.4379883916459,43.7534467167283],[-79.436479730415,43.7472564971552],[-79.4362451012426,43.7461629084927],[-79.4337090134651,43.7361549911292],[-79.426665786853,43.7403155909726],[-79.4187518412023,43.7453882758611],[-79.4176561094564,43.7462456401052],[-79.4145914888983,43.7496076020366],[-79.4083919546112,43.7536249528515],[-79.4095925206491,43.7563411293483],[-79.4105887010952,43.7600597832844],[-79.410751972593,43.7607225420349],[-79.4109412305554,43.7615174317739],[-79.4122506966602,43.7666963834199]]]},"properties":{"id":"38","type":"social_vulnerability","riskLevel":"medium","label":"Lansing-Westgate","sourceName":"City of Toronto Neighbourhood Profiles 2021","sourceUrl":"https://open.toronto.ca/dataset/neighbourhood-profiles/","lastUpdated":"2026-02-20","communityNeedIndex":0.4265,"socialVulnerabilityIndex":0.4265,"population":15910,"children":2325,"childrenShare":14.61,"olderAdults":2435,"olderAdultsShare":15.3,"lowIncomeRate":11.8,"unemploymentRate":11.5,"tenantShelterCostBurdenRate":44.3,"visibleMinorityPopulation":7610,"visibleMinorityShare":47.83,"immigrantPopulation":7170,"immigrantShare":45.07,"tsnsDesignation":"Not an NIA or Emerging Neighbourhood","isMock":false,"scoreName":"Community Need Index","scoreMethod":"Demo composite created by this project, not an official City of Toronto index. It averages normalized children share, older-adult share, low-income rate, unemployment rate, and tenant shelter cost burden rate."},"id":115},
{"type":"Feature","geometry":{"type":"Polygon","coordinates":[[[-79.4122506966602,43.7666963834199],[-79.4155809526411,43.7797776873802],[-79.4254031283644,43.7775976796796],[-79.4270658614463,43.777216213293],[-79.441040734929,43.7741143915516],[-79.4430118695294,43.7738678233104],[-79.4404371398216,43.7634061092721],[-79.4389203730919,43.7637388477026],[-79.4376422734619,43.7633452109473],[-79.4161347235896,43.7680948599376],[-79.4153755753092,43.7663402317888],[-79.4141776862509,43.7666077273267],[-79.4134067008701,43.7665254954893],[-79.4122506966602,43.7666963834199]]]},"properties":{"id":"37","type":"social_vulnerability","riskLevel":"high","label":"Willowdale West","sourceName":"City of Toronto Neighbourhood Profiles 2021","sourceUrl":"https://open.toronto.ca/dataset/neighbourhood-profiles/","lastUpdated":"2026-02-20","communityNeedIndex":0.5171,"socialVulnerabilityIndex":0.5171,"population":17160,"children":1770,"childrenShare":10.31,"olderAdults":3435,"olderAdultsShare":20.02,"lowIncomeRate":19.2,"unemploymentRate":12,"tenantShelterCostBurdenRate":49.7,"visibleMinorityPopulation":10940,"visibleMinorityShare":63.75,"immigrantPopulation":9585,"immigrantShare":55.86,"tsnsDesignation":"Not an NIA or Emerging Neighbourhood","isMock":false,"scoreName":"Community Need Index","scoreMethod":"Demo composite created by this project, not an official City of Toronto index. It averages normalized children share, older-adult share, low-income rate, unemployment rate, and tenant shelter cost burden rate."},"id":116},
{"type":"Feature","geometry":{"type":"Polygon","coordinates":[[[-79.4430118695294,43.7738678233104],[-79.441040734929,43.7741143915516],[-79.4270658614463,43.777216213293],[-79.4254031283644,43.7775976796796],[-79.4155809526411,43.7797776873802],[-79.4200872551441,43.798008269809],[-79.4457584334763,43.792416070965],[-79.4454046769174,43.7907011858429],[-79.4465758060617,43.7890275264486],[-79.4466584852039,43.7882714691257],[-79.4430118695294,43.7738678233104]]]},"properties":{"id":"36","type":"social_vulnerability","riskLevel":"medium","label":"Newtonbrook West","sourceName":"City of Toronto Neighbourhood Profiles 2021","sourceUrl":"https://open.toronto.ca/dataset/neighbourhood-profiles/","lastUpdated":"2026-02-20","communityNeedIndex":0.4851,"socialVulnerabilityIndex":0.4851,"population":23805,"children":2605,"childrenShare":10.94,"olderAdults":4305,"olderAdultsShare":18.08,"lowIncomeRate":15.3,"unemploymentRate":13.7,"tenantShelterCostBurdenRate":46.6,"visibleMinorityPopulation":15645,"visibleMinorityShare":65.72,"immigrantPopulation":15625,"immigrantShare":65.64,"tsnsDesignation":"Not an NIA or Emerging Neighbourhood","isMock":false,"scoreName":"Community Need Index","scoreMethod":"Demo composite created by this project, not an official City of Toronto index. It averages normalized children share, older-adult share, low-income rate, unemployment rate, and tenant shelter cost burden rate."},"id":117},
{"type":"Feature","geometry":{"type":"Polygon","coordinates":[[[-79.4430118695294,43.7738678233104],[-79.4466584852039,43.7882714691257],[-79.4465758060617,43.7890275264486],[-79.4454046769174,43.7907011858429],[-79.4457584334763,43.792416070965],[-79.4668809447566,43.7879269477615],[-79.4665013418704,43.7871161755374],[-79.465975470798,43.7867328321262],[-79.4662349132352,43.7864842886604],[-79.4663787595633,43.7856080698712],[-79.467082411722,43.7853036666577],[-79.4673025133396,43.7849784635011],[-79.4684587942307,43.7848880575303],[-79.468334933621,43.7843531561439],[-79.4672580386483,43.7839927261632],[-79.4657434530281,43.7843145506089],[-79.4633916968519,43.7840178727227],[-79.4629473326202,43.7831164533418],[-79.4624150673397,43.7827581418693],[-79.4622697028587,43.7823517725869],[-79.4610260069074,43.7814715194403],[-79.4606613223431,43.7809827303401],[-79.4593429215944,43.7804962611055],[-79.4586057182582,43.7810526459905],[-79.458221035399,43.781124875019],[-79.4583377454191,43.780870275185],[-79.4579118873805,43.7808423235072],[-79.4579127856958,43.779933090077],[-79.4577514105415,43.7797526557831],[-79.4573077784368,43.7797331754416],[-79.4572372579921,43.7791664987079],[-79.4566338533275,43.7786852579741],[-79.4568156292219,43.7783541651719],[-79.4574788706675,43.7782260574917],[-79.4586388418377,43.776685889338],[-79.4612620599095,43.7761337681075],[-79.4617898884109,43.7754188657666],[-79.4630285870343,43.7747256072166],[-79.4656627690442,43.774221860284],[-79.4660240211458,43.7737747897109],[-79.4655192434146,43.7726449919732],[-79.4628000340665,43.7715949179794],[-79.4618420481896,43.7714548225221],[-79.4590316257041,43.7716921557917],[-79.4581224973989,43.7713077281336],[-79.4562464557595,43.7720383800717],[-79.4560305699355,43.7717124638677],[-79.4561216285626,43.7713439640097],[-79.4555036181899,43.7705610193883],[-79.4553643936939,43.7693484886219],[-79.4526648637386,43.7695580393639],[-79.4521749297692,43.7688356618633],[-79.4510187306249,43.7694027323075],[-79.4505326522246,43.7694364484903],[-79.4501995928499,43.7685663942844],[-79.4478943002352,43.7678570368836],[-79.4471164921498,43.7674267031073],[-79.4468919941771,43.766900560963],[-79.4459460178773,43.7667475655637],[-79.4458870839031,43.7658376805633],[-79.4453854493771,43.7645546014812],[-79.4437971480047,43.7634329778778],[-79.442126622936,43.7612976389935],[-79.4413118294137,43.761224592547],[-79.4399875653613,43.7615662567709],[-79.4404371398216,43.7634061092721],[-79.4430118695294,43.7738678233104]]]},"properties":{"id":"35","type":"social_vulnerability","riskLevel":"medium","label":"Westminster-Branson","sourceName":"City of Toronto Neighbourhood Profiles 2021","sourceUrl":"https://open.toronto.ca/dataset/neighbourhood-profiles/","lastUpdated":"2026-02-20","communityNeedIndex":0.4936,"socialVulnerabilityIndex":0.4936,"population":25705,"children":3385,"childrenShare":13.17,"olderAdults":5310,"olderAdultsShare":20.66,"lowIncomeRate":13.7,"unemploymentRate":15.5,"tenantShelterCostBurdenRate":37.7,"visibleMinorityPopulation":13660,"visibleMinorityShare":53.14,"immigrantPopulation":17435,"immigrantShare":67.83,"tsnsDesignation":"Emerging Neighbourhood","isMock":false,"scoreName":"Community Need Index","scoreMethod":"Demo composite created by this project, not an official City of Toronto index. It averages normalized children share, older-adult share, low-income rate, unemployment rate, and tenant shelter cost burden rate."},"id":118},
{"type":"Feature","geometry":{"type":"Polygon","coordinates":[[[-79.4399875653613,43.7615662567709],[-79.4413118294137,43.761224592547],[-79.442126622936,43.7612976389935],[-79.4437971480047,43.7634329778778],[-79.4453854493771,43.7645546014812],[-79.4458870839031,43.7658376805633],[-79.4459460178773,43.7667475655637],[-79.4468919941771,43.766900560963],[-79.4471164921498,43.7674267031073],[-79.4478943002352,43.7678570368836],[-79.4501995928499,43.7685663942844],[-79.4505326522246,43.7694364484903],[-79.4510187306249,43.7694027323075],[-79.4521749297692,43.7688356618633],[-79.4526648637386,43.7695580393639],[-79.4553643936939,43.7693484886219],[-79.4555036181899,43.7705610193883],[-79.4561216285626,43.7713439640097],[-79.4560305699355,43.7717124638677],[-79.4562464557595,43.7720383800717],[-79.4581224973989,43.7713077281336],[-79.4590316257041,43.7716921557917],[-79.4618420481896,43.7714548225221],[-79.4628000340665,43.7715949179794],[-79.4655192434146,43.7726449919732],[-79.4660240211458,43.7737747897109],[-79.4656627690442,43.774221860284],[-79.4630285870343,43.7747256072166],[-79.4617898884109,43.7754188657666],[-79.4612620599095,43.7761337681075],[-79.4586388418377,43.776685889338],[-79.4574788706675,43.7782260574917],[-79.4568156292219,43.7783541651719],[-79.4566338533275,43.7786852579741],[-79.4572372579921,43.7791664987079],[-79.4573077784368,43.7797331754416],[-79.4577514105415,43.7797526557831],[-79.4579127856958,43.779933090077],[-79.4579118873805,43.7808423235072],[-79.4583377454191,43.780870275185],[-79.458221035399,43.781124875019],[-79.4586057182582,43.7810526459905],[-79.4593429215944,43.7804962611055],[-79.4606613223431,43.7809827303401],[-79.4610260069074,43.7814715194403],[-79.4622697028587,43.7823517725869],[-79.4624150673397,43.7827581418693],[-79.4629473326202,43.7831164533418],[-79.4633916968519,43.7840178727227],[-79.4657434530281,43.7843145506089],[-79.4672580386483,43.7839927261632],[-79.468334933621,43.7843531561439],[-79.4684587942307,43.7848880575303],[-79.4673025133396,43.7849784635011],[-79.467082411722,43.7853036666577],[-79.4663787595633,43.7856080698712],[-79.4662349132352,43.7864842886604],[-79.465975470798,43.7867328321262],[-79.4665013418704,43.7871161755374],[-79.4668809447566,43.7879269477615],[-79.4700929465135,43.7872918035785],[-79.4700450366644,43.7817935461909],[-79.4627748030851,43.7503859054378],[-79.4595166063631,43.7510924999923],[-79.4384849093681,43.7554670155735],[-79.4300277587533,43.7572933633445],[-79.4305470011572,43.7575869926209],[-79.4324932128983,43.7572371122216],[-79.4332262920691,43.7572510361572],[-79.4336897401107,43.7575438176221],[-79.4336939846504,43.7579623567964],[-79.434610741449,43.7582778817946],[-79.4352613292255,43.7588723129172],[-79.4365534587437,43.7591295348281],[-79.4377104915246,43.759040114898],[-79.4381428416877,43.7594048976223],[-79.4376168834787,43.7602057537142],[-79.4376597079649,43.7604533190343],[-79.4378430639959,43.7606469535557],[-79.4383347326121,43.7607192202079],[-79.4387404432355,43.7613315459469],[-79.4393417754867,43.7615569142637],[-79.4399875653613,43.7615662567709]]]},"properties":{"id":"34","type":"social_vulnerability","riskLevel":"medium","label":"Bathurst Manor","sourceName":"City of Toronto Neighbourhood Profiles 2021","sourceUrl":"https://open.toronto.ca/dataset/neighbourhood-profiles/","lastUpdated":"2026-02-20","communityNeedIndex":0.3937,"socialVulnerabilityIndex":0.3937,"population":15955,"children":2275,"childrenShare":14.26,"olderAdults":2820,"olderAdultsShare":17.67,"lowIncomeRate":11.4,"unemploymentRate":12.6,"tenantShelterCostBurdenRate":32.8,"visibleMinorityPopulation":6795,"visibleMinorityShare":42.59,"immigrantPopulation":8195,"immigrantShare":51.36,"tsnsDesignation":"Not an NIA or Emerging Neighbourhood","isMock":false,"scoreName":"Community Need Index","scoreMethod":"Demo composite created by this project, not an official City of Toronto index. It averages normalized children share, older-adult share, low-income rate, unemployment rate, and tenant shelter cost burden rate."},"id":119},
{"type":"Feature","geometry":{"type":"Polygon","coordinates":[[[-79.436479730415,43.7472564971552],[-79.4379883916459,43.7534467167283],[-79.438243659612,43.7545022904759],[-79.4384849093681,43.7554670155735],[-79.4595166063631,43.7510924999923],[-79.459101442768,43.7500406602789],[-79.4586793154328,43.7490037493373],[-79.4582343053124,43.7480057135477],[-79.45490113879,43.7487102680794],[-79.4528081270601,43.7435347346128],[-79.4596730695293,43.7420214859391],[-79.458775793596,43.7398679931113],[-79.456505884722,43.7403141793637],[-79.4555053995491,43.7369133390845],[-79.4527325257441,43.7343683172221],[-79.4532722111089,43.7340244855556],[-79.4528666531992,43.7333916936924],[-79.4589220132731,43.7321012103811],[-79.4578928574696,43.7280770491554],[-79.4485489025827,43.7300922121875],[-79.4433736749932,43.7312076287779],[-79.4411878538197,43.7319463993798],[-79.4337090134651,43.7361549911292],[-79.4362451012426,43.7461629084927],[-79.436479730415,43.7472564971552]]]},"properties":{"id":"33","type":"social_vulnerability","riskLevel":"medium","label":"Clanton Park","sourceName":"City of Toronto Neighbourhood Profiles 2021","sourceUrl":"https://open.toronto.ca/dataset/neighbourhood-profiles/","lastUpdated":"2026-02-20","communityNeedIndex":0.4166,"socialVulnerabilityIndex":0.4166,"population":17620,"children":2845,"childrenShare":16.15,"olderAdults":2545,"olderAdultsShare":14.44,"lowIncomeRate":10.6,"unemploymentRate":12.1,"tenantShelterCostBurdenRate":41,"visibleMinorityPopulation":8165,"visibleMinorityShare":46.34,"immigrantPopulation":8145,"immigrantShare":46.23,"tsnsDesignation":"Not an NIA or Emerging Neighbourhood","isMock":false,"scoreName":"Community Need Index","scoreMethod":"Demo composite created by this project, not an official City of Toronto index. It averages normalized children share, older-adult share, low-income rate, unemployment rate, and tenant shelter cost burden rate."},"id":120},
{"type":"Feature","geometry":{"type":"Polygon","coordinates":[[[-79.4385469775643,43.7058696725],[-79.4271561331492,43.7082946479316],[-79.4337090134651,43.7361549911292],[-79.4411878538197,43.7319463993798],[-79.4433736749932,43.7312076287779],[-79.4485489025827,43.7300922121875],[-79.4476654777727,43.7255929904111],[-79.4428041592728,43.7130177914823],[-79.4416860172555,43.7106630089481],[-79.4385469775643,43.7058696725]]]},"properties":{"id":"32","type":"social_vulnerability","riskLevel":"medium","label":"Englemount-Lawrence","sourceName":"City of Toronto Neighbourhood Profiles 2021","sourceUrl":"https://open.toronto.ca/dataset/neighbourhood-profiles/","lastUpdated":"2026-02-20","communityNeedIndex":0.4514,"socialVulnerabilityIndex":0.4514,"population":21285,"children":4310,"childrenShare":20.25,"olderAdults":3605,"olderAdultsShare":16.94,"lowIncomeRate":13.4,"unemploymentRate":12.6,"tenantShelterCostBurdenRate":30.6,"visibleMinorityPopulation":9305,"visibleMinorityShare":43.72,"immigrantPopulation":9705,"immigrantShare":45.6,"tsnsDesignation":"Emerging Neighbourhood","isMock":false,"scoreName":"Community Need Index","scoreMethod":"Demo composite created by this project, not an official City of Toronto index. It averages normalized children share, older-adult share, low-income rate, unemployment rate, and tenant shelter cost burden rate."},"id":121},
{"type":"Feature","geometry":{"type":"Polygon","coordinates":[[[-79.4671056673081,43.6996820606109],[-79.4422824689597,43.7051902591994],[-79.4396905760401,43.7056184084902],[-79.4385469775643,43.7058696725],[-79.4416860172555,43.7106630089481],[-79.4428041592728,43.7130177914823],[-79.4476654777727,43.7255929904111],[-79.4485489025827,43.7300922121875],[-79.4578928574696,43.7280770491554],[-79.4725699520947,43.7248785020347],[-79.4697804953896,43.7108129763697],[-79.4686088856467,43.7050877701026],[-79.4671056673081,43.6996820606109]]]},"properties":{"id":"31","type":"social_vulnerability","riskLevel":"medium","label":"Yorkdale-Glen Park","sourceName":"City of Toronto Neighbourhood Profiles 2021","sourceUrl":"https://open.toronto.ca/dataset/neighbourhood-profiles/","lastUpdated":"2026-02-20","communityNeedIndex":0.4574,"socialVulnerabilityIndex":0.4574,"population":16625,"children":2060,"childrenShare":12.39,"olderAdults":2965,"olderAdultsShare":17.83,"lowIncomeRate":12.2,"unemploymentRate":16,"tenantShelterCostBurdenRate":37.4,"visibleMinorityPopulation":8555,"visibleMinorityShare":51.46,"immigrantPopulation":8305,"immigrantShare":49.95,"tsnsDesignation":"Emerging Neighbourhood","isMock":false,"scoreName":"Community Need Index","scoreMethod":"Demo composite created by this project, not an official City of Toronto index. It averages normalized children share, older-adult share, low-income rate, unemployment rate, and tenant shelter cost burden rate."},"id":122},
{"type":"Feature","geometry":{"type":"Polygon","coordinates":[[[-79.4976474401439,43.6929935181815],[-79.4854658653779,43.6954765700498],[-79.4671056673081,43.6996820606109],[-79.4686088856467,43.7050877701026],[-79.4697804953896,43.7108129763697],[-79.4763676347556,43.7093420099757],[-79.4789347458514,43.7083514541434],[-79.4824401194138,43.7075464145766],[-79.4876709015154,43.7063829719287],[-79.5038417165916,43.7028866578593],[-79.5028972449699,43.6995619267395],[-79.5082497425043,43.6983498585275],[-79.5053580736895,43.6969252888781],[-79.5023828480786,43.6976023044467],[-79.502196091026,43.6967716788086],[-79.5041543042593,43.6963611649919],[-79.502960181837,43.6957456760758],[-79.4976474401439,43.6929935181815]]]},"properties":{"id":"30","type":"social_vulnerability","riskLevel":"medium","label":"Brookhaven-Amesbury","sourceName":"City of Toronto Neighbourhood Profiles 2021","sourceUrl":"https://open.toronto.ca/dataset/neighbourhood-profiles/","lastUpdated":"2026-02-20","communityNeedIndex":0.4758,"socialVulnerabilityIndex":0.4758,"population":17495,"children":3065,"childrenShare":17.52,"olderAdults":2430,"olderAdultsShare":13.89,"lowIncomeRate":13.8,"unemploymentRate":17.2,"tenantShelterCostBurdenRate":31.4,"visibleMinorityPopulation":12170,"visibleMinorityShare":69.56,"immigrantPopulation":9440,"immigrantShare":53.96,"tsnsDesignation":"Not an NIA or Emerging Neighbourhood","isMock":false,"scoreName":"Community Need Index","scoreMethod":"Demo composite created by this project, not an official City of Toronto index. It averages normalized children share, older-adult share, low-income rate, unemployment rate, and tenant shelter cost burden rate."},"id":123},
{"type":"Feature","geometry":{"type":"Polygon","coordinates":[[[-79.4824401194138,43.7075464145766],[-79.4789347458514,43.7083514541434],[-79.4763676347556,43.7093420099757],[-79.4697804953896,43.7108129763697],[-79.4725699520947,43.7248785020347],[-79.4813170995445,43.7227394912646],[-79.4924934172866,43.7201053939867],[-79.4913845431881,43.717041189895],[-79.4908595928889,43.7152164767194],[-79.4898470882575,43.7115662979823],[-79.4898214880685,43.7114206193141],[-79.4895264274303,43.7099060844539],[-79.4883403853539,43.7079585083445],[-79.4876709015154,43.7063829719287],[-79.4824401194138,43.7075464145766]]]},"properties":{"id":"29","type":"social_vulnerability","riskLevel":"medium","label":"Maple Leaf","sourceName":"City of Toronto Neighbourhood Profiles 2021","sourceUrl":"https://open.toronto.ca/dataset/neighbourhood-profiles/","lastUpdated":"2026-02-20","communityNeedIndex":0.4273,"socialVulnerabilityIndex":0.4273,"population":9845,"children":1455,"childrenShare":14.78,"olderAdults":1835,"olderAdultsShare":18.64,"lowIncomeRate":9,"unemploymentRate":14.8,"tenantShelterCostBurdenRate":34.3,"visibleMinorityPopulation":4665,"visibleMinorityShare":47.38,"immigrantPopulation":4985,"immigrantShare":50.63,"tsnsDesignation":"Not an NIA or Emerging Neighbourhood","isMock":false,"scoreName":"Community Need Index","scoreMethod":"Demo composite created by this project, not an official City of Toronto index. It averages normalized children share, older-adult share, low-income rate, unemployment rate, and tenant shelter cost burden rate."},"id":124},
{"type":"Feature","geometry":{"type":"Polygon","coordinates":[[[-79.5038417165916,43.7028866578593],[-79.4876709015154,43.7063829719287],[-79.4883403853539,43.7079585083445],[-79.4895264274303,43.7099060844539],[-79.4898214880685,43.7114206193141],[-79.4898470882575,43.7115662979823],[-79.4908595928889,43.7152164767194],[-79.4913845431881,43.717041189895],[-79.4924934172866,43.7201053939867],[-79.501975825915,43.7184374305616],[-79.5078334425404,43.7177637582895],[-79.5057915566282,43.7102097687629],[-79.5038417165916,43.7028866578593]]]},"properties":{"id":"28","type":"social_vulnerability","riskLevel":"high","label":"Rustic","sourceName":"City of Toronto Neighbourhood Profiles 2021","sourceUrl":"https://open.toronto.ca/dataset/neighbourhood-profiles/","lastUpdated":"2026-02-20","communityNeedIndex":0.5381,"socialVulnerabilityIndex":0.5381,"population":9390,"children":1625,"childrenShare":17.31,"olderAdults":1715,"olderAdultsShare":18.26,"lowIncomeRate":19.1,"unemploymentRate":18.6,"tenantShelterCostBurdenRate":25.1,"visibleMinorityPopulation":6000,"visibleMinorityShare":63.9,"immigrantPopulation":4830,"immigrantShare":51.44,"tsnsDesignation":"Neighbourhood Improvement Area","isMock":false,"scoreName":"Community Need Index","scoreMethod":"Demo composite created by this project, not an official City of Toronto index. It averages normalized children share, older-adult share, low-income rate, unemployment rate, and tenant shelter cost burden rate."},"id":125},
{"type":"Feature","geometry":{"type":"Polygon","coordinates":[[[-79.4627748030851,43.7503859054378],[-79.4700450366644,43.7817935461909],[-79.4700929465135,43.7872918035785],[-79.504342437531,43.7792450466669],[-79.5170140504709,43.7763710432427],[-79.5217387441993,43.7754793522409],[-79.5203830714512,43.7744339003179],[-79.5190106496146,43.7739701804702],[-79.5186231208927,43.774097926241],[-79.518591615179,43.7738451607109],[-79.5189342434082,43.7735805425404],[-79.5188302876685,43.7732376956725],[-79.5181494563113,43.7728324020317],[-79.5180834966133,43.7724210587665],[-79.5170307438638,43.7718510953137],[-79.5167069595944,43.7705992329154],[-79.5160192893629,43.7699912217894],[-79.5153669552615,43.7700090440004],[-79.5149586727615,43.7694739867911],[-79.5138858166143,43.7701421979463],[-79.5122564999627,43.7698074783383],[-79.5122101828266,43.7692018755799],[-79.5119040073334,43.7692194508705],[-79.5116473299106,43.7688581615897],[-79.5112374367313,43.7687916030101],[-79.5113390766141,43.7683217214105],[-79.510964696533,43.7681752823017],[-79.5109384360822,43.767888787029],[-79.5105179257146,43.7675086975714],[-79.5101368585745,43.7675138802011],[-79.5100562329811,43.7673500656811],[-79.5103557753143,43.7671622654268],[-79.5098594462383,43.7670839182705],[-79.5099161559839,43.7667612933162],[-79.5093370004421,43.7667792455866],[-79.5090236141721,43.7658600782679],[-79.5076140640665,43.7650743961586],[-79.5072147090238,43.7646037503219],[-79.5073832194964,43.7633398748477],[-79.5080347523006,43.7633435033954],[-79.5084056954275,43.763157673846],[-79.5084694892874,43.7628509894369],[-79.5081339029518,43.7627228290822],[-79.5086912644664,43.7625630069747],[-79.5087011612059,43.7622897302613],[-79.508330400437,43.762221456789],[-79.5081784728646,43.7616852496926],[-79.5074464339429,43.7613213191052],[-79.507399165491,43.7608184882577],[-79.5070048814381,43.7608543470517],[-79.5067064359478,43.7606706501448],[-79.5062180291144,43.7608513496285],[-79.5059205564996,43.760560626758],[-79.5055399412121,43.7606717569889],[-79.504977871627,43.76056465124],[-79.5048858347346,43.7599725745658],[-79.5052911995065,43.7598820853701],[-79.5050022150729,43.7584965002772],[-79.5056755338194,43.7575076428106],[-79.50639376833,43.7571770452604],[-79.5067541993715,43.7567987492554],[-79.5060770690733,43.7564343470843],[-79.5066698843972,43.7562900064296],[-79.506917817619,43.7558585558305],[-79.5073221169891,43.755637073421],[-79.5080845917309,43.7541099601101],[-79.5096600220419,43.7538147610277],[-79.5093537989379,43.753109622898],[-79.5097551159012,43.7529610694913],[-79.5100287112957,43.7524937843161],[-79.5096588317741,43.7512861343084],[-79.5092545952861,43.7510309746263],[-79.5079064081993,43.7508175940574],[-79.5074309604622,43.7508977190907],[-79.5072669164132,43.7507948455053],[-79.5075495578426,43.7505971520024],[-79.5074924276855,43.7501155911845],[-79.5068462120094,43.7499629532384],[-79.5065791994693,43.7496726894577],[-79.5056044860635,43.7496533070382],[-79.5038586866656,43.7486364677892],[-79.5034528646512,43.7481404881797],[-79.5022157587408,43.7476826177648],[-79.5019324804059,43.7471324962102],[-79.4979885780679,43.7460155163435],[-79.4978875068187,43.7436056019631],[-79.4972260188845,43.7433377933139],[-79.4973228680519,43.7429107675887],[-79.4970269234714,43.7425274081803],[-79.4846019564675,43.745166529512],[-79.4836316735527,43.7456791847159],[-79.4829759096835,43.746387762865],[-79.4827436026561,43.7471976486212],[-79.4827893161243,43.7482957933295],[-79.4828720042496,43.7508045589181],[-79.4828006735244,43.7527336501284],[-79.4822559099833,43.7534514301432],[-79.4815793833529,43.7539091694791],[-79.475189202308,43.7554810826683],[-79.47429937251,43.7555431556311],[-79.4729694490713,43.7553852200235],[-79.4699033238351,43.7541873314939],[-79.4688634960459,43.7534874159893],[-79.4655031069772,43.7504035212973],[-79.4643003221006,43.7501229627941],[-79.4627748030851,43.7503859054378]]]},"properties":{"id":"27","type":"social_vulnerability","riskLevel":"medium","label":"York University Heights","sourceName":"City of Toronto Neighbourhood Profiles 2021","sourceUrl":"https://open.toronto.ca/dataset/neighbourhood-profiles/","lastUpdated":"2026-02-20","communityNeedIndex":0.4433,"socialVulnerabilityIndex":0.4433,"population":28255,"children":3860,"childrenShare":13.66,"olderAdults":3720,"olderAdultsShare":13.17,"lowIncomeRate":13.8,"unemploymentRate":16.4,"tenantShelterCostBurdenRate":35.7,"visibleMinorityPopulation":21400,"visibleMinorityShare":75.74,"immigrantPopulation":15655,"immigrantShare":55.41,"tsnsDesignation":"Neighbourhood Improvement Area","isMock":false,"scoreName":"Community Need Index","scoreMethod":"Demo composite created by this project, not an official City of Toronto index. It averages normalized children share, older-adult share, low-income rate, unemployment rate, and tenant shelter cost burden rate."},"id":126},
{"type":"Feature","geometry":{"type":"Polygon","coordinates":[[[-79.4970269234714,43.7425274081803],[-79.4973228680519,43.7429107675887],[-79.4972260188845,43.7433377933139],[-79.4978875068187,43.7436056019631],[-79.4979885780679,43.7460155163435],[-79.5019324804059,43.7471324962102],[-79.5022157587408,43.7476826177648],[-79.5034528646512,43.7481404881797],[-79.5038586866656,43.7486364677892],[-79.5056044860635,43.7496533070382],[-79.5065791994693,43.7496726894577],[-79.5068462120094,43.7499629532384],[-79.5074924276855,43.7501155911845],[-79.5075495578426,43.7505971520024],[-79.5072669164132,43.7507948455053],[-79.5074309604622,43.7508977190907],[-79.5079064081993,43.7508175940574],[-79.5092545952861,43.7510309746263],[-79.5096588317741,43.7512861343084],[-79.5100287112957,43.7524937843161],[-79.5097551159012,43.7529610694913],[-79.5093537989379,43.753109622898],[-79.5096600220419,43.7538147610277],[-79.5080845917309,43.7541099601101],[-79.5073221169891,43.755637073421],[-79.506917817619,43.7558585558305],[-79.5066698843972,43.7562900064296],[-79.5060770690733,43.7564343470843],[-79.5067541993715,43.7567987492554],[-79.50639376833,43.7571770452604],[-79.5056755338194,43.7575076428106],[-79.5050022150729,43.7584965002772],[-79.5052911995065,43.7598820853701],[-79.5160135527215,43.7574777947142],[-79.5189704113781,43.7571386460271],[-79.5305672394879,43.7545185840416],[-79.52628340207,43.7364101726844],[-79.5132243053239,43.7393979206974],[-79.5115439302281,43.7329010706907],[-79.5063130385321,43.734529396603],[-79.5045487275512,43.7344031844936],[-79.5030627712391,43.7345623042144],[-79.502569268263,43.7342500358985],[-79.5021248420476,43.734319102655],[-79.5019801171671,43.7345730120522],[-79.5016833946456,43.7343499839535],[-79.5013600182113,43.7345711491988],[-79.5007110896231,43.7342069290941],[-79.4987306089505,43.7349066708756],[-79.498168378567,43.734557388747],[-79.4977845877349,43.7349857059932],[-79.4974599967783,43.7347348347237],[-79.4967779733567,43.7347757368873],[-79.4962064283421,43.7348888829943],[-79.4957025408413,43.7352918854418],[-79.4950180811887,43.7352749810595],[-79.4952131835903,43.7355422532976],[-79.4950492329661,43.7361175156522],[-79.4943955460018,43.7366731126059],[-79.494554273821,43.7372412057367],[-79.4942336893506,43.7378343166665],[-79.4946649768067,43.7384783028804],[-79.4946560331797,43.7390893329286],[-79.4961494625766,43.7400840814768],[-79.4964176447233,43.7408323167721],[-79.4970109846634,43.7414701779008],[-79.4968638648743,43.7421588849541],[-79.4970269234714,43.7425274081803]]]},"properties":{"id":"25","type":"social_vulnerability","riskLevel":"high","label":"Glenfield-Jane Heights","sourceName":"City of Toronto Neighbourhood Profiles 2021","sourceUrl":"https://open.toronto.ca/dataset/neighbourhood-profiles/","lastUpdated":"2026-02-20","communityNeedIndex":0.5202,"socialVulnerabilityIndex":0.5202,"population":30020,"children":4950,"childrenShare":16.49,"olderAdults":5150,"olderAdultsShare":17.16,"lowIncomeRate":14.9,"unemploymentRate":19.1,"tenantShelterCostBurdenRate":29.9,"visibleMinorityPopulation":23585,"visibleMinorityShare":78.56,"immigrantPopulation":17560,"immigrantShare":58.49,"tsnsDesignation":"Neighbourhood Improvement Area","isMock":false,"scoreName":"Community Need Index","scoreMethod":"Demo composite created by this project, not an official City of Toronto index. It averages normalized children share, older-adult share, low-income rate, unemployment rate, and tenant shelter cost burden rate."},"id":127},
{"type":"Feature","geometry":{"type":"Polygon","coordinates":[[[-79.3488188784792,43.6894412484367],[-79.3510370354097,43.6951278302828],[-79.3509414214258,43.6955399197882],[-79.3492803529221,43.6970601934097],[-79.3505667152562,43.6994163124173],[-79.3514774650205,43.6987416287803],[-79.3527533808461,43.6986079185056],[-79.3550238206244,43.6980551353201],[-79.3560055220247,43.6970708339097],[-79.3562058319601,43.6961625948698],[-79.3569313922319,43.6954334736658],[-79.3576652385639,43.6952793966786],[-79.3588382317124,43.6955542653094],[-79.3596326289862,43.6954365081386],[-79.3606544563337,43.6949560359086],[-79.3616719538015,43.6941877868795],[-79.3618543189907,43.6938516208025],[-79.3615536501701,43.6931488130585],[-79.3600665907269,43.6920034151438],[-79.3599411634553,43.6916408062747],[-79.3613972031735,43.6892393516931],[-79.3625667207402,43.6880151822771],[-79.3617373358828,43.6859612102817],[-79.3617119737474,43.685112067921],[-79.3620967706926,43.6843821218182],[-79.363393630739,43.6832206651329],[-79.3646563170754,43.6827496155005],[-79.3658335403907,43.6819994216794],[-79.3663716492121,43.6814059827463],[-79.3661116309548,43.6806991026104],[-79.3641878654177,43.6792115445608],[-79.3616963673159,43.6797086075666],[-79.3623459013687,43.6812714795692],[-79.3623869525805,43.6817014764063],[-79.3619701998657,43.6818854467838],[-79.3612941744953,43.6816739974783],[-79.3575792787744,43.6817115375445],[-79.3572192735344,43.6824519052257],[-79.3487553451308,43.6840886740375],[-79.3480410928517,43.682397020155],[-79.3462767953455,43.6827324708682],[-79.3488188784792,43.6894412484367]]]},"properties":{"id":"57","type":"social_vulnerability","riskLevel":"medium","label":"Broadview North","sourceName":"City of Toronto Neighbourhood Profiles 2021","sourceUrl":"https://open.toronto.ca/dataset/neighbourhood-profiles/","lastUpdated":"2026-02-20","communityNeedIndex":0.4833,"socialVulnerabilityIndex":0.4833,"population":10955,"children":1465,"childrenShare":13.37,"olderAdults":1880,"olderAdultsShare":17.16,"lowIncomeRate":14.6,"unemploymentRate":14.7,"tenantShelterCostBurdenRate":41.4,"visibleMinorityPopulation":3605,"visibleMinorityShare":32.91,"immigrantPopulation":4620,"immigrantShare":42.17,"tsnsDesignation":"Not an NIA or Emerging Neighbourhood","isMock":false,"scoreName":"Community Need Index","scoreMethod":"Demo composite created by this project, not an official City of Toronto index. It averages normalized children share, older-adult share, low-income rate, unemployment rate, and tenant shelter cost burden rate."},"id":128},
{"type":"Feature","geometry":{"type":"Polygon","coordinates":[[[-79.3572171382389,43.7018370476855],[-79.3584103632443,43.7019241618533],[-79.3592436746378,43.7022176243356],[-79.3598404865665,43.7025108996457],[-79.3606534017115,43.7032758410641],[-79.3648053871069,43.7135744714899],[-79.3526308704042,43.7162417995333],[-79.3531317808881,43.7209414049704],[-79.3532369259972,43.7217201297328],[-79.3780957030207,43.7167260422589],[-79.3774928301588,43.7130996546612],[-79.3769572204504,43.7103113874271],[-79.3731439636975,43.700369486886],[-79.3728498301206,43.6995725284776],[-79.3717417824722,43.6967585961824],[-79.3720431537753,43.6967049082187],[-79.3725715410288,43.696623792942],[-79.3800847670958,43.6950377665752],[-79.3799659020174,43.6947420762066],[-79.3772976226543,43.6935569138076],[-79.3737805835697,43.6925441383764],[-79.3705976063796,43.690717645307],[-79.3689077917869,43.6900684454226],[-79.3678748217366,43.6894089467702],[-79.3673001874157,43.6883588914966],[-79.3675501283721,43.6865693708165],[-79.3664775237532,43.6840724477079],[-79.3679519582735,43.6811907708917],[-79.3675232328125,43.6795927299733],[-79.3667697870377,43.6785178083381],[-79.3641878654177,43.6792115445608],[-79.3661116309548,43.6806991026104],[-79.3663716492121,43.6814059827463],[-79.3658335403907,43.6819994216794],[-79.3646563170754,43.6827496155005],[-79.363393630739,43.6832206651329],[-79.3620967706926,43.6843821218182],[-79.3617119737474,43.685112067921],[-79.3617373358828,43.6859612102817],[-79.3625667207402,43.6880151822771],[-79.3613972031735,43.6892393516931],[-79.3599411634553,43.6916408062747],[-79.3600665907269,43.6920034151438],[-79.3615536501701,43.6931488130585],[-79.3618543189907,43.6938516208025],[-79.3616719538015,43.6941877868795],[-79.3606544563337,43.6949560359086],[-79.3596326289862,43.6954365081386],[-79.3588382317124,43.6955542653094],[-79.3576652385639,43.6952793966786],[-79.3569313922319,43.6954334736658],[-79.3562058319601,43.6961625948698],[-79.3560055220247,43.6970708339097],[-79.3550238206244,43.6980551353201],[-79.3527533808461,43.6986079185056],[-79.3514774650205,43.6987416287803],[-79.3505667152562,43.6994163124173],[-79.3517449383963,43.7012891046618],[-79.351826792885,43.7013626795013],[-79.3528456081813,43.7019265037036],[-79.3544080722095,43.702057339993],[-79.3550579045029,43.7020244645309],[-79.3568596069592,43.7018501032263],[-79.3570380051881,43.7018413254974],[-79.3572171382389,43.7018370476855]]]},"properties":{"id":"56","type":"social_vulnerability","riskLevel":"medium","label":"Leaside-Bennington","sourceName":"City of Toronto Neighbourhood Profiles 2021","sourceUrl":"https://open.toronto.ca/dataset/neighbourhood-profiles/","lastUpdated":"2026-02-20","communityNeedIndex":0.4087,"socialVulnerabilityIndex":0.4087,"population":16535,"children":2905,"childrenShare":17.57,"olderAdults":2760,"olderAdultsShare":16.69,"lowIncomeRate":5.8,"unemploymentRate":11.2,"tenantShelterCostBurdenRate":43.4,"visibleMinorityPopulation":3560,"visibleMinorityShare":21.53,"immigrantPopulation":3580,"immigrantShare":21.65,"tsnsDesignation":"Not an NIA or Emerging Neighbourhood","isMock":false,"scoreName":"Community Need Index","scoreMethod":"Demo composite created by this project, not an official City of Toronto index. It averages normalized children share, older-adult share, low-income rate, unemployment rate, and tenant shelter cost burden rate."},"id":129},
{"type":"Feature","geometry":{"type":"Polygon","coordinates":[[[-79.3379090262032,43.7077074855645],[-79.3380123513255,43.7091904745824],[-79.3385963990923,43.7098069157352],[-79.3393910335213,43.7101459871273],[-79.3394461810965,43.7107213985945],[-79.3402873195111,43.7113772305042],[-79.3402930031519,43.7117043441234],[-79.3394972018114,43.7124947195104],[-79.3395312398759,43.7128020794544],[-79.3398581493842,43.7130179473171],[-79.341107377161,43.7127014415827],[-79.3428619369295,43.7133629663823],[-79.3434458517457,43.7140889451005],[-79.3444669298982,43.7145550119871],[-79.344948035225,43.7152276003133],[-79.346063654773,43.7151572233541],[-79.3466080526998,43.7160668309536],[-79.3489227443873,43.7163190497497],[-79.3503521975663,43.7157884612937],[-79.3520889114034,43.7156703659822],[-79.3526308704042,43.7162417995333],[-79.3648053871069,43.7135744714899],[-79.3606534017115,43.7032758410641],[-79.3598404865665,43.7025108996457],[-79.3592436746378,43.7022176243356],[-79.3584103632443,43.7019241618533],[-79.3572171382389,43.7018370476855],[-79.3570380051881,43.7018413254974],[-79.3568596069592,43.7018501032263],[-79.3550579045029,43.7020244645309],[-79.3544080722095,43.702057339993],[-79.3528456081813,43.7019265037036],[-79.351826792885,43.7013626795013],[-79.3517449383963,43.7012891046618],[-79.3505667152562,43.6994163124173],[-79.3501271929438,43.6998714260598],[-79.3487142777492,43.7000041164745],[-79.3458191926414,43.6984848462334],[-79.3443332030917,43.6982951549172],[-79.342874984959,43.6990335877466],[-79.3413778814526,43.699472547726],[-79.3404881073502,43.6999984506515],[-79.3390905344823,43.7012697325585],[-79.3372551883219,43.7021683067214],[-79.3365918570448,43.702722936611],[-79.335421051294,43.7032082626979],[-79.3350537140046,43.7035440204416],[-79.3352962770976,43.704170760168],[-79.3364421141751,43.7048351695971],[-79.3381723502607,43.7053436295045],[-79.3381825362577,43.7056525768676],[-79.3372844078232,43.7064437379394],[-79.3372028991859,43.7067507457812],[-79.3380316615108,43.7074708810293],[-79.3379090262032,43.7077074855645]]]},"properties":{"id":"55","type":"social_vulnerability","riskLevel":"high","label":"Thorncliffe Park","sourceName":"City of Toronto Neighbourhood Profiles 2021","sourceUrl":"https://open.toronto.ca/dataset/neighbourhood-profiles/","lastUpdated":"2026-02-20","communityNeedIndex":0.6416,"socialVulnerabilityIndex":0.6416,"population":20400,"children":4975,"childrenShare":24.39,"olderAdults":2300,"olderAdultsShare":11.27,"lowIncomeRate":24.2,"unemploymentRate":17.9,"tenantShelterCostBurdenRate":36,"visibleMinorityPopulation":16735,"visibleMinorityShare":82.03,"immigrantPopulation":12905,"immigrantShare":63.26,"tsnsDesignation":"Neighbourhood Improvement Area","isMock":false,"scoreName":"Community Need Index","scoreMethod":"Demo composite created by this project, not an official City of Toronto index. It averages normalized children share, older-adult share, low-income rate, unemployment rate, and tenant shelter cost burden rate."},"id":130},
{"type":"Feature","geometry":{"type":"Polygon","coordinates":[[[-79.2991644849798,43.7163815509382],[-79.3053418075233,43.7151093876739],[-79.3048152851723,43.71685926153],[-79.311197895216,43.7154610511678],[-79.3119922026582,43.7172806322457],[-79.31950527691,43.7156407690736],[-79.3195365939774,43.7134218994656],[-79.3193438406703,43.7133045702192],[-79.3192967976955,43.7126969015732],[-79.3199008805881,43.7116672104771],[-79.3379090262032,43.7077074855645],[-79.3380316615108,43.7074708810293],[-79.3372028991859,43.7067507457812],[-79.3372844078232,43.7064437379394],[-79.3381825362577,43.7056525768676],[-79.3381723502607,43.7053436295045],[-79.3364421141751,43.7048351695971],[-79.3352962770976,43.704170760168],[-79.3350537140046,43.7035440204416],[-79.335421051294,43.7032082626979],[-79.3337877371393,43.7030237044022],[-79.33343881172,43.7030750533452],[-79.3330946545583,43.703379495713],[-79.332488483981,43.7032828171005],[-79.3321227052686,43.7030451423916],[-79.3316169313058,43.7017724459984],[-79.3302896345409,43.7015771175936],[-79.3296559665327,43.70167770985],[-79.3273656344607,43.7014456678374],[-79.326668686429,43.7016370247278],[-79.3255510411801,43.7014236233513],[-79.3241190484638,43.7015022421967],[-79.3230842171043,43.7016477891071],[-79.3222188205837,43.7024543567612],[-79.3219529291411,43.7024931969605],[-79.3206837596633,43.7013996909431],[-79.3193749601084,43.7011445953353],[-79.3129635743311,43.6998689646298],[-79.3121515161789,43.6998371550209],[-79.3063150027762,43.6980566732733],[-79.2973386304188,43.6949240190985],[-79.2974478062685,43.6959061279751],[-79.2970749650014,43.6982551533414],[-79.2970705039677,43.699007940451],[-79.2969336447359,43.7022654404319],[-79.2934792820069,43.7030250714307],[-79.2991644849798,43.7163815509382]]]},"properties":{"id":"54","type":"social_vulnerability","riskLevel":"high","label":"O`Connor Parkview","sourceName":"City of Toronto Neighbourhood Profiles 2021","sourceUrl":"https://open.toronto.ca/dataset/neighbourhood-profiles/","lastUpdated":"2026-02-20","communityNeedIndex":0.5245,"socialVulnerabilityIndex":0.5245,"population":18405,"children":2905,"childrenShare":15.78,"olderAdults":3090,"olderAdultsShare":16.79,"lowIncomeRate":13.6,"unemploymentRate":17,"tenantShelterCostBurdenRate":40.4,"visibleMinorityPopulation":8035,"visibleMinorityShare":43.66,"immigrantPopulation":7155,"immigrantShare":38.88,"tsnsDesignation":"Not an NIA or Emerging Neighbourhood","isMock":false,"scoreName":"Community Need Index","scoreMethod":"Demo composite created by this project, not an official City of Toronto index. It averages normalized children share, older-adult share, low-income rate, unemployment rate, and tenant shelter cost burden rate."},"id":131},
{"type":"Feature","geometry":{"type":"Polygon","coordinates":[[[-79.3230203352094,43.7752532275258],[-79.3253152217399,43.7747707669844],[-79.3267023516926,43.774675170704],[-79.3350920532026,43.7755257633028],[-79.3358672265293,43.7756054686652],[-79.3396316535583,43.7760442808403],[-79.3414279104274,43.7762304926116],[-79.342617007674,43.7760832017598],[-79.360689061235,43.7721109235675],[-79.3641393114766,43.7716523634374],[-79.3621240112053,43.7705811591896],[-79.3610831611333,43.769756364331],[-79.360793861391,43.7681752621916],[-79.359868897584,43.7673005227271],[-79.359667209633,43.7664940754735],[-79.3288751922103,43.7682319058814],[-79.3197973695145,43.7683719102839],[-79.3195994616743,43.7683738123056],[-79.3198892060827,43.7685717195385],[-79.3208822325438,43.7705537988459],[-79.3230203352094,43.7752532275258]]]},"properties":{"id":"53","type":"social_vulnerability","riskLevel":"medium","label":"Henry Farm","sourceName":"City of Toronto Neighbourhood Profiles 2021","sourceUrl":"https://open.toronto.ca/dataset/neighbourhood-profiles/","lastUpdated":"2026-02-20","communityNeedIndex":0.4629,"socialVulnerabilityIndex":0.4629,"population":19840,"children":2870,"childrenShare":14.47,"olderAdults":1860,"olderAdultsShare":9.38,"lowIncomeRate":17.2,"unemploymentRate":13.7,"tenantShelterCostBurdenRate":45.8,"visibleMinorityPopulation":16455,"visibleMinorityShare":82.94,"immigrantPopulation":11260,"immigrantShare":56.75,"tsnsDesignation":"Not an NIA or Emerging Neighbourhood","isMock":false,"scoreName":"Community Need Index","scoreMethod":"Demo composite created by this project, not an official City of Toronto index. It averages normalized children share, older-adult share, low-income rate, unemployment rate, and tenant shelter cost burden rate."},"id":132},
{"type":"Feature","geometry":{"type":"Polygon","coordinates":[[[-79.3871553420184,43.7633203327168],[-79.3793483210394,43.7649601062675],[-79.3751355682083,43.76563410856],[-79.3715843527186,43.7659459621157],[-79.359667209633,43.7664940754735],[-79.359868897584,43.7673005227271],[-79.360793861391,43.7681752621916],[-79.3610831611333,43.769756364331],[-79.3621240112053,43.7705811591896],[-79.3641393114766,43.7716523634374],[-79.3647281535521,43.7754665404153],[-79.3647832750762,43.7757358307654],[-79.3680703032273,43.7900207024419],[-79.3695214839581,43.7899933937922],[-79.3921506738874,43.7850142046952],[-79.38978720368,43.774342121433],[-79.3895865119606,43.7734845661909],[-79.389389338044,43.7725542131805],[-79.3891901141719,43.771661536361],[-79.3880594559277,43.7665978770019],[-79.3871553420184,43.7633203327168]]]},"properties":{"id":"52","type":"social_vulnerability","riskLevel":"high","label":"Bayview Village","sourceName":"City of Toronto Neighbourhood Profiles 2021","sourceUrl":"https://open.toronto.ca/dataset/neighbourhood-profiles/","lastUpdated":"2026-02-20","communityNeedIndex":0.5251,"socialVulnerabilityIndex":0.5251,"population":22330,"children":2390,"childrenShare":10.7,"olderAdults":3980,"olderAdultsShare":17.82,"lowIncomeRate":16.4,"unemploymentRate":13.7,"tenantShelterCostBurdenRate":53.3,"visibleMinorityPopulation":16145,"visibleMinorityShare":72.3,"immigrantPopulation":13065,"immigrantShare":58.51,"tsnsDesignation":"Not an NIA or Emerging Neighbourhood","isMock":false,"scoreName":"Community Need Index","scoreMethod":"Demo composite created by this project, not an official City of Toronto index. It averages normalized children share, older-adult share, low-income rate, unemployment rate, and tenant shelter cost burden rate."},"id":133},
{"type":"Feature","geometry":{"type":"Polygon","coordinates":[[[-79.4155809526411,43.7797776873802],[-79.41231922554,43.7804843434495],[-79.3992997983968,43.7833493126862],[-79.3976919820232,43.7837007830049],[-79.3963417934899,43.7839902046322],[-79.3921506738874,43.7850142046952],[-79.3940114845911,43.7941596836342],[-79.3962333084446,43.803278730418],[-79.4200872551441,43.798008269809],[-79.4155809526411,43.7797776873802]]]},"properties":{"id":"50","type":"social_vulnerability","riskLevel":"high","label":"Newtonbrook East","sourceName":"City of Toronto Neighbourhood Profiles 2021","sourceUrl":"https://open.toronto.ca/dataset/neighbourhood-profiles/","lastUpdated":"2026-02-20","communityNeedIndex":0.5307,"socialVulnerabilityIndex":0.5307,"population":15345,"children":1570,"childrenShare":10.23,"olderAdults":3120,"olderAdultsShare":20.33,"lowIncomeRate":17.7,"unemploymentRate":13.1,"tenantShelterCostBurdenRate":51.2,"visibleMinorityPopulation":11670,"visibleMinorityShare":76.05,"immigrantPopulation":9700,"immigrantShare":63.21,"tsnsDesignation":"Not an NIA or Emerging Neighbourhood","isMock":false,"scoreName":"Community Need Index","scoreMethod":"Demo composite created by this project, not an official City of Toronto index. It averages normalized children share, older-adult share, low-income rate, unemployment rate, and tenant shelter cost burden rate."},"id":134},
{"type":"Feature","geometry":{"type":"Polygon","coordinates":[[[-79.3680703032273,43.7900207024419],[-79.3718495353905,43.8059269628279],[-79.3715308616367,43.8061370965605],[-79.3717757935871,43.8072360744285],[-79.3714992508202,43.8080238657085],[-79.3717594595203,43.8086602300202],[-79.3962333084446,43.803278730418],[-79.3940114845911,43.7941596836342],[-79.3921506738874,43.7850142046952],[-79.3695214839581,43.7899933937922],[-79.3680703032273,43.7900207024419]]]},"properties":{"id":"49","type":"social_vulnerability","riskLevel":"high","label":"Bayview Woods-Steeles","sourceName":"City of Toronto Neighbourhood Profiles 2021","sourceUrl":"https://open.toronto.ca/dataset/neighbourhood-profiles/","lastUpdated":"2026-02-20","communityNeedIndex":0.5593,"socialVulnerabilityIndex":0.5593,"population":12085,"children":1315,"childrenShare":10.88,"olderAdults":3425,"olderAdultsShare":28.34,"lowIncomeRate":11.9,"unemploymentRate":13.4,"tenantShelterCostBurdenRate":51.6,"visibleMinorityPopulation":8265,"visibleMinorityShare":68.39,"immigrantPopulation":7075,"immigrantShare":58.54,"tsnsDesignation":"Not an NIA or Emerging Neighbourhood","isMock":false,"scoreName":"Community Need Index","scoreMethod":"Demo composite created by this project, not an official City of Toronto index. It averages normalized children share, older-adult share, low-income rate, unemployment rate, and tenant shelter cost burden rate."},"id":135},
{"type":"Feature","geometry":{"type":"Polygon","coordinates":[[[-79.3680703032273,43.7900207024419],[-79.3668141296767,43.7900620460487],[-79.3653403015193,43.7903514427134],[-79.363520295889,43.7907507171926],[-79.3580780476746,43.791970773134],[-79.354740196438,43.7926691003684],[-79.3434598403113,43.7951743181229],[-79.3444053908097,43.7994948542947],[-79.3355388150378,43.8023378665384],[-79.3413211258929,43.8156593667052],[-79.3717594595203,43.8086602300202],[-79.3714992508202,43.8080238657085],[-79.3717757935871,43.8072360744285],[-79.3715308616367,43.8061370965605],[-79.3718495353905,43.8059269628279],[-79.3680703032273,43.7900207024419]]]},"properties":{"id":"48","type":"social_vulnerability","riskLevel":"medium","label":"Hillcrest Village","sourceName":"City of Toronto Neighbourhood Profiles 2021","sourceUrl":"https://open.toronto.ca/dataset/neighbourhood-profiles/","lastUpdated":"2026-02-20","communityNeedIndex":0.4716,"socialVulnerabilityIndex":0.4716,"population":16345,"children":1940,"childrenShare":11.87,"olderAdults":4695,"olderAdultsShare":28.72,"lowIncomeRate":15.6,"unemploymentRate":13.6,"tenantShelterCostBurdenRate":26.4,"visibleMinorityPopulation":12920,"visibleMinorityShare":79.05,"immigrantPopulation":10785,"immigrantShare":65.98,"tsnsDesignation":"Not an NIA or Emerging Neighbourhood","isMock":false,"scoreName":"Community Need Index","scoreMethod":"Demo composite created by this project, not an official City of Toronto index. It averages normalized children share, older-adult share, low-income rate, unemployment rate, and tenant shelter cost burden rate."},"id":136},
{"type":"Feature","geometry":{"type":"Polygon","coordinates":[[[-79.5486607331398,43.5902246741961],[-79.5267100030153,43.6012881467639],[-79.5258740559647,43.6020209851206],[-79.5252845338646,43.6029212607778],[-79.5250146700718,43.6038079165924],[-79.5250615010442,43.604843044463],[-79.5302462795217,43.6171628232736],[-79.5386858393266,43.6155014355389],[-79.5467620611418,43.6143868131987],[-79.5493288533357,43.6136071115934],[-79.5508680267435,43.6128450067449],[-79.5521433595625,43.611927771987],[-79.5597851354451,43.6050588031957],[-79.5589673613127,43.6045202137921],[-79.5580183918263,43.603499017913],[-79.5563143685807,43.6025772054703],[-79.5561314931484,43.6020475331927],[-79.5562551354675,43.6014214858004],[-79.5556947529186,43.5996835184232],[-79.5553864412316,43.5994316367099],[-79.5540816840955,43.5989957454745],[-79.5535918597205,43.5983028740869],[-79.5534877943864,43.5979113505005],[-79.5539575072788,43.5963404047198],[-79.5537151768495,43.5957734539416],[-79.5523873303156,43.5953285347095],[-79.5491180043655,43.5951689505126],[-79.5487357469576,43.5948621108361],[-79.548716780827,43.5938269329004],[-79.549495354277,43.5922648915527],[-79.549617457782,43.5911081878377],[-79.5493521439561,43.590346770635],[-79.5486607331398,43.5902246741961]]]},"properties":{"id":"20","type":"social_vulnerability","riskLevel":"medium","label":"Alderwood","sourceName":"City of Toronto Neighbourhood Profiles 2021","sourceUrl":"https://open.toronto.ca/dataset/neighbourhood-profiles/","lastUpdated":"2026-02-20","communityNeedIndex":0.403,"socialVulnerabilityIndex":0.403,"population":12595,"children":2035,"childrenShare":16.16,"olderAdults":2280,"olderAdultsShare":18.1,"lowIncomeRate":6.2,"unemploymentRate":11.9,"tenantShelterCostBurdenRate":40.3,"visibleMinorityPopulation":3240,"visibleMinorityShare":25.72,"immigrantPopulation":4265,"immigrantShare":33.86,"tsnsDesignation":"Not an NIA or Emerging Neighbourhood","isMock":false,"scoreName":"Community Need Index","scoreMethod":"Demo composite created by this project, not an official City of Toronto index. It averages normalized children share, older-adult share, low-income rate, unemployment rate, and tenant shelter cost burden rate."},"id":137},
{"type":"Feature","geometry":{"type":"Polygon","coordinates":[[[-79.5192541182095,43.5911947197179],[-79.5217282680465,43.5971361701317],[-79.5224970543514,43.5969640490902],[-79.5241973415038,43.601155899008],[-79.526237666144,43.6006808305616],[-79.5267100030153,43.6012881467639],[-79.5486607331398,43.5902246741961],[-79.5464107129662,43.5889389684853],[-79.5481612258244,43.5870052977978],[-79.5446548057247,43.5852856318947],[-79.5438858487398,43.5814007791167],[-79.5434096841471,43.581004562405],[-79.5422201089967,43.5836715228253],[-79.5411072571581,43.5846465535643],[-79.5398952870077,43.5861612269833],[-79.5371125236498,43.5880372766356],[-79.5360118682378,43.5881832815519],[-79.5342605989982,43.5879767856762],[-79.5339587533846,43.5875530063076],[-79.5340057271892,43.5877977426729],[-79.533489019831,43.5881165463256],[-79.5308395368168,43.588598879015],[-79.5305394887322,43.5883559202583],[-79.5308826487639,43.5881712885413],[-79.5307389335899,43.5879012838059],[-79.5297165286257,43.5879150655492],[-79.5285313516269,43.5891125705924],[-79.527548947744,43.5895808966254],[-79.5246425088293,43.5897705905932],[-79.5234908785166,43.5900363766366],[-79.519841017229,43.5902215888595],[-79.5190562606749,43.5905907734345],[-79.5191424710944,43.5909917462855],[-79.5192541182095,43.5911947197179]]]},"properties":{"id":"19","type":"social_vulnerability","riskLevel":"medium","label":"Long Branch","sourceName":"City of Toronto Neighbourhood Profiles 2021","sourceUrl":"https://open.toronto.ca/dataset/neighbourhood-profiles/","lastUpdated":"2026-02-20","communityNeedIndex":0.3883,"socialVulnerabilityIndex":0.3883,"population":11360,"children":1595,"childrenShare":14.04,"olderAdults":1650,"olderAdultsShare":14.52,"lowIncomeRate":11.2,"unemploymentRate":11.5,"tenantShelterCostBurdenRate":40.2,"visibleMinorityPopulation":3750,"visibleMinorityShare":33.01,"immigrantPopulation":3765,"immigrantShare":33.14,"tsnsDesignation":"Not an NIA or Emerging Neighbourhood","isMock":false,"scoreName":"Community Need Index","scoreMethod":"Demo composite created by this project, not an official City of Toronto index. It averages normalized children share, older-adult share, low-income rate, unemployment rate, and tenant shelter cost burden rate."},"id":138},
{"type":"Feature","geometry":{"type":"Polygon","coordinates":[[[-79.4968819659273,43.6012362716169],[-79.4972779451012,43.6024131838638],[-79.4979619286467,43.6023693337163],[-79.5025731355103,43.6134612093359],[-79.5267100030153,43.6012881467639],[-79.526237666144,43.6006808305616],[-79.5241973415038,43.601155899008],[-79.5224970543514,43.5969640490902],[-79.5217282680465,43.5971361701317],[-79.5192541182095,43.5911947197179],[-79.5191424710944,43.5909917462855],[-79.5190562606749,43.5905907734345],[-79.5185692794678,43.5907288994751],[-79.518207471309,43.5903973799188],[-79.5172380319123,43.5905685398841],[-79.5168195445506,43.590351667344],[-79.5162393137255,43.5895497215029],[-79.5164485340501,43.5888813692917],[-79.5161769580683,43.5891261035092],[-79.5153789522621,43.5889020048069],[-79.5149177437205,43.58897811053],[-79.5150649982568,43.5894120072195],[-79.5156563870561,43.5894181376352],[-79.5157248000532,43.5900987920762],[-79.5152085562257,43.590059147814],[-79.5129908825889,43.5906743196418],[-79.5116184436843,43.5902962530487],[-79.5110894213219,43.5889084430342],[-79.5113100745052,43.5886246411587],[-79.5122606888068,43.5882811554123],[-79.5122917363797,43.5879212735466],[-79.5131461680639,43.5877155855517],[-79.5135367169218,43.588005512513],[-79.5146316087429,43.5876332116457],[-79.5153136303679,43.5880362349225],[-79.5171629031101,43.588543880178],[-79.5172970431416,43.5884481474147],[-79.5140323938209,43.587071731042],[-79.5130443691792,43.587000916802],[-79.512713656204,43.5871827743851],[-79.5121146838271,43.5871025372144],[-79.5117248410449,43.5873164348785],[-79.5112503167759,43.5871988336486],[-79.5108015966133,43.587332530544],[-79.5103196989724,43.587105314942],[-79.5093560492177,43.5872764797143],[-79.5093818506293,43.5876347179429],[-79.5103675944484,43.5880195265195],[-79.5104064510761,43.5887120504415],[-79.5101232517928,43.5888377181429],[-79.5103918004521,43.5890729653704],[-79.5097427757441,43.5900354403622],[-79.5087910421417,43.5902142229595],[-79.5086894319032,43.5903989674767],[-79.5108752297206,43.5910514853382],[-79.5109402659505,43.5914209257242],[-79.5105902293152,43.5921126675026],[-79.5102627062575,43.5924021022371],[-79.5096357019521,43.5924370468551],[-79.5105889617923,43.5926519177485],[-79.5097077899571,43.592730262695],[-79.5106305807394,43.5930439179704],[-79.5106466821426,43.59367693396],[-79.5090198008237,43.5939311760687],[-79.5086327446155,43.5937511677181],[-79.5066441692239,43.5941742164155],[-79.5063588921375,43.5940481935693],[-79.5062740911746,43.5935621199848],[-79.5059195378101,43.5934450846233],[-79.5050669332992,43.5939671731201],[-79.504968247077,43.5942282290072],[-79.5037351207034,43.5942282400673],[-79.5025116880499,43.5944397988936],[-79.5009212801282,43.5950024137023],[-79.5003921751208,43.5954074903231],[-79.5003100664089,43.5962581545169],[-79.4995652830883,43.5975408960488],[-79.4987555102502,43.597936963584],[-79.4983246989011,43.5978334410169],[-79.498366097761,43.5980629789368],[-79.4978663505954,43.5985220352355],[-79.4981589058323,43.5997912435285],[-79.4968819659273,43.6012362716169]]]},"properties":{"id":"18","type":"social_vulnerability","riskLevel":"medium","label":"New Toronto","sourceName":"City of Toronto Neighbourhood Profiles 2021","sourceUrl":"https://open.toronto.ca/dataset/neighbourhood-profiles/","lastUpdated":"2026-02-20","communityNeedIndex":0.4546,"socialVulnerabilityIndex":0.4546,"population":11345,"children":1645,"childrenShare":14.5,"olderAdults":1810,"olderAdultsShare":15.95,"lowIncomeRate":15.8,"unemploymentRate":13.2,"tenantShelterCostBurdenRate":38,"visibleMinorityPopulation":4595,"visibleMinorityShare":40.5,"immigrantPopulation":4015,"immigrantShare":35.39,"tsnsDesignation":"Not an NIA or Emerging Neighbourhood","isMock":false,"scoreName":"Community Need Index","scoreMethod":"Demo composite created by this project, not an official City of Toronto index. It averages normalized children share, older-adult share, low-income rate, unemployment rate, and tenant shelter cost burden rate."},"id":139},
{"type":"Feature","geometry":{"type":"Polygon","coordinates":[[[-79.4742480769107,43.6334447622029],[-79.4755026281039,43.6341156146875],[-79.4775021836032,43.6377419271742],[-79.4788501119753,43.6381279931157],[-79.4838556594857,43.6380600208448],[-79.4848365775551,43.638484686835],[-79.4851025076253,43.6391222181601],[-79.4849928359055,43.6417453673046],[-79.4852193263415,43.6420415775971],[-79.4866660550217,43.6420337363327],[-79.4891079607299,43.6412163728402],[-79.4898012759746,43.6414642986606],[-79.491204280955,43.6442038929958],[-79.4926744601557,43.645838816837],[-79.4928209807685,43.6467385587353],[-79.4926244707068,43.6474449281897],[-79.4919737068605,43.6484747125824],[-79.4957479542722,43.6496856344613],[-79.4975669160601,43.6500277764097],[-79.4992172964085,43.6500736516328],[-79.5170284217188,43.646118977066],[-79.5170629538566,43.646111339145],[-79.5189804761026,43.645674811818],[-79.5234413750562,43.6446571529416],[-79.5207071512664,43.6381172986036],[-79.5205076004075,43.6376218896597],[-79.5187874703688,43.6334439670414],[-79.5179302053982,43.6313169764142],[-79.5147871268816,43.6236008418659],[-79.5131694919219,43.6204946720698],[-79.501025196342,43.6229470584385],[-79.4931908063912,43.6248146788895],[-79.4822333056758,43.6275052534569],[-79.4742480769107,43.6334447622029]]]},"properties":{"id":"16","type":"social_vulnerability","riskLevel":"medium","label":"Stonegate-Queensway","sourceName":"City of Toronto Neighbourhood Profiles 2021","sourceUrl":"https://open.toronto.ca/dataset/neighbourhood-profiles/","lastUpdated":"2026-02-20","communityNeedIndex":0.4259,"socialVulnerabilityIndex":0.4259,"population":25650,"children":4225,"childrenShare":16.47,"olderAdults":4635,"olderAdultsShare":18.07,"lowIncomeRate":8.5,"unemploymentRate":12,"tenantShelterCostBurdenRate":40.3,"visibleMinorityPopulation":6025,"visibleMinorityShare":23.49,"immigrantPopulation":8915,"immigrantShare":34.76,"tsnsDesignation":"Not an NIA or Emerging Neighbourhood","isMock":false,"scoreName":"Community Need Index","scoreMethod":"Demo composite created by this project, not an official City of Toronto index. It averages normalized children share, older-adult share, low-income rate, unemployment rate, and tenant shelter cost burden rate."},"id":140},
{"type":"Feature","geometry":{"type":"Polygon","coordinates":[[[-79.4919737068605,43.6484747125824],[-79.4908812171344,43.650054424187],[-79.4912409744394,43.6512651718719],[-79.4919645332648,43.6519223332563],[-79.493652685076,43.6523139894523],[-79.4966496544083,43.6519855398462],[-79.50034319448,43.6521791175356],[-79.5015250737633,43.652408615728],[-79.5024904446901,43.6528856166973],[-79.502873215036,43.6536417036371],[-79.5026939427464,43.6548073835533],[-79.5016144803886,43.6560901326133],[-79.5000289476239,43.6571748621961],[-79.4995322673067,43.657921990743],[-79.4995229508789,43.6586961256792],[-79.5001481837065,43.6593532245952],[-79.5014835320713,43.6600102864253],[-79.5055252654353,43.6628140003062],[-79.5082531866451,43.6614948416955],[-79.5217977518354,43.6563196080607],[-79.5254682375436,43.6523912063399],[-79.5262499901314,43.6515359087726],[-79.5264015053771,43.6513700870181],[-79.526797564501,43.6509414666103],[-79.525564323143,43.6505416753151],[-79.5237530554255,43.6490884088703],[-79.5222190850598,43.6481706408952],[-79.5204106623068,43.647639968757],[-79.5200486044164,43.6473921984272],[-79.5186205624907,43.6472533054629],[-79.5174121793132,43.6465514709724],[-79.5170284217188,43.646118977066],[-79.4992172964085,43.6500736516328],[-79.4975669160601,43.6500277764097],[-79.4957479542722,43.6496856344613],[-79.4919737068605,43.6484747125824]]]},"properties":{"id":"15","type":"social_vulnerability","riskLevel":"medium","label":"Kingsway South","sourceName":"City of Toronto Neighbourhood Profiles 2021","sourceUrl":"https://open.toronto.ca/dataset/neighbourhood-profiles/","lastUpdated":"2026-02-20","communityNeedIndex":0.421,"socialVulnerabilityIndex":0.421,"population":8855,"children":1435,"childrenShare":16.21,"olderAdults":2065,"olderAdultsShare":23.32,"lowIncomeRate":4.3,"unemploymentRate":8.3,"tenantShelterCostBurdenRate":48.8,"visibleMinorityPopulation":1195,"visibleMinorityShare":13.5,"immigrantPopulation":1985,"immigrantShare":22.42,"tsnsDesignation":"Not an NIA or Emerging Neighbourhood","isMock":false,"scoreName":"Community Need Index","scoreMethod":"Demo composite created by this project, not an official City of Toronto index. It averages normalized children share, older-adult share, low-income rate, unemployment rate, and tenant shelter cost burden rate."},"id":141},
{"type":"Feature","geometry":{"type":"Polygon","coordinates":[[[-79.5595890206421,43.6362468011073],[-79.5606406325312,43.6394494528433],[-79.5626780349517,43.644493589333],[-79.5673015388533,43.6542560191758],[-79.5795040874844,43.6514173911685],[-79.5781093631743,43.6480881807647],[-79.5773838316486,43.6472473349967],[-79.5769109539914,43.646266585712],[-79.5764417037314,43.6459648949846],[-79.5737656683141,43.6452849084017],[-79.5724890212599,43.6433491334542],[-79.5758969267156,43.6425680145545],[-79.5755964672025,43.6420787192514],[-79.5744040345112,43.6417380798724],[-79.5738586861668,43.6407739083935],[-79.571654136018,43.641294061007],[-79.5703379388367,43.6385488183804],[-79.569193919051,43.6374854452468],[-79.5687567637995,43.6365855797154],[-79.568246574617,43.6361890859695],[-79.5674933947435,43.6360621824267],[-79.5652630845055,43.6365832262124],[-79.5647099531575,43.6365719111926],[-79.5641297744346,43.636206547514],[-79.5636581589105,43.6353143775429],[-79.5595890206421,43.6362468011073]]]},"properties":{"id":"13","type":"social_vulnerability","riskLevel":"medium","label":"Etobicoke West Mall","sourceName":"City of Toronto Neighbourhood Profiles 2021","sourceUrl":"https://open.toronto.ca/dataset/neighbourhood-profiles/","lastUpdated":"2026-02-20","communityNeedIndex":0.4356,"socialVulnerabilityIndex":0.4356,"population":11865,"children":1780,"childrenShare":15,"olderAdults":1920,"olderAdultsShare":16.18,"lowIncomeRate":11,"unemploymentRate":14.2,"tenantShelterCostBurdenRate":37.7,"visibleMinorityPopulation":5485,"visibleMinorityShare":46.23,"immigrantPopulation":5965,"immigrantShare":50.27,"tsnsDesignation":"Not an NIA or Emerging Neighbourhood","isMock":false,"scoreName":"Community Need Index","scoreMethod":"Demo composite created by this project, not an official City of Toronto index. It averages normalized children share, older-adult share, low-income rate, unemployment rate, and tenant shelter cost burden rate."},"id":142},
{"type":"Feature","geometry":{"type":"Polygon","coordinates":[[[-79.5595890206421,43.6362468011073],[-79.5636581589105,43.6353143775429],[-79.5641297744346,43.636206547514],[-79.5647099531575,43.6365719111926],[-79.5652630845055,43.6365832262124],[-79.5674933947435,43.6360621824267],[-79.568246574617,43.6361890859695],[-79.5687567637995,43.6365855797154],[-79.569193919051,43.6374854452468],[-79.5703379388367,43.6385488183804],[-79.571654136018,43.641294061007],[-79.5738586861668,43.6407739083935],[-79.5744040345112,43.6417380798724],[-79.5755964672025,43.6420787192514],[-79.5758969267156,43.6425680145545],[-79.576144776394,43.6430586762179],[-79.5768289171447,43.6435707658168],[-79.5783306326018,43.6443767655263],[-79.5788169032415,43.644426073451],[-79.5821535022266,43.6413059270621],[-79.5821989417086,43.6412162317709],[-79.5820009602065,43.640658801405],[-79.5834385072063,43.6400513477328],[-79.585698756496,43.6378984091529],[-79.5852663892649,43.6369671073439],[-79.5860603957715,43.6353327606077],[-79.5859932350259,43.6349502519183],[-79.5855362638375,43.6344330247292],[-79.585836850013,43.6336496599507],[-79.5852957102758,43.632776939221],[-79.5850586331942,43.6316519421287],[-79.58603094181,43.6295852143767],[-79.5853929412272,43.6288266593885],[-79.5826079302845,43.6279992359648],[-79.5811125524417,43.6278113225709],[-79.580463947247,43.627541757111],[-79.579709578004,43.6269301900447],[-79.5768996998976,43.6261985544726],[-79.575067929032,43.6254436632234],[-79.5702192147938,43.6269680172926],[-79.5683699052207,43.6268116050382],[-79.5677051887414,43.6273295903248],[-79.567441041827,43.6280138531748],[-79.5668650124224,43.6282257242924],[-79.5647954143821,43.6281684071947],[-79.564111708416,43.6280022575921],[-79.5637636112434,43.6270347653492],[-79.5567720907607,43.6285413610649],[-79.5595890206421,43.6362468011073]]]},"properties":{"id":"12","type":"social_vulnerability","riskLevel":"medium","label":"Markland Wood","sourceName":"City of Toronto Neighbourhood Profiles 2021","sourceUrl":"https://open.toronto.ca/dataset/neighbourhood-profiles/","lastUpdated":"2026-02-20","communityNeedIndex":0.4225,"socialVulnerabilityIndex":0.4225,"population":10365,"children":1315,"childrenShare":12.69,"olderAdults":2765,"olderAdultsShare":26.68,"lowIncomeRate":6,"unemploymentRate":12.2,"tenantShelterCostBurdenRate":37.2,"visibleMinorityPopulation":1860,"visibleMinorityShare":17.95,"immigrantPopulation":3915,"immigrantShare":37.77,"tsnsDesignation":"Not an NIA or Emerging Neighbourhood","isMock":false,"scoreName":"Community Need Index","scoreMethod":"Demo composite created by this project, not an official City of Toronto index. It averages normalized children share, older-adult share, low-income rate, unemployment rate, and tenant shelter cost burden rate."},"id":143},
{"type":"Feature","geometry":{"type":"Polygon","coordinates":[[[-79.5631800162275,43.6744863366636],[-79.5683719354132,43.6741266360104],[-79.5735802784973,43.6733143984508],[-79.5776128616218,43.677355522154],[-79.5790668711474,43.674993289918],[-79.5803788507384,43.673664678879],[-79.5820114372577,43.6724708351778],[-79.5845378340099,43.6711952794064],[-79.5911965286798,43.668774410622],[-79.5887817053808,43.6646309169838],[-79.6087379833351,43.6464598977699],[-79.6082939865144,43.6460495148512],[-79.6078158141869,43.6450605190122],[-79.6071629455879,43.6447045163333],[-79.6056115065832,43.6448413766354],[-79.6047852083371,43.6444381371539],[-79.6029381966545,43.6447011971723],[-79.6019926587325,43.6441344188157],[-79.5992221933108,43.6436977250082],[-79.5983806407729,43.6431088803686],[-79.5960681724157,43.6431108650272],[-79.595053903493,43.6434762777322],[-79.5931223989697,43.6445940367974],[-79.5924559523351,43.6447250982476],[-79.5916433920246,43.644550225207],[-79.5903809114024,43.6440111574306],[-79.5884435040494,43.6426129775709],[-79.5880830658214,43.6419561648368],[-79.5882206122645,43.6414654831175],[-79.5873834641664,43.6406560111978],[-79.5867879035909,43.6392072520341],[-79.585698756496,43.6378984091529],[-79.5834385072063,43.6400513477328],[-79.5820009602065,43.640658801405],[-79.5821989417086,43.6412162317709],[-79.5821535022266,43.6413059270621],[-79.5788169032415,43.644426073451],[-79.5783306326018,43.6443767655263],[-79.5768289171447,43.6435707658168],[-79.576144776394,43.6430586762179],[-79.5758969267156,43.6425680145545],[-79.5724890212599,43.6433491334542],[-79.5737656683141,43.6452849084017],[-79.5764417037314,43.6459648949846],[-79.5769109539914,43.646266585712],[-79.5773838316486,43.6472473349967],[-79.5781093631743,43.6480881807647],[-79.5795040874844,43.6514173911685],[-79.5673015388533,43.6542560191758],[-79.5552495074396,43.6570440053383],[-79.5566347940493,43.6600835063747],[-79.5584321450664,43.664016234501],[-79.5631800162275,43.6744863366636]]]},"properties":{"id":"11","type":"social_vulnerability","riskLevel":"medium","label":"Eringate-Centennial-West Deane","sourceName":"City of Toronto Neighbourhood Profiles 2021","sourceUrl":"https://open.toronto.ca/dataset/neighbourhood-profiles/","lastUpdated":"2026-02-20","communityNeedIndex":0.4196,"socialVulnerabilityIndex":0.4196,"population":18450,"children":2640,"childrenShare":14.31,"olderAdults":3985,"olderAdultsShare":21.6,"lowIncomeRate":5.6,"unemploymentRate":12.8,"tenantShelterCostBurdenRate":40.1,"visibleMinorityPopulation":5785,"visibleMinorityShare":31.36,"immigrantPopulation":7870,"immigrantShare":42.66,"tsnsDesignation":"Not an NIA or Emerging Neighbourhood","isMock":false,"scoreName":"Community Need Index","scoreMethod":"Demo composite created by this project, not an official City of Toronto index. It averages normalized children share, older-adult share, low-income rate, unemployment rate, and tenant shelter cost burden rate."},"id":144},
{"type":"Feature","geometry":{"type":"Polygon","coordinates":[[[-79.5264015053771,43.6513700870181],[-79.5390179240293,43.6798437697652],[-79.5631800162275,43.6744863366636],[-79.5584321450664,43.664016234501],[-79.5566347940493,43.6600835063747],[-79.5552495074396,43.6570440053383],[-79.5432291299615,43.6598667688006],[-79.5404799824599,43.6535703828009],[-79.5396574221036,43.6536750508372],[-79.5401752191182,43.6544939938161],[-79.5401599504534,43.6548180477968],[-79.539403542933,43.6551783295196],[-79.5383384724844,43.6552011774269],[-79.5378679897358,43.6549898115301],[-79.5371712968256,43.6542204507757],[-79.5375227617822,43.6531671869689],[-79.5374376841383,43.6527936579737],[-79.53696411388,43.6525867631675],[-79.5355096399254,43.6525106495246],[-79.5346481618562,43.6521688168068],[-79.5325826906762,43.6520837850295],[-79.5322500696793,43.6510667085703],[-79.5322895766872,43.6503915948646],[-79.5319883419281,43.6500451091336],[-79.5311088526373,43.6500516974654],[-79.5308453237639,43.6508437356463],[-79.5293510733068,43.6511573855752],[-79.526797564501,43.6509414666103],[-79.5264015053771,43.6513700870181]]]},"properties":{"id":"10","type":"social_vulnerability","riskLevel":"medium","label":"Princess-Rosethorn","sourceName":"City of Toronto Neighbourhood Profiles 2021","sourceUrl":"https://open.toronto.ca/dataset/neighbourhood-profiles/","lastUpdated":"2026-02-20","communityNeedIndex":0.3401,"socialVulnerabilityIndex":0.3401,"population":11170,"children":1750,"childrenShare":15.67,"olderAdults":2310,"olderAdultsShare":20.68,"lowIncomeRate":5.6,"unemploymentRate":11.4,"tenantShelterCostBurdenRate":27.8,"visibleMinorityPopulation":2640,"visibleMinorityShare":23.63,"immigrantPopulation":3400,"immigrantShare":30.44,"tsnsDesignation":"Not an NIA or Emerging Neighbourhood","isMock":false,"scoreName":"Community Need Index","scoreMethod":"Demo composite created by this project, not an official City of Toronto index. It averages normalized children share, older-adult share, low-income rate, unemployment rate, and tenant shelter cost burden rate."},"id":145},
{"type":"Feature","geometry":{"type":"Polygon","coordinates":[[[-79.5055252654353,43.6628140003062],[-79.50660438284,43.6630254471871],[-79.5102506661378,43.6619448830026],[-79.5113061596472,43.6621292837233],[-79.5122149106599,43.6626422401082],[-79.5128065842252,43.6641138946399],[-79.5130788635878,43.666175169942],[-79.5128008583636,43.6668683230154],[-79.5114612043736,43.6679036816836],[-79.5112772698276,43.6682862658118],[-79.5124428464852,43.6735248831162],[-79.5120508531362,43.6743305438549],[-79.5116595137608,43.6746591330721],[-79.5088376350605,43.676396614003],[-79.5074437111493,43.6789171015152],[-79.5124884422741,43.685521302357],[-79.5196498871776,43.6839142014624],[-79.5207177307255,43.6833886148182],[-79.5228878008388,43.6831406379462],[-79.5266111164688,43.6823431881064],[-79.5390179240293,43.6798437697652],[-79.5264015053771,43.6513700870181],[-79.5262499901314,43.6515359087726],[-79.5254682375436,43.6523912063399],[-79.5217977518354,43.6563196080607],[-79.5082531866451,43.6614948416955],[-79.5055252654353,43.6628140003062]]]},"properties":{"id":"9","type":"social_vulnerability","riskLevel":"medium","label":"Edenbridge-Humber Valley","sourceName":"City of Toronto Neighbourhood Profiles 2021","sourceUrl":"https://open.toronto.ca/dataset/neighbourhood-profiles/","lastUpdated":"2026-02-20","communityNeedIndex":0.4296,"socialVulnerabilityIndex":0.4296,"population":15190,"children":2070,"childrenShare":13.63,"olderAdults":3470,"olderAdultsShare":22.84,"lowIncomeRate":8.2,"unemploymentRate":12.1,"tenantShelterCostBurdenRate":39.4,"visibleMinorityPopulation":3790,"visibleMinorityShare":24.95,"immigrantPopulation":5890,"immigrantShare":38.78,"tsnsDesignation":"Not an NIA or Emerging Neighbourhood","isMock":false,"scoreName":"Community Need Index","scoreMethod":"Demo composite created by this project, not an official City of Toronto index. It averages normalized children share, older-adult share, low-income rate, unemployment rate, and tenant shelter cost burden rate."},"id":146},
{"type":"Feature","geometry":{"type":"Polygon","coordinates":[[[-79.5132923832494,43.6933925708196],[-79.5128194346253,43.6942477923289],[-79.5126486693814,43.6951799939721],[-79.5119030991366,43.6963965272148],[-79.5122488957238,43.6969583243117],[-79.5135389159976,43.6972567601544],[-79.5163424358285,43.6968092730763],[-79.5188190937618,43.6971304078152],[-79.5194895378993,43.6974792495948],[-79.5203184385648,43.6982581571462],[-79.5214368949925,43.6998777523893],[-79.5266524578365,43.701897082498],[-79.5285732122208,43.7024237973706],[-79.5297184285625,43.7038329349631],[-79.5307444151097,43.7045932890169],[-79.5319415953973,43.7049395190043],[-79.5316556814053,43.7039224276171],[-79.5318774889237,43.70321576542],[-79.5343946905207,43.7003388101813],[-79.5327422251825,43.696169945193],[-79.5316310558884,43.6936626598297],[-79.5314105527238,43.693149080014],[-79.5266111164688,43.6823431881064],[-79.5228878008388,43.6831406379462],[-79.5207177307255,43.6833886148182],[-79.5196498871776,43.6839142014624],[-79.5124884422741,43.685521302357],[-79.5074437111493,43.6789171015152],[-79.5069399925318,43.679605733186],[-79.505765716589,43.6802449550421],[-79.5055316704232,43.6805735333118],[-79.5057055034139,43.6819686199399],[-79.5064086848553,43.6823510936196],[-79.5088951685612,43.6824497432154],[-79.5095406673816,43.6829222244047],[-79.5102363227377,43.6841328582496],[-79.511267976756,43.6868109921665],[-79.512555567087,43.6888303810161],[-79.5132770966182,43.6915819076372],[-79.5132923832494,43.6933925708196]]]},"properties":{"id":"8","type":"social_vulnerability","riskLevel":"medium","label":"Humber Heights-Westmount","sourceName":"City of Toronto Neighbourhood Profiles 2021","sourceUrl":"https://open.toronto.ca/dataset/neighbourhood-profiles/","lastUpdated":"2026-02-20","communityNeedIndex":0.4639,"socialVulnerabilityIndex":0.4639,"population":10005,"children":1370,"childrenShare":13.69,"olderAdults":2385,"olderAdultsShare":23.84,"lowIncomeRate":10.2,"unemploymentRate":12.9,"tenantShelterCostBurdenRate":39,"visibleMinorityPopulation":3160,"visibleMinorityShare":31.58,"immigrantPopulation":4710,"immigrantShare":47.08,"tsnsDesignation":"Emerging Neighbourhood","isMock":false,"scoreName":"Community Need Index","scoreMethod":"Demo composite created by this project, not an official City of Toronto index. It averages normalized children share, older-adult share, low-income rate, unemployment rate, and tenant shelter cost burden rate."},"id":147},
{"type":"Feature","geometry":{"type":"Polygon","coordinates":[[[-79.5266111164688,43.6823431881064],[-79.5314105527238,43.693149080014],[-79.5316310558884,43.6936626598297],[-79.5327422251825,43.696169945193],[-79.5337877545787,43.6958664950189],[-79.5346928368719,43.6951926930856],[-79.5349036993168,43.6947468676372],[-79.5348927578367,43.6935479523488],[-79.5361082565695,43.6912559254935],[-79.536780014044,43.6907956279883],[-79.5415673320258,43.6889339404674],[-79.5447284711713,43.6881720561836],[-79.5470458883474,43.6880151251138],[-79.5491593062073,43.6875567352589],[-79.5547064057817,43.6856339841213],[-79.5586524236522,43.6942582254833],[-79.5694561606387,43.6918801227623],[-79.5743966467663,43.683556443202],[-79.5776128616218,43.677355522154],[-79.5735802784973,43.6733143984508],[-79.5683719354132,43.6741266360104],[-79.5631800162275,43.6744863366636],[-79.5390179240293,43.6798437697652],[-79.5266111164688,43.6823431881064]]]},"properties":{"id":"7","type":"social_vulnerability","riskLevel":"high","label":"Willowridge-Martingrove-Richview","sourceName":"City of Toronto Neighbourhood Profiles 2021","sourceUrl":"https://open.toronto.ca/dataset/neighbourhood-profiles/","lastUpdated":"2026-02-20","communityNeedIndex":0.5052,"socialVulnerabilityIndex":0.5052,"population":22445,"children":3500,"childrenShare":15.59,"olderAdults":5085,"olderAdultsShare":22.66,"lowIncomeRate":9.5,"unemploymentRate":14.3,"tenantShelterCostBurdenRate":42.2,"visibleMinorityPopulation":9785,"visibleMinorityShare":43.6,"immigrantPopulation":10275,"immigrantShare":45.78,"tsnsDesignation":"Not an NIA or Emerging Neighbourhood","isMock":false,"scoreName":"Community Need Index","scoreMethod":"Demo composite created by this project, not an official City of Toronto index. It averages normalized children share, older-adult share, low-income rate, unemployment rate, and tenant shelter cost burden rate."},"id":148},
{"type":"Feature","geometry":{"type":"Polygon","coordinates":[[[-79.535840034897,43.7081248770389],[-79.5362973456486,43.7083453001397],[-79.5374158119577,43.7082696617529],[-79.5381312185719,43.7084965993545],[-79.5389051701898,43.7090085645914],[-79.5393292576489,43.7096676282163],[-79.5396014292137,43.710720700558],[-79.5391307560222,43.7113869736879],[-79.538123400534,43.7120984321954],[-79.5378451689343,43.7129986867896],[-79.5523603053986,43.7094778657885],[-79.5541618353784,43.708617251693],[-79.5558485741396,43.7073157661062],[-79.5694561606387,43.6918801227623],[-79.5586524236522,43.6942582254833],[-79.5547064057817,43.6856339841213],[-79.5491593062073,43.6875567352589],[-79.5470458883474,43.6880151251138],[-79.5447284711713,43.6881720561836],[-79.5415673320258,43.6889339404674],[-79.536780014044,43.6907956279883],[-79.5361082565695,43.6912559254935],[-79.5348927578367,43.6935479523488],[-79.5349036993168,43.6947468676372],[-79.5346928368719,43.6951926930856],[-79.5337877545787,43.6958664950189],[-79.5327422251825,43.696169945193],[-79.5343946905207,43.7003388101813],[-79.5318774889237,43.70321576542],[-79.5316556814053,43.7039224276171],[-79.5319415953973,43.7049395190043],[-79.5331739294569,43.7050156694226],[-79.535440413953,43.7044891981192],[-79.5359644937847,43.7045979491304],[-79.5354460374067,43.7067882656071],[-79.535840034897,43.7081248770389]]]},"properties":{"id":"6","type":"social_vulnerability","riskLevel":"high","label":"Kingsview Village-The Westway","sourceName":"City of Toronto Neighbourhood Profiles 2021","sourceUrl":"https://open.toronto.ca/dataset/neighbourhood-profiles/","lastUpdated":"2026-02-20","communityNeedIndex":0.5576,"socialVulnerabilityIndex":0.5576,"population":22005,"children":3915,"childrenShare":17.79,"olderAdults":3705,"olderAdultsShare":16.84,"lowIncomeRate":14.7,"unemploymentRate":18.1,"tenantShelterCostBurdenRate":38.1,"visibleMinorityPopulation":13825,"visibleMinorityShare":62.83,"immigrantPopulation":11150,"immigrantShare":50.67,"tsnsDesignation":"Neighbourhood Improvement Area","isMock":false,"scoreName":"Community Need Index","scoreMethod":"Demo composite created by this project, not an official City of Toronto index. It averages normalized children share, older-adult share, low-income rate, unemployment rate, and tenant shelter cost burden rate."},"id":149},
{"type":"Feature","geometry":{"type":"Polygon","coordinates":[[[-79.5444137419199,43.7323903598242],[-79.544985199798,43.7322783851706],[-79.5455921519097,43.731490960657],[-79.54632757209,43.7314518244301],[-79.5475591102423,43.7319616170257],[-79.5478094752035,43.7323991246408],[-79.5489503526824,43.7328794518973],[-79.5492823843844,43.7327359735588],[-79.5492673196371,43.7321517905385],[-79.5498761393462,43.7317676248545],[-79.5497136493826,43.7306735766955],[-79.5510273582305,43.7301679294871],[-79.5546758073665,43.7294403468341],[-79.5552316821694,43.7290793094043],[-79.5556678636472,43.7281501613773],[-79.5565678120685,43.7277678512668],[-79.5577634131178,43.7278998859557],[-79.5595646897727,43.7289989675661],[-79.5621352737554,43.7300693850046],[-79.5581399716135,43.7214962909386],[-79.5575683116145,43.7203174881721],[-79.5551195463708,43.7151110453081],[-79.5523603053986,43.7094778657885],[-79.5378451689343,43.7129986867896],[-79.5378499030558,43.7137188313811],[-79.5382099226689,43.7145873786726],[-79.5402605240359,43.7150637777191],[-79.5407408163874,43.7153651588478],[-79.5406250361237,43.7161978792097],[-79.5409189990207,43.7167513878546],[-79.5432661728906,43.7169440320815],[-79.5440811847034,43.7177133821858],[-79.5428067744543,43.7203693631102],[-79.5412303937257,43.7216886167256],[-79.5407910115506,43.7222738645786],[-79.5407677523712,43.7239211372345],[-79.5413423857939,43.7252891646353],[-79.5411481457749,43.7259328508138],[-79.5404734669791,43.726239152498],[-79.5396112424098,43.7262394543612],[-79.5388166924225,43.726455765884],[-79.5382821660823,43.7269150365912],[-79.5388671912162,43.7292687624412],[-79.5385660202374,43.7301600224881],[-79.5384658922192,43.7317803512691],[-79.5389254020466,43.7320772454339],[-79.5394943895577,43.7319555245153],[-79.5392435853202,43.7311319621255],[-79.5395991897137,43.7304387077105],[-79.5401491248559,43.7297903910254],[-79.5411527918616,43.7296009811828],[-79.5436007234687,43.7300456165791],[-79.5448317414964,43.7308102637035],[-79.5448582930012,43.7310262828454],[-79.5438456877584,43.7317918171134],[-79.5440799764694,43.7322823031543],[-79.5444137419199,43.7323903598242]]]},"properties":{"id":"5","type":"social_vulnerability","riskLevel":"medium","label":"Elms-Old Rexdale","sourceName":"City of Toronto Neighbourhood Profiles 2021","sourceUrl":"https://open.toronto.ca/dataset/neighbourhood-profiles/","lastUpdated":"2026-02-20","communityNeedIndex":0.4771,"socialVulnerabilityIndex":0.4771,"population":9355,"children":1610,"childrenShare":17.21,"olderAdults":1390,"olderAdultsShare":14.86,"lowIncomeRate":12.4,"unemploymentRate":18.5,"tenantShelterCostBurdenRate":29.3,"visibleMinorityPopulation":6465,"visibleMinorityShare":69.11,"immigrantPopulation":4600,"immigrantShare":49.17,"tsnsDesignation":"Neighbourhood Improvement Area","isMock":false,"scoreName":"Community Need Index","scoreMethod":"Demo composite created by this project, not an official City of Toronto index. It averages normalized children share, older-adult share, low-income rate, unemployment rate, and tenant shelter cost burden rate."},"id":150},
{"type":"Feature","geometry":{"type":"Polygon","coordinates":[[[-79.5667056441045,43.711711989283],[-79.5549669468585,43.7144899513187],[-79.5551195463708,43.7151110453081],[-79.5575683116145,43.7203174881721],[-79.5581399716135,43.7214962909386],[-79.5621352737554,43.7300693850046],[-79.5665844928137,43.7319157784317],[-79.5671363422658,43.7324735414719],[-79.5677898756181,43.7340483893588],[-79.5684573427389,43.7349211101786],[-79.5694295767944,43.735649632302],[-79.5705694158208,43.7360809838871],[-79.572685489999,43.7360166138295],[-79.5738710496801,43.7357367972795],[-79.57602295496,43.7343626273862],[-79.5775180947493,43.7338440159801],[-79.5678843011309,43.7141597193868],[-79.5667056441045,43.711711989283]]]},"properties":{"id":"4","type":"social_vulnerability","riskLevel":"medium","label":"Rexdale-Kipling","sourceName":"City of Toronto Neighbourhood Profiles 2021","sourceUrl":"https://open.toronto.ca/dataset/neighbourhood-profiles/","lastUpdated":"2026-02-20","communityNeedIndex":0.4608,"socialVulnerabilityIndex":0.4608,"population":10375,"children":1575,"childrenShare":15.18,"olderAdults":1850,"olderAdultsShare":17.83,"lowIncomeRate":13.5,"unemploymentRate":13.9,"tenantShelterCostBurdenRate":36.7,"visibleMinorityPopulation":5985,"visibleMinorityShare":57.69,"immigrantPopulation":4820,"immigrantShare":46.46,"tsnsDesignation":"Not an NIA or Emerging Neighbourhood","isMock":false,"scoreName":"Community Need Index","scoreMethod":"Demo composite created by this project, not an official City of Toronto index. It averages normalized children share, older-adult share, low-income rate, unemployment rate, and tenant shelter cost burden rate."},"id":151},
{"type":"Feature","geometry":{"type":"Polygon","coordinates":[[[-79.5489503526824,43.7328794518973],[-79.5491921935299,43.7331077639029],[-79.5500179923127,43.7333111655078],[-79.550460700051,43.7337393579556],[-79.5505611128352,43.7347255957743],[-79.5490857018462,43.7358026604862],[-79.5491645838096,43.7359418846584],[-79.5502884013829,43.7358803495614],[-79.5505170774199,43.7365688152085],[-79.5500564878176,43.7372012729897],[-79.5498837678396,43.7379822404028],[-79.5488779646401,43.738032766915],[-79.5483678392381,43.7385000663346],[-79.5482204751073,43.7389932700887],[-79.5464299243369,43.7397982882768],[-79.5461045698123,43.7403702854372],[-79.5464070190938,43.7409554766723],[-79.5476175438549,43.7417424866346],[-79.5491317701489,43.7417686504192],[-79.5493517900199,43.7419585721287],[-79.5493411728315,43.7425456084979],[-79.5499884592994,43.742292942632],[-79.5503957931785,43.7423457720298],[-79.5498327839556,43.7432832702959],[-79.5500116097826,43.7438690099991],[-79.5512128774047,43.744246834812],[-79.5543754565496,43.7432308823855],[-79.5564629301658,43.7431101361995],[-79.5569838398428,43.7422696593137],[-79.5567969049238,43.7414215039495],[-79.557642358845,43.7409642603546],[-79.5581759006316,43.7411796769362],[-79.5583795576897,43.741469799532],[-79.5583394371325,43.7418472410014],[-79.5578523651955,43.7421402535857],[-79.5583921269171,43.7427401440037],[-79.5591518653906,43.7430079988086],[-79.5595654632221,43.7425280370531],[-79.5603591705897,43.7426075520993],[-79.5597325920858,43.7414198911756],[-79.5587051161318,43.7406858700882],[-79.5586760259879,43.7402650598965],[-79.5592757358817,43.7398872307227],[-79.5610512677189,43.7398136110159],[-79.562529987203,43.7401788458306],[-79.5633508722012,43.7408980147178],[-79.5632990924099,43.7416554322927],[-79.5630400164854,43.7418537193088],[-79.5627176659271,43.7420339570658],[-79.5613775133722,43.742188191641],[-79.5609826732621,43.7426386439391],[-79.5622961629211,43.7428623264973],[-79.5624519891819,43.7434576006134],[-79.5621693100232,43.7440826548115],[-79.5623559323285,43.7443216165684],[-79.5647999248231,43.7455584363296],[-79.5686243826693,43.7462562913418],[-79.5794551643357,43.743666377603],[-79.5800210355911,43.7448567533659],[-79.5825674602826,43.7442222283482],[-79.5775180947493,43.7338440159801],[-79.57602295496,43.7343626273862],[-79.5738710496801,43.7357367972795],[-79.572685489999,43.7360166138295],[-79.5705694158208,43.7360809838871],[-79.5694295767944,43.735649632302],[-79.5684573427389,43.7349211101786],[-79.5677898756181,43.7340483893588],[-79.5671363422658,43.7324735414719],[-79.5665844928137,43.7319157784317],[-79.5621352737554,43.7300693850046],[-79.5595646897727,43.7289989675661],[-79.5577634131178,43.7278998859557],[-79.5565678120685,43.7277678512668],[-79.5556678636472,43.7281501613773],[-79.5552316821694,43.7290793094043],[-79.5546758073665,43.7294403468341],[-79.5510273582305,43.7301679294871],[-79.5497136493826,43.7306735766955],[-79.5498761393462,43.7317676248545],[-79.5492673196371,43.7321517905385],[-79.5492823843844,43.7327359735588],[-79.5489503526824,43.7328794518973]]]},"properties":{"id":"3","type":"social_vulnerability","riskLevel":"medium","label":"Thistletown-Beaumond Heights","sourceName":"City of Toronto Neighbourhood Profiles 2021","sourceUrl":"https://open.toronto.ca/dataset/neighbourhood-profiles/","lastUpdated":"2026-02-20","communityNeedIndex":0.4547,"socialVulnerabilityIndex":0.4547,"population":9850,"children":1495,"childrenShare":15.18,"olderAdults":1740,"olderAdultsShare":17.66,"lowIncomeRate":11.8,"unemploymentRate":16.6,"tenantShelterCostBurdenRate":30.9,"visibleMinorityPopulation":6705,"visibleMinorityShare":68.07,"immigrantPopulation":5210,"immigrantShare":52.89,"tsnsDesignation":"Neighbourhood Improvement Area","isMock":false,"scoreName":"Community Need Index","scoreMethod":"Demo composite created by this project, not an official City of Toronto index. It averages normalized children share, older-adult share, low-income rate, unemployment rate, and tenant shelter cost burden rate."},"id":152},
{"type":"Feature","geometry":{"type":"Polygon","coordinates":[[[-79.5686243826693,43.7462562913418],[-79.5712753991077,43.7468076941795],[-79.5724697371257,43.7468489969314],[-79.5731179605364,43.7471743834339],[-79.5733457705975,43.7480118089676],[-79.5726980969557,43.7497189232742],[-79.573272284814,43.7503693622156],[-79.5755250017301,43.7500388647445],[-79.5778989337173,43.750369137694],[-79.5789126313115,43.7508008420081],[-79.580006273576,43.7515784154609],[-79.5825575653397,43.7524064399843],[-79.5831059158538,43.7527580791934],[-79.5831284087702,43.7537307239685],[-79.5841378528415,43.7544097737463],[-79.5841660060425,43.7552438219853],[-79.5851246009771,43.7563024265693],[-79.5851213347027,43.7569600836237],[-79.5838648215889,43.7574441243462],[-79.5840900795363,43.7583989762947],[-79.583822282767,43.7587043132257],[-79.58241446102,43.7585200205907],[-79.5807698945681,43.7589357267042],[-79.580577938965,43.7592446118353],[-79.5807821170459,43.7597969253167],[-79.5806260733928,43.7603724814384],[-79.5793319864457,43.7608500176565],[-79.5787636169755,43.761465732614],[-79.5775372890519,43.7621349084344],[-79.5779418579165,43.7624318532004],[-79.5793856464109,43.7622269097684],[-79.5806471873953,43.7630265116438],[-79.603384378178,43.7578696527151],[-79.6007777744473,43.7550721772172],[-79.6000562682723,43.7540358731902],[-79.5976199680515,43.7488397854965],[-79.5965478727774,43.7466925757334],[-79.5876536540476,43.7280833017507],[-79.5864537141355,43.7288735513311],[-79.5857468567879,43.7290721026808],[-79.5833500195575,43.7288352975225],[-79.5812401716025,43.7283241780774],[-79.5795117483172,43.7286400138185],[-79.5792065528859,43.7290227967768],[-79.5805382558873,43.7318661938053],[-79.5804378970021,43.7325368566561],[-79.5798173309223,43.7332258585968],[-79.5775180947493,43.7338440159801],[-79.5825674602826,43.7442222283482],[-79.5800210355911,43.7448567533659],[-79.5794551643357,43.743666377603],[-79.5686243826693,43.7462562913418]]]},"properties":{"id":"2","type":"social_vulnerability","riskLevel":"high","label":"Mount Olive-Silverstone-Jamestown","sourceName":"City of Toronto Neighbourhood Profiles 2021","sourceUrl":"https://open.toronto.ca/dataset/neighbourhood-profiles/","lastUpdated":"2026-02-20","communityNeedIndex":0.5041,"socialVulnerabilityIndex":0.5041,"population":31345,"children":5690,"childrenShare":18.15,"olderAdults":4170,"olderAdultsShare":13.3,"lowIncomeRate":15.6,"unemploymentRate":17.7,"tenantShelterCostBurdenRate":32.3,"visibleMinorityPopulation":27975,"visibleMinorityShare":89.25,"immigrantPopulation":19810,"immigrantShare":63.2,"tsnsDesignation":"Neighbourhood Improvement Area","isMock":false,"scoreName":"Community Need Index","scoreMethod":"Demo composite created by this project, not an official City of Toronto index. It averages normalized children share, older-adult share, low-income rate, unemployment rate, and tenant shelter cost burden rate."},"id":153},
{"type":"Feature","geometry":{"type":"Polygon","coordinates":[[[-79.5775180947493,43.7338440159801],[-79.5798173309223,43.7332258585968],[-79.5804378970021,43.7325368566561],[-79.5805382558873,43.7318661938053],[-79.5792065528859,43.7290227967768],[-79.5795117483172,43.7286400138185],[-79.5812401716025,43.7283241780774],[-79.5833500195575,43.7288352975225],[-79.5857468567879,43.7290721026808],[-79.5864537141355,43.7288735513311],[-79.5876536540476,43.7280833017507],[-79.5965478727774,43.7466925757334],[-79.5976199680515,43.7488397854965],[-79.6000562682723,43.7540358731902],[-79.6007777744473,43.7550721772172],[-79.603384378178,43.7578696527151],[-79.6317251779563,43.7515180534128],[-79.6364581451685,43.751063638267],[-79.6392682559386,43.7498793358077],[-79.6376152758658,43.7483095473795],[-79.6303580310271,43.7354781338503],[-79.6292636916699,43.7346475280871],[-79.6288198816987,43.7336629616818],[-79.6281849883885,43.7335378927394],[-79.6277928019018,43.7331870318226],[-79.6269488050479,43.7314325964416],[-79.6259434375314,43.7281958113549],[-79.6155676085389,43.7101753361036],[-79.6058878849584,43.6946884338517],[-79.6021938472201,43.6878060287723],[-79.6001529889807,43.6851160214697],[-79.5999573323185,43.6837337089214],[-79.5947506780671,43.6750262458213],[-79.5945549666078,43.674219925199],[-79.5911965286798,43.668774410622],[-79.5845378340099,43.6711952794064],[-79.5820114372577,43.6724708351778],[-79.5803788507384,43.673664678879],[-79.5790668711474,43.674993289918],[-79.5776128616218,43.677355522154],[-79.5743966467663,43.683556443202],[-79.5694561606387,43.6918801227623],[-79.5558485741396,43.7073157661062],[-79.5541618353784,43.708617251693],[-79.5523603053986,43.7094778657885],[-79.5551195463708,43.7151110453081],[-79.5549669468585,43.7144899513187],[-79.5667056441045,43.711711989283],[-79.5678843011309,43.7141597193868],[-79.5775180947493,43.7338440159801]]]},"properties":{"id":"1","type":"social_vulnerability","riskLevel":"medium","label":"West Humber-Clairville","sourceName":"City of Toronto Neighbourhood Profiles 2021","sourceUrl":"https://open.toronto.ca/dataset/neighbourhood-profiles/","lastUpdated":"2026-02-20","communityNeedIndex":0.3781,"socialVulnerabilityIndex":0.3781,"population":33300,"children":4295,"childrenShare":12.9,"olderAdults":5360,"olderAdultsShare":16.1,"lowIncomeRate":8.7,"unemploymentRate":14.3,"tenantShelterCostBurdenRate":34.1,"visibleMinorityPopulation":28035,"visibleMinorityShare":84.19,"immigrantPopulation":18805,"immigrantShare":56.47,"tsnsDesignation":"Not an NIA or Emerging Neighbourhood","isMock":false,"scoreName":"Community Need Index","scoreMethod":"Demo composite created by this project, not an official City of Toronto index. It averages normalized children share, older-adult share, low-income rate, unemployment rate, and tenant shelter cost burden rate."},"id":154},
{"type":"Feature","geometry":{"type":"Polygon","coordinates":[[[-79.5052911995065,43.7598820853701],[-79.5048858347346,43.7599725745658],[-79.504977871627,43.76056465124],[-79.5055399412121,43.7606717569889],[-79.5059205564996,43.760560626758],[-79.5062180291144,43.7608513496285],[-79.5067064359478,43.7606706501448],[-79.5070048814381,43.7608543470517],[-79.507399165491,43.7608184882577],[-79.5074464339429,43.7613213191052],[-79.5081784728646,43.7616852496926],[-79.508330400437,43.762221456789],[-79.5087011612059,43.7622897302613],[-79.5086912644664,43.7625630069747],[-79.5081339029518,43.7627228290822],[-79.5084694892874,43.7628509894369],[-79.5084056954275,43.763157673846],[-79.5080347523006,43.7633435033954],[-79.5073832194964,43.7633398748477],[-79.5072147090238,43.7646037503219],[-79.5076140640665,43.7650743961586],[-79.5090236141721,43.7658600782679],[-79.5093370004421,43.7667792455866],[-79.5099161559839,43.7667612933162],[-79.5098594462383,43.7670839182705],[-79.5103557753143,43.7671622654268],[-79.5100562329811,43.7673500656811],[-79.5101368585745,43.7675138802011],[-79.5105179257146,43.7675086975714],[-79.5109384360822,43.767888787029],[-79.510964696533,43.7681752823017],[-79.5113390766141,43.7683217214105],[-79.5112374367313,43.7687916030101],[-79.5116473299106,43.7688581615897],[-79.5119040073334,43.7692194508705],[-79.5122101828266,43.7692018755799],[-79.5122564999627,43.7698074783383],[-79.5138858166143,43.7701421979463],[-79.5149586727615,43.7694739867911],[-79.5153669552615,43.7700090440004],[-79.5160192893629,43.7699912217894],[-79.5167069595944,43.7705992329154],[-79.5170307438638,43.7718510953137],[-79.5180834966133,43.7724210587665],[-79.5181494563113,43.7728324020317],[-79.5188302876685,43.7732376956725],[-79.5189342434082,43.7735805425404],[-79.518591615179,43.7738451607109],[-79.5186231208927,43.774097926241],[-79.5190106496146,43.7739701804702],[-79.5203830714512,43.7744339003179],[-79.5217387441993,43.7754793522409],[-79.5234511909473,43.7749998098071],[-79.534884746661,43.7726967327163],[-79.5305672394879,43.7545185840416],[-79.5189704113781,43.7571386460271],[-79.5160135527215,43.7574777947142],[-79.5052911995065,43.7598820853701]]]},"properties":{"id":"24","type":"social_vulnerability","riskLevel":"high","label":"Black Creek","sourceName":"City of Toronto Neighbourhood Profiles 2021","sourceUrl":"https://open.toronto.ca/dataset/neighbourhood-profiles/","lastUpdated":"2026-02-20","communityNeedIndex":0.5548,"socialVulnerabilityIndex":0.5548,"population":21145,"children":4005,"childrenShare":18.94,"olderAdults":3010,"olderAdultsShare":14.24,"lowIncomeRate":19.4,"unemploymentRate":19.5,"tenantShelterCostBurdenRate":28.2,"visibleMinorityPopulation":17850,"visibleMinorityShare":84.42,"immigrantPopulation":12400,"immigrantShare":58.64,"tsnsDesignation":"Neighbourhood Improvement Area","isMock":false,"scoreName":"Community Need Index","scoreMethod":"Demo composite created by this project, not an official City of Toronto index. It averages normalized children share, older-adult share, low-income rate, unemployment rate, and tenant shelter cost burden rate."},"id":155},
{"type":"Feature","geometry":{"type":"Polygon","coordinates":[[[-79.5322544184236,43.7350563361662],[-79.5354546369789,43.7343385932433],[-79.5382321389042,43.733755398837],[-79.5444137419199,43.7323903598242],[-79.5440799764694,43.7322823031543],[-79.5438456877584,43.7317918171134],[-79.5448582930012,43.7310262828454],[-79.5448317414964,43.7308102637035],[-79.5436007234687,43.7300456165791],[-79.5411527918616,43.7296009811828],[-79.5401491248559,43.7297903910254],[-79.5395991897137,43.7304387077105],[-79.5392435853202,43.7311319621255],[-79.5394943895577,43.7319555245153],[-79.5389254020466,43.7320772454339],[-79.5384658922192,43.7317803512691],[-79.5385660202374,43.7301600224881],[-79.5388671912162,43.7292687624412],[-79.5382821660823,43.7269150365912],[-79.5388166924225,43.726455765884],[-79.5396112424098,43.7262394543612],[-79.5404734669791,43.726239152498],[-79.5411481457749,43.7259328508138],[-79.5413423857939,43.7252891646353],[-79.5407677523712,43.7239211372345],[-79.5407910115506,43.7222738645786],[-79.5412303937257,43.7216886167256],[-79.5428067744543,43.7203693631102],[-79.5440811847034,43.7177133821858],[-79.5432661728906,43.7169440320815],[-79.5409189990207,43.7167513878546],[-79.5406250361237,43.7161978792097],[-79.5407408163874,43.7153651588478],[-79.5402605240359,43.7150637777191],[-79.5382099226689,43.7145873786726],[-79.5378499030558,43.7137188313811],[-79.5378451689343,43.7129986867896],[-79.538123400534,43.7120984321954],[-79.5391307560222,43.7113869736879],[-79.5396014292137,43.710720700558],[-79.5393292576489,43.7096676282163],[-79.5389051701898,43.7090085645914],[-79.5381312185719,43.7084965993545],[-79.5374158119577,43.7082696617529],[-79.5362973456486,43.7083453001397],[-79.535840034897,43.7081248770389],[-79.5323017407745,43.7089754624202],[-79.5325526186738,43.7099637040658],[-79.5323504438359,43.7104517643398],[-79.5308679586141,43.7106877649132],[-79.531545335949,43.7091659965714],[-79.5308131092795,43.7093032320061],[-79.5300384147549,43.7078975029541],[-79.5288336850257,43.7069434981338],[-79.5254657348372,43.7058801399981],[-79.5231158211057,43.7064518513255],[-79.5237238574838,43.7075593065315],[-79.5223408966123,43.707884027291],[-79.5222383081086,43.7076945338995],[-79.5208478139651,43.7080484831622],[-79.5202918753819,43.7068960072108],[-79.5057915566282,43.7102097687629],[-79.5078334425404,43.7177637582895],[-79.5247153442326,43.7159186803787],[-79.5296630087976,43.7149132054065],[-79.5285854697329,43.7186095679782],[-79.5285126478044,43.7200550614028],[-79.5322544184236,43.7350563361662]]]},"properties":{"id":"23","type":"social_vulnerability","riskLevel":"medium","label":"Pelmo Park-Humberlea","sourceName":"City of Toronto Neighbourhood Profiles 2021","sourceUrl":"https://open.toronto.ca/dataset/neighbourhood-profiles/","lastUpdated":"2026-02-20","communityNeedIndex":0.4162,"socialVulnerabilityIndex":0.4162,"population":11290,"children":1690,"childrenShare":14.97,"olderAdults":1770,"olderAdultsShare":15.68,"lowIncomeRate":7.7,"unemploymentRate":13.8,"tenantShelterCostBurdenRate":41,"visibleMinorityPopulation":5890,"visibleMinorityShare":52.17,"immigrantPopulation":5260,"immigrantShare":46.59,"tsnsDesignation":"Not an NIA or Emerging Neighbourhood","isMock":false,"scoreName":"Community Need Index","scoreMethod":"Demo composite created by this project, not an official City of Toronto index. It averages normalized children share, older-adult share, low-income rate, unemployment rate, and tenant shelter cost burden rate."},"id":156},
{"type":"Feature","geometry":{"type":"Polygon","coordinates":[[[-79.52628340207,43.7364101726844],[-79.5305672394879,43.7545185840416],[-79.5455696670781,43.7514055266294],[-79.5459281254192,43.7513312949021],[-79.5490790659912,43.7506572171326],[-79.5644189726673,43.7473190731408],[-79.5686243826693,43.7462562913418],[-79.5647999248231,43.7455584363296],[-79.5623559323285,43.7443216165684],[-79.5621693100232,43.7440826548115],[-79.5624519891819,43.7434576006134],[-79.5622961629211,43.7428623264973],[-79.5609826732621,43.7426386439391],[-79.5613775133722,43.742188191641],[-79.5627176659271,43.7420339570658],[-79.5630400164854,43.7418537193088],[-79.5632990924099,43.7416554322927],[-79.5633508722012,43.7408980147178],[-79.562529987203,43.7401788458306],[-79.5610512677189,43.7398136110159],[-79.5592757358817,43.7398872307227],[-79.5586760259879,43.7402650598965],[-79.5587051161318,43.7406858700882],[-79.5597325920858,43.7414198911756],[-79.5603591705897,43.7426075520993],[-79.5595654632221,43.7425280370531],[-79.5591518653906,43.7430079988086],[-79.5583921269171,43.7427401440037],[-79.5578523651955,43.7421402535857],[-79.5583394371325,43.7418472410014],[-79.5583795576897,43.741469799532],[-79.5581759006316,43.7411796769362],[-79.557642358845,43.7409642603546],[-79.5567969049238,43.7414215039495],[-79.5569838398428,43.7422696593137],[-79.5564629301658,43.7431101361995],[-79.5543754565496,43.7432308823855],[-79.5512128774047,43.744246834812],[-79.5500116097826,43.7438690099991],[-79.5498327839556,43.7432832702959],[-79.5503957931785,43.7423457720298],[-79.5499884592994,43.742292942632],[-79.5493411728315,43.7425456084979],[-79.5493517900199,43.7419585721287],[-79.5491317701489,43.7417686504192],[-79.5476175438549,43.7417424866346],[-79.5464070190938,43.7409554766723],[-79.5461045698123,43.7403702854372],[-79.5464299243369,43.7397982882768],[-79.5482204751073,43.7389932700887],[-79.5483678392381,43.7385000663346],[-79.5488779646401,43.738032766915],[-79.5498837678396,43.7379822404028],[-79.5500564878176,43.7372012729897],[-79.5505170774199,43.7365688152085],[-79.5502884013829,43.7358803495614],[-79.5491645838096,43.7359418846584],[-79.5490857018462,43.7358026604862],[-79.5505611128352,43.7347255957743],[-79.550460700051,43.7337393579556],[-79.5500179923127,43.7333111655078],[-79.5491921935299,43.7331077639029],[-79.5489503526824,43.7328794518973],[-79.5478094752035,43.7323991246408],[-79.5475591102423,43.7319616170257],[-79.54632757209,43.7314518244301],[-79.5455921519097,43.731490960657],[-79.544985199798,43.7322783851706],[-79.5444137419199,43.7323903598242],[-79.5382321389042,43.733755398837],[-79.5354546369789,43.7343385932433],[-79.5322544184236,43.7350563361662],[-79.52628340207,43.7364101726844]]]},"properties":{"id":"22","type":"social_vulnerability","riskLevel":"medium","label":"Humbermede","sourceName":"City of Toronto Neighbourhood Profiles 2021","sourceUrl":"https://open.toronto.ca/dataset/neighbourhood-profiles/","lastUpdated":"2026-02-20","communityNeedIndex":0.4783,"socialVulnerabilityIndex":0.4783,"population":16955,"children":3025,"childrenShare":17.84,"olderAdults":2415,"olderAdultsShare":14.24,"lowIncomeRate":13.3,"unemploymentRate":16.2,"tenantShelterCostBurdenRate":34.3,"visibleMinorityPopulation":13720,"visibleMinorityShare":80.92,"immigrantPopulation":9985,"immigrantShare":58.89,"tsnsDesignation":"Neighbourhood Improvement Area","isMock":false,"scoreName":"Community Need Index","scoreMethod":"Demo composite created by this project, not an official City of Toronto index. It averages normalized children share, older-adult share, low-income rate, unemployment rate, and tenant shelter cost burden rate."},"id":157},
{"type":"Feature","geometry":{"type":"Polygon","coordinates":[[[-79.5305672394879,43.7545185840416],[-79.534884746661,43.7726967327163],[-79.5647875963441,43.7665539845217],[-79.5806471873953,43.7630265116438],[-79.5793856464109,43.7622269097684],[-79.5779418579165,43.7624318532004],[-79.5775372890519,43.7621349084344],[-79.5787636169755,43.761465732614],[-79.5793319864457,43.7608500176565],[-79.5806260733928,43.7603724814384],[-79.5807821170459,43.7597969253167],[-79.580577938965,43.7592446118353],[-79.5807698945681,43.7589357267042],[-79.58241446102,43.7585200205907],[-79.583822282767,43.7587043132257],[-79.5840900795363,43.7583989762947],[-79.5838648215889,43.7574441243462],[-79.5851213347027,43.7569600836237],[-79.5851246009771,43.7563024265693],[-79.5841660060425,43.7552438219853],[-79.5841378528415,43.7544097737463],[-79.5831284087702,43.7537307239685],[-79.5831059158538,43.7527580791934],[-79.5825575653397,43.7524064399843],[-79.580006273576,43.7515784154609],[-79.5789126313115,43.7508008420081],[-79.5778989337173,43.750369137694],[-79.5755250017301,43.7500388647445],[-79.573272284814,43.7503693622156],[-79.5726980969557,43.7497189232742],[-79.5733457705975,43.7480118089676],[-79.5731179605364,43.7471743834339],[-79.5724697371257,43.7468489969314],[-79.5712753991077,43.7468076941795],[-79.5686243826693,43.7462562913418],[-79.5644189726673,43.7473190731408],[-79.5490790659912,43.7506572171326],[-79.5459281254192,43.7513312949021],[-79.5455696670781,43.7514055266294],[-79.5305672394879,43.7545185840416]]]},"properties":{"id":"21","type":"social_vulnerability","riskLevel":"high","label":"Humber Summit","sourceName":"City of Toronto Neighbourhood Profiles 2021","sourceUrl":"https://open.toronto.ca/dataset/neighbourhood-profiles/","lastUpdated":"2026-02-20","communityNeedIndex":0.5384,"socialVulnerabilityIndex":0.5384,"population":12185,"children":1840,"childrenShare":15.1,"olderAdults":2410,"olderAdultsShare":19.78,"lowIncomeRate":12.2,"unemploymentRate":17.4,"tenantShelterCostBurdenRate":40.9,"visibleMinorityPopulation":8000,"visibleMinorityShare":65.65,"immigrantPopulation":6785,"immigrantShare":55.68,"tsnsDesignation":"Neighbourhood Improvement Area","isMock":false,"scoreName":"Community Need Index","scoreMethod":"Demo composite created by this project, not an official City of Toronto index. It averages normalized children share, older-adult share, low-income rate, unemployment rate, and tenant shelter cost burden rate."},"id":158}
]}